厂区,年份,类别,排放口类型,排放方式,排放口编号,排放口名称,污染物,单位,月份,年月,排放量,原始值,备注
鸿富锦精密电子（郑州）,2020,废气-全厂合计,全厂合计,,,,锡及其化合物,吨,1,2020-01,0.0,0,
鸿富锦精密电子（郑州）,2020,废气-全厂合计,全厂合计,,,,锡及其化合物,吨,2,2020-02,0.0,0,
鸿富锦精密电子（郑州）,2020,废气-全厂合计,全厂合计,,,,锡及其化合物,吨,3,2020-03,0.0,0,
鸿富锦精密电子（郑州）,2020,废气-全厂合计,全厂合计,,,,锡及其化合物,吨,4,2020-04,0.0,0,
鸿富锦精密电子（郑州）,2020,废气-全厂合计,全厂合计,,,,锡及其化合物,吨,5,2020-05,0.0,0,
鸿富锦精密电子（郑州）,2020,废气-全厂合计,全厂合计,,,,锡及其化合物,吨,6,2020-06,0.0,0,
鸿富锦精密电子（郑州）,2020,废气-全厂合计,全厂合计,,,,锡及其化合物,吨,7,2020-07,0.42,0.42,
鸿富锦精密电子（郑州）,2020,废气-全厂合计,全厂合计,,,,锡及其化合物,吨,8,2020-08,0.42,0.42,
鸿富锦精密电子（郑州）,2020,废气-全厂合计,全厂合计,,,,锡及其化合物,吨,9,2020-09,0.37,0.37,
鸿富锦精密电子（郑州）,2020,废气-全厂合计,全厂合计,,,,锡及其化合物,吨,10,2020-10,0.0,0,
鸿富锦精密电子（郑州）,2020,废气-全厂合计,全厂合计,,,,锡及其化合物,吨,11,2020-11,0.0,0,
鸿富锦精密电子（郑州）,2020,废气-全厂合计,全厂合计,,,,锡及其化合物,吨,12,2020-12,0.0,0,
鸿富锦精密电子（郑州）,2020,废气-全厂合计,全厂合计,,,,NOx,吨,1,2020-01,,/,
鸿富锦精密电子（郑州）,2020,废气-全厂合计,全厂合计,,,,NOx,吨,2,2020-02,,/,
鸿富锦精密电子（郑州）,2020,废气-全厂合计,全厂合计,,,,NOx,吨,3,2020-03,,/,
鸿富锦精密电子（郑州）,2020,废气-全厂合计,全厂合计,,,,NOx,吨,4,2020-04,,/,
鸿富锦精密电子（郑州）,2020,废气-全厂合计,全厂合计,,,,NOx,吨,5,2020-05,,/,
鸿富锦精密电子（郑州）,2020,废气-全厂合计,全厂合计,,,,NOx,吨,6,2020-06,,/,
鸿富锦精密电子（郑州）,2020,废气-全厂合计,全厂合计,,,,NOx,吨,7,2020-07,,/,
鸿富锦精密电子（郑州）,2020,废气-全厂合计,全厂合计,,,,NOx,吨,8,2020-08,,/,
鸿富锦精密电子（郑州）,2020,废气-全厂合计,全厂合计,,,,NOx,吨,9,2020-09,,/,
鸿富锦精密电子（郑州）,2020,废气-全厂合计,全厂合计,,,,NOx,吨,10,2020-10,0.0,0,
鸿富锦精密电子（郑州）,2020,废气-全厂合计,全厂合计,,,,NOx,吨,11,2020-11,0.0,0,
鸿富锦精密电子（郑州）,2020,废气-全厂合计,全厂合计,,,,NOx,吨,12,2020-12,0.0,0,
鸿富锦精密电子（郑州）,2020,废气-全厂合计,全厂合计,,,,SO2,吨,1,2020-01,,/,
鸿富锦精密电子（郑州）,2020,废气-全厂合计,全厂合计,,,,SO2,吨,2,2020-02,,/,
鸿富锦精密电子（郑州）,2020,废气-全厂合计,全厂合计,,,,SO2,吨,3,2020-03,,/,
鸿富锦精密电子（郑州）,2020,废气-全厂合计,全厂合计,,,,SO2,吨,4,2020-04,,/,
鸿富锦精密电子（郑州）,2020,废气-全厂合计,全厂合计,,,,SO2,吨,5,2020-05,,/,
鸿富锦精密电子（郑州）,2020,废气-全厂合计,全厂合计,,,,SO2,吨,6,2020-06,,/,
鸿富锦精密电子（郑州）,2020,废气-全厂合计,全厂合计,,,,SO2,吨,7,2020-07,,/,
鸿富锦精密电子（郑州）,2020,废气-全厂合计,全厂合计,,,,SO2,吨,8,2020-08,,/,
鸿富锦精密电子（郑州）,2020,废气-全厂合计,全厂合计,,,,SO2,吨,9,2020-09,,/,
鸿富锦精密电子（郑州）,2020,废气-全厂合计,全厂合计,,,,SO2,吨,10,2020-10,0.0,0,
鸿富锦精密电子（郑州）,2020,废气-全厂合计,全厂合计,,,,SO2,吨,11,2020-11,0.0,0,
鸿富锦精密电子（郑州）,2020,废气-全厂合计,全厂合计,,,,SO2,吨,12,2020-12,0.0,0,
鸿富锦精密电子（郑州）,2020,废气-全厂合计,全厂合计,,,,二甲苯,吨,1,2020-01,0.0,0,
鸿富锦精密电子（郑州）,2020,废气-全厂合计,全厂合计,,,,二甲苯,吨,2,2020-02,0.0,0,
鸿富锦精密电子（郑州）,2020,废气-全厂合计,全厂合计,,,,二甲苯,吨,3,2020-03,0.0,0,
鸿富锦精密电子（郑州）,2020,废气-全厂合计,全厂合计,,,,二甲苯,吨,4,2020-04,0.0,0,
鸿富锦精密电子（郑州）,2020,废气-全厂合计,全厂合计,,,,二甲苯,吨,5,2020-05,0.0,0,
鸿富锦精密电子（郑州）,2020,废气-全厂合计,全厂合计,,,,二甲苯,吨,6,2020-06,0.0,0,
鸿富锦精密电子（郑州）,2020,废气-全厂合计,全厂合计,,,,二甲苯,吨,7,2020-07,0.3,0.3,
鸿富锦精密电子（郑州）,2020,废气-全厂合计,全厂合计,,,,二甲苯,吨,8,2020-08,0.2,0.2,
鸿富锦精密电子（郑州）,2020,废气-全厂合计,全厂合计,,,,二甲苯,吨,9,2020-09,0.2,0.2,
鸿富锦精密电子（郑州）,2020,废气-全厂合计,全厂合计,,,,二甲苯,吨,10,2020-10,0.0,0,
鸿富锦精密电子（郑州）,2020,废气-全厂合计,全厂合计,,,,二甲苯,吨,11,2020-11,0.0,0,
鸿富锦精密电子（郑州）,2020,废气-全厂合计,全厂合计,,,,二甲苯,吨,12,2020-12,0.0,0,
鸿富锦精密电子（郑州）,2020,废气-全厂合计,全厂合计,,,,颗粒物,吨,1,2020-01,,/,
鸿富锦精密电子（郑州）,2020,废气-全厂合计,全厂合计,,,,颗粒物,吨,2,2020-02,,/,
鸿富锦精密电子（郑州）,2020,废气-全厂合计,全厂合计,,,,颗粒物,吨,3,2020-03,,/,
鸿富锦精密电子（郑州）,2020,废气-全厂合计,全厂合计,,,,颗粒物,吨,4,2020-04,,/,
鸿富锦精密电子（郑州）,2020,废气-全厂合计,全厂合计,,,,颗粒物,吨,5,2020-05,,/,
鸿富锦精密电子（郑州）,2020,废气-全厂合计,全厂合计,,,,颗粒物,吨,6,2020-06,,/,
鸿富锦精密电子（郑州）,2020,废气-全厂合计,全厂合计,,,,颗粒物,吨,7,2020-07,,/,
鸿富锦精密电子（郑州）,2020,废气-全厂合计,全厂合计,,,,颗粒物,吨,8,2020-08,,/,
鸿富锦精密电子（郑州）,2020,废气-全厂合计,全厂合计,,,,颗粒物,吨,9,2020-09,,/,
鸿富锦精密电子（郑州）,2020,废气-全厂合计,全厂合计,,,,颗粒物,吨,10,2020-10,0.0,0,
鸿富锦精密电子（郑州）,2020,废气-全厂合计,全厂合计,,,,颗粒物,吨,11,2020-11,0.0,0,
鸿富锦精密电子（郑州）,2020,废气-全厂合计,全厂合计,,,,颗粒物,吨,12,2020-12,0.0,0,
鸿富锦精密电子（郑州）,2020,废气-全厂合计,全厂合计,,,,VOCs,吨,1,2020-01,5.1,5.1,此处VOCs代表非甲烷总烃
鸿富锦精密电子（郑州）,2020,废气-全厂合计,全厂合计,,,,VOCs,吨,2,2020-02,1.1,1.1,此处VOCs代表非甲烷总烃
鸿富锦精密电子（郑州）,2020,废气-全厂合计,全厂合计,,,,VOCs,吨,3,2020-03,2.9,2.9,此处VOCs代表非甲烷总烃
鸿富锦精密电子（郑州）,2020,废气-全厂合计,全厂合计,,,,VOCs,吨,4,2020-04,2.1,2.1,此处VOCs代表非甲烷总烃
鸿富锦精密电子（郑州）,2020,废气-全厂合计,全厂合计,,,,VOCs,吨,5,2020-05,4.9,4.9,此处VOCs代表非甲烷总烃
鸿富锦精密电子（郑州）,2020,废气-全厂合计,全厂合计,,,,VOCs,吨,6,2020-06,5.3,5.3,此处VOCs代表非甲烷总烃
鸿富锦精密电子（郑州）,2020,废气-全厂合计,全厂合计,,,,VOCs,吨,7,2020-07,5.9,5.9,此处VOCs代表非甲烷总烃
鸿富锦精密电子（郑州）,2020,废气-全厂合计,全厂合计,,,,VOCs,吨,8,2020-08,5.1,5.1,此处VOCs代表非甲烷总烃
鸿富锦精密电子（郑州）,2020,废气-全厂合计,全厂合计,,,,VOCs,吨,9,2020-09,5.8,5.8,此处VOCs代表非甲烷总烃
鸿富锦精密电子（郑州）,2020,废气-全厂合计,全厂合计,,,,VOCs,吨,10,2020-10,5.4,5.4,此处VOCs代表非甲烷总烃
鸿富锦精密电子（郑州）,2020,废气-全厂合计,全厂合计,,,,VOCs,吨,11,2020-11,6.5,6.5,此处VOCs代表非甲烷总烃
鸿富锦精密电子（郑州）,2020,废气-全厂合计,全厂合计,,,,VOCs,吨,12,2020-12,7.3,7.3,此处VOCs代表非甲烷总烃
鸿富锦精密电子（郑州）,2020,废水-全厂合计,全厂合计,间接排放口,,,pH值,无量纲,1,2020-01,7.18,7.18,此项为均值
鸿富锦精密电子（郑州）,2020,废水-全厂合计,全厂合计,间接排放口,,,pH值,无量纲,2,2020-02,7.18,7.18,此项为均值
鸿富锦精密电子（郑州）,2020,废水-全厂合计,全厂合计,间接排放口,,,pH值,无量纲,3,2020-03,7.18,7.18,此项为均值
鸿富锦精密电子（郑州）,2020,废水-全厂合计,全厂合计,间接排放口,,,pH值,无量纲,4,2020-04,7.18,7.18,此项为均值
鸿富锦精密电子（郑州）,2020,废水-全厂合计,全厂合计,间接排放口,,,pH值,无量纲,5,2020-05,7.18,7.18,此项为均值
鸿富锦精密电子（郑州）,2020,废水-全厂合计,全厂合计,间接排放口,,,pH值,无量纲,6,2020-06,7.18,7.18,此项为均值
鸿富锦精密电子（郑州）,2020,废水-全厂合计,全厂合计,间接排放口,,,pH值,无量纲,7,2020-07,7.18,7.18,此项为均值
鸿富锦精密电子（郑州）,2020,废水-全厂合计,全厂合计,间接排放口,,,pH值,无量纲,8,2020-08,7.18,7.18,此项为均值
鸿富锦精密电子（郑州）,2020,废水-全厂合计,全厂合计,间接排放口,,,pH值,无量纲,9,2020-09,7.18,7.18,此项为均值
鸿富锦精密电子（郑州）,2020,废水-全厂合计,全厂合计,间接排放口,,,pH值,无量纲,10,2020-10,7.18,7.18,此项为均值
鸿富锦精密电子（郑州）,2020,废水-全厂合计,全厂合计,间接排放口,,,pH值,无量纲,11,2020-11,7.18,7.18,此项为均值
鸿富锦精密电子（郑州）,2020,废水-全厂合计,全厂合计,间接排放口,,,pH值,无量纲,12,2020-12,7.18,7.18,此项为均值
鸿富锦精密电子（郑州）,2020,废水-全厂合计,全厂合计,间接排放口,,,悬浮物,吨,1,2020-01,1.7,1.7,
鸿富锦精密电子（郑州）,2020,废水-全厂合计,全厂合计,间接排放口,,,悬浮物,吨,2,2020-02,0.0,0,
鸿富锦精密电子（郑州）,2020,废水-全厂合计,全厂合计,间接排放口,,,悬浮物,吨,3,2020-03,2.4,2.4,
鸿富锦精密电子（郑州）,2020,废水-全厂合计,全厂合计,间接排放口,,,悬浮物,吨,4,2020-04,2.0,2,
鸿富锦精密电子（郑州）,2020,废水-全厂合计,全厂合计,间接排放口,,,悬浮物,吨,5,2020-05,1.6,1.6,
鸿富锦精密电子（郑州）,2020,废水-全厂合计,全厂合计,间接排放口,,,悬浮物,吨,6,2020-06,1.9,1.9,
鸿富锦精密电子（郑州）,2020,废水-全厂合计,全厂合计,间接排放口,,,悬浮物,吨,7,2020-07,1.8,1.8,
鸿富锦精密电子（郑州）,2020,废水-全厂合计,全厂合计,间接排放口,,,悬浮物,吨,8,2020-08,2.1,2.1,
鸿富锦精密电子（郑州）,2020,废水-全厂合计,全厂合计,间接排放口,,,悬浮物,吨,9,2020-09,2.5,2.5,
鸿富锦精密电子（郑州）,2020,废水-全厂合计,全厂合计,间接排放口,,,悬浮物,吨,10,2020-10,3.2,3.2,
鸿富锦精密电子（郑州）,2020,废水-全厂合计,全厂合计,间接排放口,,,悬浮物,吨,11,2020-11,3.6,3.6,
鸿富锦精密电子（郑州）,2020,废水-全厂合计,全厂合计,间接排放口,,,悬浮物,吨,12,2020-12,2.9,2.9,
鸿富锦精密电子（郑州）,2020,废水-全厂合计,全厂合计,间接排放口,,,五日生化需氧量,吨,1,2020-01,2.9,2.9,
鸿富锦精密电子（郑州）,2020,废水-全厂合计,全厂合计,间接排放口,,,五日生化需氧量,吨,2,2020-02,0.0,0,
鸿富锦精密电子（郑州）,2020,废水-全厂合计,全厂合计,间接排放口,,,五日生化需氧量,吨,3,2020-03,4.2,4.2,
鸿富锦精密电子（郑州）,2020,废水-全厂合计,全厂合计,间接排放口,,,五日生化需氧量,吨,4,2020-04,3.4,3.4,
鸿富锦精密电子（郑州）,2020,废水-全厂合计,全厂合计,间接排放口,,,五日生化需氧量,吨,5,2020-05,2.7,2.7,
鸿富锦精密电子（郑州）,2020,废水-全厂合计,全厂合计,间接排放口,,,五日生化需氧量,吨,6,2020-06,3.3,3.3,
鸿富锦精密电子（郑州）,2020,废水-全厂合计,全厂合计,间接排放口,,,五日生化需氧量,吨,7,2020-07,3.1,3.1,
鸿富锦精密电子（郑州）,2020,废水-全厂合计,全厂合计,间接排放口,,,五日生化需氧量,吨,8,2020-08,3.6,3.6,
鸿富锦精密电子（郑州）,2020,废水-全厂合计,全厂合计,间接排放口,,,五日生化需氧量,吨,9,2020-09,3.4,3.4,
鸿富锦精密电子（郑州）,2020,废水-全厂合计,全厂合计,间接排放口,,,五日生化需氧量,吨,10,2020-10,5.5,5.5,
鸿富锦精密电子（郑州）,2020,废水-全厂合计,全厂合计,间接排放口,,,五日生化需氧量,吨,11,2020-11,6.1,6.1,
鸿富锦精密电子（郑州）,2020,废水-全厂合计,全厂合计,间接排放口,,,五日生化需氧量,吨,12,2020-12,5.0,5,
鸿富锦精密电子（郑州）,2020,废水-全厂合计,全厂合计,间接排放口,,,化学需氧量,吨,1,2020-01,9.8,9.8,
鸿富锦精密电子（郑州）,2020,废水-全厂合计,全厂合计,间接排放口,,,化学需氧量,吨,2,2020-02,0.0,0,
鸿富锦精密电子（郑州）,2020,废水-全厂合计,全厂合计,间接排放口,,,化学需氧量,吨,3,2020-03,14.2,14.2,
鸿富锦精密电子（郑州）,2020,废水-全厂合计,全厂合计,间接排放口,,,化学需氧量,吨,4,2020-04,11.6,11.6,
鸿富锦精密电子（郑州）,2020,废水-全厂合计,全厂合计,间接排放口,,,化学需氧量,吨,5,2020-05,9.2,9.2,
鸿富锦精密电子（郑州）,2020,废水-全厂合计,全厂合计,间接排放口,,,化学需氧量,吨,6,2020-06,11.2,11.2,
鸿富锦精密电子（郑州）,2020,废水-全厂合计,全厂合计,间接排放口,,,化学需氧量,吨,7,2020-07,10.4,10.4,
鸿富锦精密电子（郑州）,2020,废水-全厂合计,全厂合计,间接排放口,,,化学需氧量,吨,8,2020-08,12.2,12.2,
鸿富锦精密电子（郑州）,2020,废水-全厂合计,全厂合计,间接排放口,,,化学需氧量,吨,9,2020-09,15.0,15,
鸿富锦精密电子（郑州）,2020,废水-全厂合计,全厂合计,间接排放口,,,化学需氧量,吨,10,2020-10,18.9,18.9,
鸿富锦精密电子（郑州）,2020,废水-全厂合计,全厂合计,间接排放口,,,化学需氧量,吨,11,2020-11,20.9,20.9,
鸿富锦精密电子（郑州）,2020,废水-全厂合计,全厂合计,间接排放口,,,化学需氧量,吨,12,2020-12,17.0,17,
鸿富锦精密电子（郑州）,2020,废水-全厂合计,全厂合计,间接排放口,,,氨氮（NH3-N）,吨,1,2020-01,2.0,2,
鸿富锦精密电子（郑州）,2020,废水-全厂合计,全厂合计,间接排放口,,,氨氮（NH3-N）,吨,2,2020-02,0.0,0,
鸿富锦精密电子（郑州）,2020,废水-全厂合计,全厂合计,间接排放口,,,氨氮（NH3-N）,吨,3,2020-03,2.9,2.9,
鸿富锦精密电子（郑州）,2020,废水-全厂合计,全厂合计,间接排放口,,,氨氮（NH3-N）,吨,4,2020-04,2.4,2.4,
鸿富锦精密电子（郑州）,2020,废水-全厂合计,全厂合计,间接排放口,,,氨氮（NH3-N）,吨,5,2020-05,1.9,1.9,
鸿富锦精密电子（郑州）,2020,废水-全厂合计,全厂合计,间接排放口,,,氨氮（NH3-N）,吨,6,2020-06,2.3,2.3,
鸿富锦精密电子（郑州）,2020,废水-全厂合计,全厂合计,间接排放口,,,氨氮（NH3-N）,吨,7,2020-07,2.2,2.2,
鸿富锦精密电子（郑州）,2020,废水-全厂合计,全厂合计,间接排放口,,,氨氮（NH3-N）,吨,8,2020-08,2.5,2.5,
鸿富锦精密电子（郑州）,2020,废水-全厂合计,全厂合计,间接排放口,,,氨氮（NH3-N）,吨,9,2020-09,3.1,3.1,
鸿富锦精密电子（郑州）,2020,废水-全厂合计,全厂合计,间接排放口,,,氨氮（NH3-N）,吨,10,2020-10,3.9,3.9,
鸿富锦精密电子（郑州）,2020,废水-全厂合计,全厂合计,间接排放口,,,氨氮（NH3-N）,吨,11,2020-11,4.3,4.3,
鸿富锦精密电子（郑州）,2020,废水-全厂合计,全厂合计,间接排放口,,,氨氮（NH3-N）,吨,12,2020-12,3.5,3.5,
鸿富锦精密电子（郑州）,2020,废水-全厂合计,全厂合计,间接排放口,,,总磷（以P计）,吨,1,2020-01,0.3,0.3,
鸿富锦精密电子（郑州）,2020,废水-全厂合计,全厂合计,间接排放口,,,总磷（以P计）,吨,2,2020-02,0.0,0,
鸿富锦精密电子（郑州）,2020,废水-全厂合计,全厂合计,间接排放口,,,总磷（以P计）,吨,3,2020-03,0.4,0.4,
鸿富锦精密电子（郑州）,2020,废水-全厂合计,全厂合计,间接排放口,,,总磷（以P计）,吨,4,2020-04,0.3,0.3,
鸿富锦精密电子（郑州）,2020,废水-全厂合计,全厂合计,间接排放口,,,总磷（以P计）,吨,5,2020-05,0.2,0.2,
鸿富锦精密电子（郑州）,2020,废水-全厂合计,全厂合计,间接排放口,,,总磷（以P计）,吨,6,2020-06,0.3,0.3,
鸿富锦精密电子（郑州）,2020,废水-全厂合计,全厂合计,间接排放口,,,总磷（以P计）,吨,7,2020-07,0.3,0.3,
鸿富锦精密电子（郑州）,2020,废水-全厂合计,全厂合计,间接排放口,,,总磷（以P计）,吨,8,2020-08,0.3,0.3,
鸿富锦精密电子（郑州）,2020,废水-全厂合计,全厂合计,间接排放口,,,总磷（以P计）,吨,9,2020-09,0.4,0.4,
鸿富锦精密电子（郑州）,2020,废水-全厂合计,全厂合计,间接排放口,,,总磷（以P计）,吨,10,2020-10,0.5,0.5,
鸿富锦精密电子（郑州）,2020,废水-全厂合计,全厂合计,间接排放口,,,总磷（以P计）,吨,11,2020-11,0.5,0.5,
鸿富锦精密电子（郑州）,2020,废水-全厂合计,全厂合计,间接排放口,,,总磷（以P计）,吨,12,2020-12,0.4,0.4,
鸿富锦精密电子（郑州）,2020,废水-全厂合计,全厂合计,间接排放口,,,溶解性总固体（全盐类）,吨,1,2020-01,,/,2020年度暂未检测此项
鸿富锦精密电子（郑州）,2020,废水-全厂合计,全厂合计,间接排放口,,,溶解性总固体（全盐类）,吨,2,2020-02,,/,2020年度暂未检测此项
鸿富锦精密电子（郑州）,2020,废水-全厂合计,全厂合计,间接排放口,,,溶解性总固体（全盐类）,吨,3,2020-03,,/,2020年度暂未检测此项
鸿富锦精密电子（郑州）,2020,废水-全厂合计,全厂合计,间接排放口,,,溶解性总固体（全盐类）,吨,4,2020-04,,/,2020年度暂未检测此项
鸿富锦精密电子（郑州）,2020,废水-全厂合计,全厂合计,间接排放口,,,溶解性总固体（全盐类）,吨,5,2020-05,,/,2020年度暂未检测此项
鸿富锦精密电子（郑州）,2020,废水-全厂合计,全厂合计,间接排放口,,,溶解性总固体（全盐类）,吨,6,2020-06,,/,2020年度暂未检测此项
鸿富锦精密电子（郑州）,2020,废水-全厂合计,全厂合计,间接排放口,,,溶解性总固体（全盐类）,吨,7,2020-07,,/,2020年度暂未检测此项
鸿富锦精密电子（郑州）,2020,废水-全厂合计,全厂合计,间接排放口,,,溶解性总固体（全盐类）,吨,8,2020-08,,/,2020年度暂未检测此项
鸿富锦精密电子（郑州）,2020,废水-全厂合计,全厂合计,间接排放口,,,溶解性总固体（全盐类）,吨,9,2020-09,,/,2020年度暂未检测此项
鸿富锦精密电子（郑州）,2020,废水-全厂合计,全厂合计,间接排放口,,,溶解性总固体（全盐类）,吨,10,2020-10,0.0,0,2020年度暂未检测此项
鸿富锦精密电子（郑州）,2020,废水-全厂合计,全厂合计,间接排放口,,,溶解性总固体（全盐类）,吨,11,2020-11,0.0,0,2020年度暂未检测此项
鸿富锦精密电子（郑州）,2020,废水-全厂合计,全厂合计,间接排放口,,,溶解性总固体（全盐类）,吨,12,2020-12,0.0,0,2020年度暂未检测此项
鸿富锦精密电子（郑州）,2021,废气-全厂合计,全厂合计,,,,锡及其化合物,吨,1,2021-01,0.305,0.305,
鸿富锦精密电子（郑州）,2021,废气-全厂合计,全厂合计,,,,锡及其化合物,吨,2,2021-02,0.317,0.317,
鸿富锦精密电子（郑州）,2021,废气-全厂合计,全厂合计,,,,锡及其化合物,吨,3,2021-03,0.281,0.281,
鸿富锦精密电子（郑州）,2021,废气-全厂合计,全厂合计,,,,锡及其化合物,吨,4,2021-04,0.25,0.25,
鸿富锦精密电子（郑州）,2021,废气-全厂合计,全厂合计,,,,锡及其化合物,吨,5,2021-05,0.25,0.25,
鸿富锦精密电子（郑州）,2021,废气-全厂合计,全厂合计,,,,锡及其化合物,吨,6,2021-06,0.25,0.25,
鸿富锦精密电子（郑州）,2021,废气-全厂合计,全厂合计,,,,锡及其化合物,吨,7,2021-07,0.407,0.407,
鸿富锦精密电子（郑州）,2021,废气-全厂合计,全厂合计,,,,锡及其化合物,吨,8,2021-08,0.407,0.407,
鸿富锦精密电子（郑州）,2021,废气-全厂合计,全厂合计,,,,锡及其化合物,吨,9,2021-09,0.362,0.362,
鸿富锦精密电子（郑州）,2021,废气-全厂合计,全厂合计,,,,锡及其化合物,吨,10,2021-10,0.347,0.347,
鸿富锦精密电子（郑州）,2021,废气-全厂合计,全厂合计,,,,锡及其化合物,吨,11,2021-11,0.351,0.351,
鸿富锦精密电子（郑州）,2021,废气-全厂合计,全厂合计,,,,锡及其化合物,吨,12,2021-12,0.365,0.365,
鸿富锦精密电子（郑州）,2021,废气-全厂合计,全厂合计,,,,NOx,吨,1,2021-01,0.0,0,
鸿富锦精密电子（郑州）,2021,废气-全厂合计,全厂合计,,,,NOx,吨,2,2021-02,0.3,0.3,
鸿富锦精密电子（郑州）,2021,废气-全厂合计,全厂合计,,,,NOx,吨,3,2021-03,0.1,0.1,
鸿富锦精密电子（郑州）,2021,废气-全厂合计,全厂合计,,,,NOx,吨,4,2021-04,0.1,0.1,
鸿富锦精密电子（郑州）,2021,废气-全厂合计,全厂合计,,,,NOx,吨,5,2021-05,0.1,0.1,
鸿富锦精密电子（郑州）,2021,废气-全厂合计,全厂合计,,,,NOx,吨,6,2021-06,0.0,0,
鸿富锦精密电子（郑州）,2021,废气-全厂合计,全厂合计,,,,NOx,吨,7,2021-07,0.0,0,
鸿富锦精密电子（郑州）,2021,废气-全厂合计,全厂合计,,,,NOx,吨,8,2021-08,0.0,0,
鸿富锦精密电子（郑州）,2021,废气-全厂合计,全厂合计,,,,NOx,吨,9,2021-09,0.0,0,
鸿富锦精密电子（郑州）,2021,废气-全厂合计,全厂合计,,,,NOx,吨,10,2021-10,0.0,0,
鸿富锦精密电子（郑州）,2021,废气-全厂合计,全厂合计,,,,NOx,吨,11,2021-11,0.2,0.2,
鸿富锦精密电子（郑州）,2021,废气-全厂合计,全厂合计,,,,NOx,吨,12,2021-12,0.5,0.5,
鸿富锦精密电子（郑州）,2021,废气-全厂合计,全厂合计,,,,SO2,吨,1,2021-01,0.0,0,
鸿富锦精密电子（郑州）,2021,废气-全厂合计,全厂合计,,,,SO2,吨,2,2021-02,0.0,0,
鸿富锦精密电子（郑州）,2021,废气-全厂合计,全厂合计,,,,SO2,吨,3,2021-03,0.0,0,
鸿富锦精密电子（郑州）,2021,废气-全厂合计,全厂合计,,,,SO2,吨,4,2021-04,0.0,0,
鸿富锦精密电子（郑州）,2021,废气-全厂合计,全厂合计,,,,SO2,吨,5,2021-05,0.0,0,
鸿富锦精密电子（郑州）,2021,废气-全厂合计,全厂合计,,,,SO2,吨,6,2021-06,0.0,0,
鸿富锦精密电子（郑州）,2021,废气-全厂合计,全厂合计,,,,SO2,吨,7,2021-07,0.0,0,
鸿富锦精密电子（郑州）,2021,废气-全厂合计,全厂合计,,,,SO2,吨,8,2021-08,0.0,0,
鸿富锦精密电子（郑州）,2021,废气-全厂合计,全厂合计,,,,SO2,吨,9,2021-09,0.0,0,
鸿富锦精密电子（郑州）,2021,废气-全厂合计,全厂合计,,,,SO2,吨,10,2021-10,0.0,0,
鸿富锦精密电子（郑州）,2021,废气-全厂合计,全厂合计,,,,SO2,吨,11,2021-11,0.0,0,
鸿富锦精密电子（郑州）,2021,废气-全厂合计,全厂合计,,,,SO2,吨,12,2021-12,0.0,0,
鸿富锦精密电子（郑州）,2021,废气-全厂合计,全厂合计,,,,二甲苯,吨,1,2021-01,0.3,0.3,
鸿富锦精密电子（郑州）,2021,废气-全厂合计,全厂合计,,,,二甲苯,吨,2,2021-02,0.2,0.2,
鸿富锦精密电子（郑州）,2021,废气-全厂合计,全厂合计,,,,二甲苯,吨,3,2021-03,0.3,0.3,
鸿富锦精密电子（郑州）,2021,废气-全厂合计,全厂合计,,,,二甲苯,吨,4,2021-04,0.3,0.3,
鸿富锦精密电子（郑州）,2021,废气-全厂合计,全厂合计,,,,二甲苯,吨,5,2021-05,0.3,0.3,
鸿富锦精密电子（郑州）,2021,废气-全厂合计,全厂合计,,,,二甲苯,吨,6,2021-06,0.2,0.2,
鸿富锦精密电子（郑州）,2021,废气-全厂合计,全厂合计,,,,二甲苯,吨,7,2021-07,0.3,0.3,
鸿富锦精密电子（郑州）,2021,废气-全厂合计,全厂合计,,,,二甲苯,吨,8,2021-08,0.3,0.3,
鸿富锦精密电子（郑州）,2021,废气-全厂合计,全厂合计,,,,二甲苯,吨,9,2021-09,0.3,0.3,
鸿富锦精密电子（郑州）,2021,废气-全厂合计,全厂合计,,,,二甲苯,吨,10,2021-10,0.3,0.3,
鸿富锦精密电子（郑州）,2021,废气-全厂合计,全厂合计,,,,二甲苯,吨,11,2021-11,0.3,0.3,
鸿富锦精密电子（郑州）,2021,废气-全厂合计,全厂合计,,,,二甲苯,吨,12,2021-12,0.3,0.3,
鸿富锦精密电子（郑州）,2021,废气-全厂合计,全厂合计,,,,颗粒物,吨,1,2021-01,0.0,0,
鸿富锦精密电子（郑州）,2021,废气-全厂合计,全厂合计,,,,颗粒物,吨,2,2021-02,0.0,0,
鸿富锦精密电子（郑州）,2021,废气-全厂合计,全厂合计,,,,颗粒物,吨,3,2021-03,0.0,0,
鸿富锦精密电子（郑州）,2021,废气-全厂合计,全厂合计,,,,颗粒物,吨,4,2021-04,0.0,0,
鸿富锦精密电子（郑州）,2021,废气-全厂合计,全厂合计,,,,颗粒物,吨,5,2021-05,0.0,0,
鸿富锦精密电子（郑州）,2021,废气-全厂合计,全厂合计,,,,颗粒物,吨,6,2021-06,0.0,0,
鸿富锦精密电子（郑州）,2021,废气-全厂合计,全厂合计,,,,颗粒物,吨,7,2021-07,0.0,0,
鸿富锦精密电子（郑州）,2021,废气-全厂合计,全厂合计,,,,颗粒物,吨,8,2021-08,0.0,0,
鸿富锦精密电子（郑州）,2021,废气-全厂合计,全厂合计,,,,颗粒物,吨,9,2021-09,0.0,0,
鸿富锦精密电子（郑州）,2021,废气-全厂合计,全厂合计,,,,颗粒物,吨,10,2021-10,0.0,0,
鸿富锦精密电子（郑州）,2021,废气-全厂合计,全厂合计,,,,颗粒物,吨,11,2021-11,0.0,0,
鸿富锦精密电子（郑州）,2021,废气-全厂合计,全厂合计,,,,颗粒物,吨,12,2021-12,0.0,0,
鸿富锦精密电子（郑州）,2021,废气-全厂合计,全厂合计,,,,VOCs,吨,1,2021-01,6.6,6.6,
鸿富锦精密电子（郑州）,2021,废气-全厂合计,全厂合计,,,,VOCs,吨,2,2021-02,5.8,5.8,
鸿富锦精密电子（郑州）,2021,废气-全厂合计,全厂合计,,,,VOCs,吨,3,2021-03,7.4,7.4,
鸿富锦精密电子（郑州）,2021,废气-全厂合计,全厂合计,,,,VOCs,吨,4,2021-04,6.5,6.5,
鸿富锦精密电子（郑州）,2021,废气-全厂合计,全厂合计,,,,VOCs,吨,5,2021-05,6.4,6.4,
鸿富锦精密电子（郑州）,2021,废气-全厂合计,全厂合计,,,,VOCs,吨,6,2021-06,5.6,5.6,
鸿富锦精密电子（郑州）,2021,废气-全厂合计,全厂合计,,,,VOCs,吨,7,2021-07,6.2,6.2,
鸿富锦精密电子（郑州）,2021,废气-全厂合计,全厂合计,,,,VOCs,吨,8,2021-08,7.0,7,
鸿富锦精密电子（郑州）,2021,废气-全厂合计,全厂合计,,,,VOCs,吨,9,2021-09,7.2,7.2,
鸿富锦精密电子（郑州）,2021,废气-全厂合计,全厂合计,,,,VOCs,吨,10,2021-10,7.0,7,
鸿富锦精密电子（郑州）,2021,废气-全厂合计,全厂合计,,,,VOCs,吨,11,2021-11,7.4,7.4,
鸿富锦精密电子（郑州）,2021,废气-全厂合计,全厂合计,,,,VOCs,吨,12,2021-12,7.7,7.7,
鸿富锦精密电子（郑州）,2021,废水-全厂合计,全厂合计,间接排放口,,,pH值,无量纲,1,2021-01,8.1,8.1,
鸿富锦精密电子（郑州）,2021,废水-全厂合计,全厂合计,间接排放口,,,pH值,无量纲,2,2021-02,8.1,8.1,
鸿富锦精密电子（郑州）,2021,废水-全厂合计,全厂合计,间接排放口,,,pH值,无量纲,3,2021-03,8.1,8.1,
鸿富锦精密电子（郑州）,2021,废水-全厂合计,全厂合计,间接排放口,,,pH值,无量纲,4,2021-04,8.1,8.1,
鸿富锦精密电子（郑州）,2021,废水-全厂合计,全厂合计,间接排放口,,,pH值,无量纲,5,2021-05,8.1,8.1,
鸿富锦精密电子（郑州）,2021,废水-全厂合计,全厂合计,间接排放口,,,pH值,无量纲,6,2021-06,8.1,8.1,
鸿富锦精密电子（郑州）,2021,废水-全厂合计,全厂合计,间接排放口,,,pH值,无量纲,7,2021-07,8.1,8.1,
鸿富锦精密电子（郑州）,2021,废水-全厂合计,全厂合计,间接排放口,,,pH值,无量纲,8,2021-08,8.1,8.1,
鸿富锦精密电子（郑州）,2021,废水-全厂合计,全厂合计,间接排放口,,,pH值,无量纲,9,2021-09,8.1,8.1,
鸿富锦精密电子（郑州）,2021,废水-全厂合计,全厂合计,间接排放口,,,pH值,无量纲,10,2021-10,8.1,8.1,
鸿富锦精密电子（郑州）,2021,废水-全厂合计,全厂合计,间接排放口,,,pH值,无量纲,11,2021-11,8.1,8.1,
鸿富锦精密电子（郑州）,2021,废水-全厂合计,全厂合计,间接排放口,,,pH值,无量纲,12,2021-12,8.1,8.1,
鸿富锦精密电子（郑州）,2021,废水-全厂合计,全厂合计,间接排放口,,,悬浮物,吨,1,2021-01,1.599,1.599,
鸿富锦精密电子（郑州）,2021,废水-全厂合计,全厂合计,间接排放口,,,悬浮物,吨,2,2021-02,1.194,1.194,
鸿富锦精密电子（郑州）,2021,废水-全厂合计,全厂合计,间接排放口,,,悬浮物,吨,3,2021-03,0.861,0.861,
鸿富锦精密电子（郑州）,2021,废水-全厂合计,全厂合计,间接排放口,,,悬浮物,吨,4,2021-04,1.805,1.805,
鸿富锦精密电子（郑州）,2021,废水-全厂合计,全厂合计,间接排放口,,,悬浮物,吨,5,2021-05,1.428,1.428,
鸿富锦精密电子（郑州）,2021,废水-全厂合计,全厂合计,间接排放口,,,悬浮物,吨,6,2021-06,1.142,1.142,
鸿富锦精密电子（郑州）,2021,废水-全厂合计,全厂合计,间接排放口,,,悬浮物,吨,7,2021-07,1.257,1.257,
鸿富锦精密电子（郑州）,2021,废水-全厂合计,全厂合计,间接排放口,,,悬浮物,吨,8,2021-08,1.405,1.405,
鸿富锦精密电子（郑州）,2021,废水-全厂合计,全厂合计,间接排放口,,,悬浮物,吨,9,2021-09,1.517,1.517,
鸿富锦精密电子（郑州）,2021,废水-全厂合计,全厂合计,间接排放口,,,悬浮物,吨,10,2021-10,1.062,1.062,
鸿富锦精密电子（郑州）,2021,废水-全厂合计,全厂合计,间接排放口,,,悬浮物,吨,11,2021-11,1.339,1.339,
鸿富锦精密电子（郑州）,2021,废水-全厂合计,全厂合计,间接排放口,,,悬浮物,吨,12,2021-12,1.451,1.451,
鸿富锦精密电子（郑州）,2021,废水-全厂合计,全厂合计,间接排放口,,,五日生化需氧量,吨,1,2021-01,2.855,2.855,
鸿富锦精密电子（郑州）,2021,废水-全厂合计,全厂合计,间接排放口,,,五日生化需氧量,吨,2,2021-02,2.126,2.126,
鸿富锦精密电子（郑州）,2021,废水-全厂合计,全厂合计,间接排放口,,,五日生化需氧量,吨,3,2021-03,1.53,1.53,
鸿富锦精密电子（郑州）,2021,废水-全厂合计,全厂合计,间接排放口,,,五日生化需氧量,吨,4,2021-04,3.196,3.196,
鸿富锦精密电子（郑州）,2021,废水-全厂合计,全厂合计,间接排放口,,,五日生化需氧量,吨,5,2021-05,2.528,2.528,
鸿富锦精密电子（郑州）,2021,废水-全厂合计,全厂合计,间接排放口,,,五日生化需氧量,吨,6,2021-06,2.022,2.022,
鸿富锦精密电子（郑州）,2021,废水-全厂合计,全厂合计,间接排放口,,,五日生化需氧量,吨,7,2021-07,2.225,2.225,
鸿富锦精密电子（郑州）,2021,废水-全厂合计,全厂合计,间接排放口,,,五日生化需氧量,吨,8,2021-08,2.487,2.487,
鸿富锦精密电子（郑州）,2021,废水-全厂合计,全厂合计,间接排放口,,,五日生化需氧量,吨,9,2021-09,2.686,2.686,
鸿富锦精密电子（郑州）,2021,废水-全厂合计,全厂合计,间接排放口,,,五日生化需氧量,吨,10,2021-10,1.88,1.88,
鸿富锦精密电子（郑州）,2021,废水-全厂合计,全厂合计,间接排放口,,,五日生化需氧量,吨,11,2021-11,2.369,2.369,
鸿富锦精密电子（郑州）,2021,废水-全厂合计,全厂合计,间接排放口,,,五日生化需氧量,吨,12,2021-12,2.573,2.573,
鸿富锦精密电子（郑州）,2021,废水-全厂合计,全厂合计,间接排放口,,,化学需氧量,吨,1,2021-01,6.373,6.373,
鸿富锦精密电子（郑州）,2021,废水-全厂合计,全厂合计,间接排放口,,,化学需氧量,吨,2,2021-02,4.748,4.748,
鸿富锦精密电子（郑州）,2021,废水-全厂合计,全厂合计,间接排放口,,,化学需氧量,吨,3,2021-03,3.418,3.418,
鸿富锦精密电子（郑州）,2021,废水-全厂合计,全厂合计,间接排放口,,,化学需氧量,吨,4,2021-04,7.14,7.14,
鸿富锦精密电子（郑州）,2021,废水-全厂合计,全厂合计,间接排放口,,,化学需氧量,吨,5,2021-05,5.647,5.647,
鸿富锦精密电子（郑州）,2021,废水-全厂合计,全厂合计,间接排放口,,,化学需氧量,吨,6,2021-06,4.518,4.518,
鸿富锦精密电子（郑州）,2021,废水-全厂合计,全厂合计,间接排放口,,,化学需氧量,吨,7,2021-07,4.97,4.97,
鸿富锦精密电子（郑州）,2021,废水-全厂合计,全厂合计,间接排放口,,,化学需氧量,吨,8,2021-08,5.557,5.557,
鸿富锦精密电子（郑州）,2021,废水-全厂合计,全厂合计,间接排放口,,,化学需氧量,吨,9,2021-09,6.001,6.001,
鸿富锦精密电子（郑州）,2021,废水-全厂合计,全厂合计,间接排放口,,,化学需氧量,吨,10,2021-10,4.201,4.201,
鸿富锦精密电子（郑州）,2021,废水-全厂合计,全厂合计,间接排放口,,,化学需氧量,吨,11,2021-11,5.293,5.293,
鸿富锦精密电子（郑州）,2021,废水-全厂合计,全厂合计,间接排放口,,,化学需氧量,吨,12,2021-12,5.747,5.747,
鸿富锦精密电子（郑州）,2021,废水-全厂合计,全厂合计,间接排放口,,,氨氮（NH3-N）,吨,1,2021-01,0.026,0.026,
鸿富锦精密电子（郑州）,2021,废水-全厂合计,全厂合计,间接排放口,,,氨氮（NH3-N）,吨,2,2021-02,0.02,0.02,
鸿富锦精密电子（郑州）,2021,废水-全厂合计,全厂合计,间接排放口,,,氨氮（NH3-N）,吨,3,2021-03,0.014,0.014,
鸿富锦精密电子（郑州）,2021,废水-全厂合计,全厂合计,间接排放口,,,氨氮（NH3-N）,吨,4,2021-04,0.03,0.03,
鸿富锦精密电子（郑州）,2021,废水-全厂合计,全厂合计,间接排放口,,,氨氮（NH3-N）,吨,5,2021-05,0.023,0.023,
鸿富锦精密电子（郑州）,2021,废水-全厂合计,全厂合计,间接排放口,,,氨氮（NH3-N）,吨,6,2021-06,0.019,0.019,
鸿富锦精密电子（郑州）,2021,废水-全厂合计,全厂合计,间接排放口,,,氨氮（NH3-N）,吨,7,2021-07,0.021,0.021,
鸿富锦精密电子（郑州）,2021,废水-全厂合计,全厂合计,间接排放口,,,氨氮（NH3-N）,吨,8,2021-08,0.023,0.023,
鸿富锦精密电子（郑州）,2021,废水-全厂合计,全厂合计,间接排放口,,,氨氮（NH3-N）,吨,9,2021-09,0.025,0.025,
鸿富锦精密电子（郑州）,2021,废水-全厂合计,全厂合计,间接排放口,,,氨氮（NH3-N）,吨,10,2021-10,0.017,0.017,
鸿富锦精密电子（郑州）,2021,废水-全厂合计,全厂合计,间接排放口,,,氨氮（NH3-N）,吨,11,2021-11,0.022,0.022,
鸿富锦精密电子（郑州）,2021,废水-全厂合计,全厂合计,间接排放口,,,氨氮（NH3-N）,吨,12,2021-12,0.024,0.024,
鸿富锦精密电子（郑州）,2021,废水-全厂合计,全厂合计,间接排放口,,,总磷（以P计）,吨,1,2021-01,0.032,0.032,
鸿富锦精密电子（郑州）,2021,废水-全厂合计,全厂合计,间接排放口,,,总磷（以P计）,吨,2,2021-02,0.024,0.024,
鸿富锦精密电子（郑州）,2021,废水-全厂合计,全厂合计,间接排放口,,,总磷（以P计）,吨,3,2021-03,0.017,0.017,
鸿富锦精密电子（郑州）,2021,废水-全厂合计,全厂合计,间接排放口,,,总磷（以P计）,吨,4,2021-04,0.036,0.036,
鸿富锦精密电子（郑州）,2021,废水-全厂合计,全厂合计,间接排放口,,,总磷（以P计）,吨,5,2021-05,0.029,0.029,
鸿富锦精密电子（郑州）,2021,废水-全厂合计,全厂合计,间接排放口,,,总磷（以P计）,吨,6,2021-06,0.023,0.023,
鸿富锦精密电子（郑州）,2021,废水-全厂合计,全厂合计,间接排放口,,,总磷（以P计）,吨,7,2021-07,0.025,0.025,
鸿富锦精密电子（郑州）,2021,废水-全厂合计,全厂合计,间接排放口,,,总磷（以P计）,吨,8,2021-08,0.028,0.028,
鸿富锦精密电子（郑州）,2021,废水-全厂合计,全厂合计,间接排放口,,,总磷（以P计）,吨,9,2021-09,0.031,0.031,
鸿富锦精密电子（郑州）,2021,废水-全厂合计,全厂合计,间接排放口,,,总磷（以P计）,吨,10,2021-10,0.021,0.021,
鸿富锦精密电子（郑州）,2021,废水-全厂合计,全厂合计,间接排放口,,,总磷（以P计）,吨,11,2021-11,0.027,0.027,
鸿富锦精密电子（郑州）,2021,废水-全厂合计,全厂合计,间接排放口,,,总磷（以P计）,吨,12,2021-12,0.029,0.029,
鸿富锦精密电子（郑州）,2021,废水-全厂合计,全厂合计,间接排放口,,,溶解性总固体（全盐类）,吨,1,2021-01,46.478,46.478,
鸿富锦精密电子（郑州）,2021,废水-全厂合计,全厂合计,间接排放口,,,溶解性总固体（全盐类）,吨,2,2021-02,34.585,34.585,
鸿富锦精密电子（郑州）,2021,废水-全厂合计,全厂合计,间接排放口,,,溶解性总固体（全盐类）,吨,3,2021-03,24.87,24.87,
鸿富锦精密电子（郑州）,2021,废水-全厂合计,全厂合计,间接排放口,,,溶解性总固体（全盐类）,吨,4,2021-04,51.853,51.853,
鸿富锦精密电子（郑州）,2021,废水-全厂合计,全厂合计,间接排放口,,,溶解性总固体（全盐类）,吨,5,2021-05,41.013,41.013,
鸿富锦精密电子（郑州）,2021,废水-全厂合计,全厂合计,间接排放口,,,溶解性总固体（全盐类）,吨,6,2021-06,32.811,32.811,
鸿富锦精密电子（郑州）,2021,废水-全厂合计,全厂合计,间接排放口,,,溶解性总固体（全盐类）,吨,7,2021-07,36.092,36.092,
鸿富锦精密电子（郑州）,2021,废水-全厂合计,全厂合计,间接排放口,,,溶解性总固体（全盐类）,吨,8,2021-08,40.357,40.357,
鸿富锦精密电子（郑州）,2021,废水-全厂合计,全厂合计,间接排放口,,,溶解性总固体（全盐类）,吨,9,2021-09,43.585,43.585,
鸿富锦精密电子（郑州）,2021,废水-全厂合计,全厂合计,间接排放口,,,溶解性总固体（全盐类）,吨,10,2021-10,30.509,30.509,
鸿富锦精密电子（郑州）,2021,废水-全厂合计,全厂合计,间接排放口,,,溶解性总固体（全盐类）,吨,11,2021-11,38.424,38.424,
鸿富锦精密电子（郑州）,2021,废水-全厂合计,全厂合计,间接排放口,,,溶解性总固体（全盐类）,吨,12,2021-12,41.761,41.761,
鸿富锦精密电子（郑州）,2022,废气-全厂合计,全厂合计,,,,锡及其化合物,吨,1,2022-01,1.282,1.282,
鸿富锦精密电子（郑州）,2022,废气-全厂合计,全厂合计,,,,锡及其化合物,吨,2,2022-02,1.114,1.114,
鸿富锦精密电子（郑州）,2022,废气-全厂合计,全厂合计,,,,锡及其化合物,吨,3,2022-03,1.505,1.505,
鸿富锦精密电子（郑州）,2022,废气-全厂合计,全厂合计,,,,锡及其化合物,吨,4,2022-04,1.393,1.393,
鸿富锦精密电子（郑州）,2022,废气-全厂合计,全厂合计,,,,锡及其化合物,吨,5,2022-05,1.449,1.449,
鸿富锦精密电子（郑州）,2022,废气-全厂合计,全厂合计,,,,锡及其化合物,吨,6,2022-06,1.393,1.393,
鸿富锦精密电子（郑州）,2022,废气-全厂合计,全厂合计,,,,锡及其化合物,吨,7,2022-07,1.449,1.449,
鸿富锦精密电子（郑州）,2022,废气-全厂合计,全厂合计,,,,锡及其化合物,吨,8,2022-08,1.505,1.505,
鸿富锦精密电子（郑州）,2022,废气-全厂合计,全厂合计,,,,锡及其化合物,吨,9,2022-09,1.393,1.393,
鸿富锦精密电子（郑州）,2022,废气-全厂合计,全厂合计,,,,锡及其化合物,吨,10,2022-10,1.247,1.247,
鸿富锦精密电子（郑州）,2022,废气-全厂合计,全厂合计,,,,锡及其化合物,吨,11,2022-11,0.3,0.3,
鸿富锦精密电子（郑州）,2022,废气-全厂合计,全厂合计,,,,锡及其化合物,吨,12,2022-12,1.505,1.505,
鸿富锦精密电子（郑州）,2022,废气-全厂合计,全厂合计,,,,NOx,吨,1,2022-01,0.6,0.6,
鸿富锦精密电子（郑州）,2022,废气-全厂合计,全厂合计,,,,NOx,吨,2,2022-02,0.43,0.43,
鸿富锦精密电子（郑州）,2022,废气-全厂合计,全厂合计,,,,NOx,吨,3,2022-03,0.21,0.21,
鸿富锦精密电子（郑州）,2022,废气-全厂合计,全厂合计,,,,NOx,吨,4,2022-04,0.08,0.08,
鸿富锦精密电子（郑州）,2022,废气-全厂合计,全厂合计,,,,NOx,吨,5,2022-05,0.02,0.02,
鸿富锦精密电子（郑州）,2022,废气-全厂合计,全厂合计,,,,NOx,吨,6,2022-06,0.0,0,
鸿富锦精密电子（郑州）,2022,废气-全厂合计,全厂合计,,,,NOx,吨,7,2022-07,0.0,0,
鸿富锦精密电子（郑州）,2022,废气-全厂合计,全厂合计,,,,NOx,吨,8,2022-08,0.0,0,
鸿富锦精密电子（郑州）,2022,废气-全厂合计,全厂合计,,,,NOx,吨,9,2022-09,0.1,0.1,
鸿富锦精密电子（郑州）,2022,废气-全厂合计,全厂合计,,,,NOx,吨,10,2022-10,0.06,0.06,
鸿富锦精密电子（郑州）,2022,废气-全厂合计,全厂合计,,,,NOx,吨,11,2022-11,0.07,0.07,
鸿富锦精密电子（郑州）,2022,废气-全厂合计,全厂合计,,,,NOx,吨,12,2022-12,0.12,0.12,
鸿富锦精密电子（郑州）,2022,废气-全厂合计,全厂合计,,,,SO2,吨,1,2022-01,0.0,0,
鸿富锦精密电子（郑州）,2022,废气-全厂合计,全厂合计,,,,SO2,吨,2,2022-02,0.0,0,
鸿富锦精密电子（郑州）,2022,废气-全厂合计,全厂合计,,,,SO2,吨,3,2022-03,0.0,0,
鸿富锦精密电子（郑州）,2022,废气-全厂合计,全厂合计,,,,SO2,吨,4,2022-04,,/,
鸿富锦精密电子（郑州）,2022,废气-全厂合计,全厂合计,,,,SO2,吨,5,2022-05,,/,
鸿富锦精密电子（郑州）,2022,废气-全厂合计,全厂合计,,,,SO2,吨,6,2022-06,,/,
鸿富锦精密电子（郑州）,2022,废气-全厂合计,全厂合计,,,,SO2,吨,7,2022-07,0.0,0,
鸿富锦精密电子（郑州）,2022,废气-全厂合计,全厂合计,,,,SO2,吨,8,2022-08,0.0,0,
鸿富锦精密电子（郑州）,2022,废气-全厂合计,全厂合计,,,,SO2,吨,9,2022-09,0.0,0,
鸿富锦精密电子（郑州）,2022,废气-全厂合计,全厂合计,,,,SO2,吨,10,2022-10,0.0,0,
鸿富锦精密电子（郑州）,2022,废气-全厂合计,全厂合计,,,,SO2,吨,11,2022-11,0.0,0,
鸿富锦精密电子（郑州）,2022,废气-全厂合计,全厂合计,,,,SO2,吨,12,2022-12,0.0,0,
鸿富锦精密电子（郑州）,2022,废气-全厂合计,全厂合计,,,,二甲苯,吨,1,2022-01,0.07,0.07,
鸿富锦精密电子（郑州）,2022,废气-全厂合计,全厂合计,,,,二甲苯,吨,2,2022-02,0.07,0.07,
鸿富锦精密电子（郑州）,2022,废气-全厂合计,全厂合计,,,,二甲苯,吨,3,2022-03,0.09,0.09,
鸿富锦精密电子（郑州）,2022,废气-全厂合计,全厂合计,,,,二甲苯,吨,4,2022-04,0.0,0,
鸿富锦精密电子（郑州）,2022,废气-全厂合计,全厂合计,,,,二甲苯,吨,5,2022-05,0.0,0,
鸿富锦精密电子（郑州）,2022,废气-全厂合计,全厂合计,,,,二甲苯,吨,6,2022-06,0.0,0,
鸿富锦精密电子（郑州）,2022,废气-全厂合计,全厂合计,,,,二甲苯,吨,7,2022-07,0.0,0,
鸿富锦精密电子（郑州）,2022,废气-全厂合计,全厂合计,,,,二甲苯,吨,8,2022-08,0.0,0,
鸿富锦精密电子（郑州）,2022,废气-全厂合计,全厂合计,,,,二甲苯,吨,9,2022-09,0.0,0,
鸿富锦精密电子（郑州）,2022,废气-全厂合计,全厂合计,,,,二甲苯,吨,10,2022-10,0.0,0,
鸿富锦精密电子（郑州）,2022,废气-全厂合计,全厂合计,,,,二甲苯,吨,11,2022-11,0.0,0,
鸿富锦精密电子（郑州）,2022,废气-全厂合计,全厂合计,,,,二甲苯,吨,12,2022-12,0.0,0,
鸿富锦精密电子（郑州）,2022,废气-全厂合计,全厂合计,,,,颗粒物,吨,1,2022-01,0.0,0,
鸿富锦精密电子（郑州）,2022,废气-全厂合计,全厂合计,,,,颗粒物,吨,2,2022-02,0.0,0,
鸿富锦精密电子（郑州）,2022,废气-全厂合计,全厂合计,,,,颗粒物,吨,3,2022-03,0.0,0,
鸿富锦精密电子（郑州）,2022,废气-全厂合计,全厂合计,,,,颗粒物,吨,4,2022-04,,/,
鸿富锦精密电子（郑州）,2022,废气-全厂合计,全厂合计,,,,颗粒物,吨,5,2022-05,,/,
鸿富锦精密电子（郑州）,2022,废气-全厂合计,全厂合计,,,,颗粒物,吨,6,2022-06,,/,
鸿富锦精密电子（郑州）,2022,废气-全厂合计,全厂合计,,,,颗粒物,吨,7,2022-07,0.0,0,
鸿富锦精密电子（郑州）,2022,废气-全厂合计,全厂合计,,,,颗粒物,吨,8,2022-08,0.0,0,
鸿富锦精密电子（郑州）,2022,废气-全厂合计,全厂合计,,,,颗粒物,吨,9,2022-09,0.0,0,
鸿富锦精密电子（郑州）,2022,废气-全厂合计,全厂合计,,,,颗粒物,吨,10,2022-10,0.0,0,
鸿富锦精密电子（郑州）,2022,废气-全厂合计,全厂合计,,,,颗粒物,吨,11,2022-11,0.0,0,
鸿富锦精密电子（郑州）,2022,废气-全厂合计,全厂合计,,,,颗粒物,吨,12,2022-12,0.0,0,
鸿富锦精密电子（郑州）,2022,废气-全厂合计,全厂合计,,,,VOCs,吨,1,2022-01,2.44,2.44,
鸿富锦精密电子（郑州）,2022,废气-全厂合计,全厂合计,,,,VOCs,吨,2,2022-02,2.23,2.23,
鸿富锦精密电子（郑州）,2022,废气-全厂合计,全厂合计,,,,VOCs,吨,3,2022-03,2.91,2.91,
鸿富锦精密电子（郑州）,2022,废气-全厂合计,全厂合计,,,,VOCs,吨,4,2022-04,2.7,2.7,
鸿富锦精密电子（郑州）,2022,废气-全厂合计,全厂合计,,,,VOCs,吨,5,2022-05,2.7,2.7,
鸿富锦精密电子（郑州）,2022,废气-全厂合计,全厂合计,,,,VOCs,吨,6,2022-06,2.6,2.6,
鸿富锦精密电子（郑州）,2022,废气-全厂合计,全厂合计,,,,VOCs,吨,7,2022-07,2.51,2.51,
鸿富锦精密电子（郑州）,2022,废气-全厂合计,全厂合计,,,,VOCs,吨,8,2022-08,2.97,2.97,
鸿富锦精密电子（郑州）,2022,废气-全厂合计,全厂合计,,,,VOCs,吨,9,2022-09,2.75,2.75,
鸿富锦精密电子（郑州）,2022,废气-全厂合计,全厂合计,,,,VOCs,吨,10,2022-10,1.7,1.7,
鸿富锦精密电子（郑州）,2022,废气-全厂合计,全厂合计,,,,VOCs,吨,11,2022-11,0.7,0.7,
鸿富锦精密电子（郑州）,2022,废气-全厂合计,全厂合计,,,,VOCs,吨,12,2022-12,2.61,2.61,
鸿富锦精密电子（郑州）,2022,废气-全厂合计,全厂合计,,,,非甲烷总烃,吨,1,2022-01,2.44,2.44,
鸿富锦精密电子（郑州）,2022,废气-全厂合计,全厂合计,,,,非甲烷总烃,吨,2,2022-02,2.23,2.23,
鸿富锦精密电子（郑州）,2022,废气-全厂合计,全厂合计,,,,非甲烷总烃,吨,3,2022-03,2.91,2.91,
鸿富锦精密电子（郑州）,2022,废气-全厂合计,全厂合计,,,,非甲烷总烃,吨,4,2022-04,0.0,0,
鸿富锦精密电子（郑州）,2022,废气-全厂合计,全厂合计,,,,非甲烷总烃,吨,5,2022-05,0.0,0,
鸿富锦精密电子（郑州）,2022,废气-全厂合计,全厂合计,,,,非甲烷总烃,吨,6,2022-06,0.0,0,
鸿富锦精密电子（郑州）,2022,废气-全厂合计,全厂合计,,,,非甲烷总烃,吨,7,2022-07,0.0,0,
鸿富锦精密电子（郑州）,2022,废气-全厂合计,全厂合计,,,,非甲烷总烃,吨,8,2022-08,0.0,0,
鸿富锦精密电子（郑州）,2022,废气-全厂合计,全厂合计,,,,非甲烷总烃,吨,9,2022-09,0.0,0,
鸿富锦精密电子（郑州）,2022,废气-全厂合计,全厂合计,,,,非甲烷总烃,吨,10,2022-10,0.0,0,
鸿富锦精密电子（郑州）,2022,废气-全厂合计,全厂合计,,,,非甲烷总烃,吨,11,2022-11,0.0,0,
鸿富锦精密电子（郑州）,2022,废气-全厂合计,全厂合计,,,,非甲烷总烃,吨,12,2022-12,0.0,0,
鸿富锦精密电子（郑州）,2022,废水-全厂合计,全厂合计,间接排放口,,,pH值,无量纲,1,2022-01,7.3,7.3,
鸿富锦精密电子（郑州）,2022,废水-全厂合计,全厂合计,间接排放口,,,pH值,无量纲,2,2022-02,7.3,7.3,
鸿富锦精密电子（郑州）,2022,废水-全厂合计,全厂合计,间接排放口,,,pH值,无量纲,3,2022-03,7.3,7.3,
鸿富锦精密电子（郑州）,2022,废水-全厂合计,全厂合计,间接排放口,,,pH值,无量纲,4,2022-04,7.5,7.5,
鸿富锦精密电子（郑州）,2022,废水-全厂合计,全厂合计,间接排放口,,,pH值,无量纲,5,2022-05,7.4,7.4,
鸿富锦精密电子（郑州）,2022,废水-全厂合计,全厂合计,间接排放口,,,pH值,无量纲,6,2022-06,7.6,7.6,
鸿富锦精密电子（郑州）,2022,废水-全厂合计,全厂合计,间接排放口,,,pH值,无量纲,7,2022-07,,/,
鸿富锦精密电子（郑州）,2022,废水-全厂合计,全厂合计,间接排放口,,,pH值,无量纲,8,2022-08,,/,
鸿富锦精密电子（郑州）,2022,废水-全厂合计,全厂合计,间接排放口,,,pH值,无量纲,9,2022-09,,/,
鸿富锦精密电子（郑州）,2022,废水-全厂合计,全厂合计,间接排放口,,,pH值,无量纲,10,2022-10,7.4,7.4,
鸿富锦精密电子（郑州）,2022,废水-全厂合计,全厂合计,间接排放口,,,pH值,无量纲,11,2022-11,7.4,7.4,
鸿富锦精密电子（郑州）,2022,废水-全厂合计,全厂合计,间接排放口,,,pH值,无量纲,12,2022-12,7.4,7.4,
鸿富锦精密电子（郑州）,2022,废水-全厂合计,全厂合计,间接排放口,,,悬浮物,吨,1,2022-01,32.209,32.209,
鸿富锦精密电子（郑州）,2022,废水-全厂合计,全厂合计,间接排放口,,,悬浮物,吨,2,2022-02,29.032,29.032,
鸿富锦精密电子（郑州）,2022,废水-全厂合计,全厂合计,间接排放口,,,悬浮物,吨,3,2022-03,29.304,29.304,
鸿富锦精密电子（郑州）,2022,废水-全厂合计,全厂合计,间接排放口,,,悬浮物,吨,4,2022-04,19.72,19.72,
鸿富锦精密电子（郑州）,2022,废水-全厂合计,全厂合计,间接排放口,,,悬浮物,吨,5,2022-05,15.2,15.2,
鸿富锦精密电子（郑州）,2022,废水-全厂合计,全厂合计,间接排放口,,,悬浮物,吨,6,2022-06,21.71,21.71,
鸿富锦精密电子（郑州）,2022,废水-全厂合计,全厂合计,间接排放口,,,悬浮物,吨,7,2022-07,21.193,21.193,
鸿富锦精密电子（郑州）,2022,废水-全厂合计,全厂合计,间接排放口,,,悬浮物,吨,8,2022-08,28.135,28.135,
鸿富锦精密电子（郑州）,2022,废水-全厂合计,全厂合计,间接排放口,,,悬浮物,吨,9,2022-09,33.786,33.786,
鸿富锦精密电子（郑州）,2022,废水-全厂合计,全厂合计,间接排放口,,,悬浮物,吨,10,2022-10,27.576,27.576,
鸿富锦精密电子（郑州）,2022,废水-全厂合计,全厂合计,间接排放口,,,悬浮物,吨,11,2022-11,17.177,17.177,
鸿富锦精密电子（郑州）,2022,废水-全厂合计,全厂合计,间接排放口,,,悬浮物,吨,12,2022-12,26.926,26.926,
鸿富锦精密电子（郑州）,2022,废水-全厂合计,全厂合计,间接排放口,,,五日生化需氧量,吨,1,2022-01,20.79,20.79,
鸿富锦精密电子（郑州）,2022,废水-全厂合计,全厂合计,间接排放口,,,五日生化需氧量,吨,2,2022-02,18.47,18.47,
鸿富锦精密电子（郑州）,2022,废水-全厂合计,全厂合计,间接排放口,,,五日生化需氧量,吨,3,2022-03,18.384,18.384,
鸿富锦精密电子（郑州）,2022,废水-全厂合计,全厂合计,间接排放口,,,五日生化需氧量,吨,4,2022-04,12.2,12.2,
鸿富锦精密电子（郑州）,2022,废水-全厂合计,全厂合计,间接排放口,,,五日生化需氧量,吨,5,2022-05,9.16,9.16,
鸿富锦精密电子（郑州）,2022,废水-全厂合计,全厂合计,间接排放口,,,五日生化需氧量,吨,6,2022-06,13.25,13.25,
鸿富锦精密电子（郑州）,2022,废水-全厂合计,全厂合计,间接排放口,,,五日生化需氧量,吨,7,2022-07,13.133,13.133,
鸿富锦精密电子（郑州）,2022,废水-全厂合计,全厂合计,间接排放口,,,五日生化需氧量,吨,8,2022-08,17.927,17.927,
鸿富锦精密电子（郑州）,2022,废水-全厂合计,全厂合计,间接排放口,,,五日生化需氧量,吨,9,2022-09,20.969,20.969,
鸿富锦精密电子（郑州）,2022,废水-全厂合计,全厂合计,间接排放口,,,五日生化需氧量,吨,10,2022-10,16.871,16.871,
鸿富锦精密电子（郑州）,2022,废水-全厂合计,全厂合计,间接排放口,,,五日生化需氧量,吨,11,2022-11,10.732,10.732,
鸿富锦精密电子（郑州）,2022,废水-全厂合计,全厂合计,间接排放口,,,五日生化需氧量,吨,12,2022-12,15.85,15.85,
鸿富锦精密电子（郑州）,2022,废水-全厂合计,全厂合计,间接排放口,,,化学需氧量,吨,1,2022-01,29.515,29.515,
鸿富锦精密电子（郑州）,2022,废水-全厂合计,全厂合计,间接排放口,,,化学需氧量,吨,2,2022-02,26.938,26.938,
鸿富锦精密电子（郑州）,2022,废水-全厂合计,全厂合计,间接排放口,,,化学需氧量,吨,3,2022-03,27.513,27.513,
鸿富锦精密电子（郑州）,2022,废水-全厂合计,全厂合计,间接排放口,,,化学需氧量,吨,4,2022-04,18.73,18.73,
鸿富锦精密电子（郑州）,2022,废水-全厂合计,全厂合计,间接排放口,,,化学需氧量,吨,5,2022-05,14.75,14.75,
鸿富锦精密电子（郑州）,2022,废水-全厂合计,全厂合计,间接排放口,,,化学需氧量,吨,6,2022-06,20.84,20.84,
鸿富锦精密电子（郑州）,2022,废水-全厂合计,全厂合计,间接排放口,,,化学需氧量,吨,7,2022-07,20.101,20.101,
鸿富锦精密电子（郑州）,2022,废水-全厂合计,全厂合计,间接排放口,,,化学需氧量,吨,8,2022-08,26.072,26.072,
鸿富锦精密电子（郑州）,2022,废水-全厂合计,全厂合计,间接排放口,,,化学需氧量,吨,9,2022-09,32.005,32.005,
鸿富锦精密电子（郑州）,2022,废水-全厂合计,全厂合计,间接排放口,,,化学需氧量,吨,10,2022-10,26.425,26.425,
鸿富锦精密电子（郑州）,2022,废水-全厂合计,全厂合计,间接排放口,,,化学需氧量,吨,11,2022-11,16.182,16.182,
鸿富锦精密电子（郑州）,2022,废水-全厂合计,全厂合计,间接排放口,,,化学需氧量,吨,12,2022-12,26.577,26.577,
鸿富锦精密电子（郑州）,2022,废水-全厂合计,全厂合计,间接排放口,,,氨氮（NH3-N）,吨,1,2022-01,2.607,2.607,
鸿富锦精密电子（郑州）,2022,废水-全厂合计,全厂合计,间接排放口,,,氨氮（NH3-N）,吨,2,2022-02,2.363,2.363,
鸿富锦精密电子（郑州）,2022,废水-全厂合计,全厂合计,间接排放口,,,氨氮（NH3-N）,吨,3,2022-03,2.399,2.399,
鸿富锦精密电子（郑州）,2022,废水-全厂合计,全厂合计,间接排放口,,,氨氮（NH3-N）,吨,4,2022-04,1.62,1.62,
鸿富锦精密电子（郑州）,2022,废水-全厂合计,全厂合计,间接排放口,,,氨氮（NH3-N）,吨,5,2022-05,1.26,1.26,
鸿富锦精密电子（郑州）,2022,废水-全厂合计,全厂合计,间接排放口,,,氨氮（NH3-N）,吨,6,2022-06,1.8,1.8,
鸿富锦精密电子（郑州）,2022,废水-全厂合计,全厂合计,间接排放口,,,氨氮（NH3-N）,吨,7,2022-07,1.743,1.743,
鸿富锦精密电子（郑州）,2022,废水-全厂合计,全厂合计,间接排放口,,,氨氮（NH3-N）,吨,8,2022-08,2.289,2.289,
鸿富锦精密电子（郑州）,2022,废水-全厂合计,全厂合计,间接排放口,,,氨氮（NH3-N）,吨,9,2022-09,2.777,2.777,
鸿富锦精密电子（郑州）,2022,废水-全厂合计,全厂合计,间接排放口,,,氨氮（NH3-N）,吨,10,2022-10,2.28,2.28,
鸿富锦精密电子（郑州）,2022,废水-全厂合计,全厂合计,间接排放口,,,氨氮（NH3-N）,吨,11,2022-11,1.408,1.408,
鸿富锦精密电子（郑州）,2022,废水-全厂合计,全厂合计,间接排放口,,,氨氮（NH3-N）,吨,12,2022-12,2.258,2.258,
鸿富锦精密电子（郑州）,2022,废水-全厂合计,全厂合计,间接排放口,,,总磷（以P计）,吨,1,2022-01,0.759,0.759,
鸿富锦精密电子（郑州）,2022,废水-全厂合计,全厂合计,间接排放口,,,总磷（以P计）,吨,2,2022-02,0.683,0.683,
鸿富锦精密电子（郑州）,2022,废水-全厂合计,全厂合计,间接排放口,,,总磷（以P计）,吨,3,2022-03,0.689,0.689,
鸿富锦精密电子（郑州）,2022,废水-全厂合计,全厂合计,间接排放口,,,总磷（以P计）,吨,4,2022-04,0.46,0.46,
鸿富锦精密电子（郑州）,2022,废水-全厂合计,全厂合计,间接排放口,,,总磷（以P计）,吨,5,2022-05,0.36,0.36,
鸿富锦精密电子（郑州）,2022,废水-全厂合计,全厂合计,间接排放口,,,总磷（以P计）,吨,6,2022-06,0.51,0.51,
鸿富锦精密电子（郑州）,2022,废水-全厂合计,全厂合计,间接排放口,,,总磷（以P计）,吨,7,2022-07,0.498,0.498,
鸿富锦精密电子（郑州）,2022,废水-全厂合计,全厂合计,间接排放口,,,总磷（以P计）,吨,8,2022-08,0.662,0.662,
鸿富锦精密电子（郑州）,2022,废水-全厂合计,全厂合计,间接排放口,,,总磷（以P计）,吨,9,2022-09,0.793,0.793,
鸿富锦精密电子（郑州）,2022,废水-全厂合计,全厂合计,间接排放口,,,总磷（以P计）,吨,10,2022-10,0.647,0.647,
鸿富锦精密电子（郑州）,2022,废水-全厂合计,全厂合计,间接排放口,,,总磷（以P计）,吨,11,2022-11,0.404,0.404,
鸿富锦精密电子（郑州）,2022,废水-全厂合计,全厂合计,间接排放口,,,总磷（以P计）,吨,12,2022-12,0.63,0.63,
鸿富锦精密电子（郑州）,2022,废水-全厂合计,全厂合计,间接排放口,,,溶解性总固体（全盐类）,吨,1,2022-01,119.757,119.757,
鸿富锦精密电子（郑州）,2022,废水-全厂合计,全厂合计,间接排放口,,,溶解性总固体（全盐类）,吨,2,2022-02,108.42,108.42,
鸿富锦精密电子（郑州）,2022,废水-全厂合计,全厂合计,间接排放口,,,溶解性总固体（全盐类）,吨,3,2022-03,109.897,109.897,
鸿富锦精密电子（郑州）,2022,废水-全厂合计,全厂合计,间接排放口,,,溶解性总固体（全盐类）,吨,4,2022-04,74.25,74.25,
鸿富锦精密电子（郑州）,2022,废水-全厂合计,全厂合计,间接排放口,,,溶解性总固体（全盐类）,吨,5,2022-05,57.7,57.7,
鸿富锦精密电子（郑州）,2022,废水-全厂合计,全厂合计,间接排放口,,,溶解性总固体（全盐类）,吨,6,2022-06,82.07,82.07,
鸿富锦精密电子（郑州）,2022,废水-全厂合计,全厂合计,间接排放口,,,溶解性总固体（全盐类）,吨,7,2022-07,79.769,79.769,
鸿富锦精密电子（郑州）,2022,废水-全厂合计,全厂合计,间接排放口,,,溶解性总固体（全盐类）,吨,8,2022-08,105.023,105.023,
鸿富锦精密电子（郑州）,2022,废水-全厂合计,全厂合计,间接排放口,,,溶解性总固体（全盐类）,吨,9,2022-09,127.11,127.11,
鸿富锦精密电子（郑州）,2022,废水-全厂合计,全厂合计,间接排放口,,,溶解性总固体（全盐类）,吨,10,2022-10,104.177,104.177,
鸿富锦精密电子（郑州）,2022,废水-全厂合计,全厂合计,间接排放口,,,溶解性总固体（全盐类）,吨,11,2022-11,64.497,64.497,
鸿富锦精密电子（郑州）,2022,废水-全厂合计,全厂合计,间接排放口,,,溶解性总固体（全盐类）,吨,12,2022-12,102.826,102.826,
鸿富锦精密电子（郑州）,2023,废气-全厂合计,全厂合计,,,,NOx,吨,1,2023-01,0.53,0.53,
鸿富锦精密电子（郑州）,2023,废气-全厂合计,全厂合计,,,,NOx,吨,2,2023-02,0.038,0.038,
鸿富锦精密电子（郑州）,2023,废气-全厂合计,全厂合计,,,,NOx,吨,3,2023-03,0.093,0.093,
鸿富锦精密电子（郑州）,2023,废气-全厂合计,全厂合计,,,,NOx,吨,4,2023-04,0.002,0.002,
鸿富锦精密电子（郑州）,2023,废气-全厂合计,全厂合计,,,,NOx,吨,5,2023-05,0.0,0,
鸿富锦精密电子（郑州）,2023,废气-全厂合计,全厂合计,,,,NOx,吨,6,2023-06,0.001,0.001,
鸿富锦精密电子（郑州）,2023,废气-全厂合计,全厂合计,,,,NOx,吨,7,2023-07,0.0,0,
鸿富锦精密电子（郑州）,2023,废气-全厂合计,全厂合计,,,,NOx,吨,8,2023-08,0.03,0.03,
鸿富锦精密电子（郑州）,2023,废气-全厂合计,全厂合计,,,,NOx,吨,9,2023-09,0.06,0.06,
鸿富锦精密电子（郑州）,2023,废气-全厂合计,全厂合计,,,,NOx,吨,10,2023-10,0.0,0,
鸿富锦精密电子（郑州）,2023,废气-全厂合计,全厂合计,,,,NOx,吨,11,2023-11,0.03,0.03,
鸿富锦精密电子（郑州）,2023,废气-全厂合计,全厂合计,,,,NOx,吨,12,2023-12,0.06,0.06,
鸿富锦精密电子（郑州）,2023,废气-全厂合计,全厂合计,,,,SO2,吨,1,2023-01,0.0,0,
鸿富锦精密电子（郑州）,2023,废气-全厂合计,全厂合计,,,,SO2,吨,2,2023-02,0.0,0,
鸿富锦精密电子（郑州）,2023,废气-全厂合计,全厂合计,,,,SO2,吨,3,2023-03,0.0,0,
鸿富锦精密电子（郑州）,2023,废气-全厂合计,全厂合计,,,,SO2,吨,4,2023-04,,/,
鸿富锦精密电子（郑州）,2023,废气-全厂合计,全厂合计,,,,SO2,吨,5,2023-05,,/,
鸿富锦精密电子（郑州）,2023,废气-全厂合计,全厂合计,,,,SO2,吨,6,2023-06,,/,
鸿富锦精密电子（郑州）,2023,废气-全厂合计,全厂合计,,,,SO2,吨,7,2023-07,,/,
鸿富锦精密电子（郑州）,2023,废气-全厂合计,全厂合计,,,,SO2,吨,8,2023-08,,/,
鸿富锦精密电子（郑州）,2023,废气-全厂合计,全厂合计,,,,SO2,吨,9,2023-09,,/,
鸿富锦精密电子（郑州）,2023,废气-全厂合计,全厂合计,,,,SO2,吨,10,2023-10,0.0,0,
鸿富锦精密电子（郑州）,2023,废气-全厂合计,全厂合计,,,,SO2,吨,11,2023-11,0.0,0,
鸿富锦精密电子（郑州）,2023,废气-全厂合计,全厂合计,,,,SO2,吨,12,2023-12,0.0,0,
鸿富锦精密电子（郑州）,2023,废气-全厂合计,全厂合计,,,,颗粒物,吨,1,2023-01,0.0,0,
鸿富锦精密电子（郑州）,2023,废气-全厂合计,全厂合计,,,,颗粒物,吨,2,2023-02,0.0,0,
鸿富锦精密电子（郑州）,2023,废气-全厂合计,全厂合计,,,,颗粒物,吨,3,2023-03,0.0,0,
鸿富锦精密电子（郑州）,2023,废气-全厂合计,全厂合计,,,,颗粒物,吨,4,2023-04,,/,
鸿富锦精密电子（郑州）,2023,废气-全厂合计,全厂合计,,,,颗粒物,吨,5,2023-05,,/,
鸿富锦精密电子（郑州）,2023,废气-全厂合计,全厂合计,,,,颗粒物,吨,6,2023-06,,/,
鸿富锦精密电子（郑州）,2023,废气-全厂合计,全厂合计,,,,颗粒物,吨,7,2023-07,,/,
鸿富锦精密电子（郑州）,2023,废气-全厂合计,全厂合计,,,,颗粒物,吨,8,2023-08,,/,
鸿富锦精密电子（郑州）,2023,废气-全厂合计,全厂合计,,,,颗粒物,吨,9,2023-09,,/,
鸿富锦精密电子（郑州）,2023,废气-全厂合计,全厂合计,,,,颗粒物,吨,10,2023-10,0.0,0,
鸿富锦精密电子（郑州）,2023,废气-全厂合计,全厂合计,,,,颗粒物,吨,11,2023-11,0.0,0,
鸿富锦精密电子（郑州）,2023,废气-全厂合计,全厂合计,,,,颗粒物,吨,12,2023-12,0.0,0,
鸿富锦精密电子（郑州）,2023,废气-全厂合计,全厂合计,,,,VOCs,吨,1,2023-01,1.43,1.43,
鸿富锦精密电子（郑州）,2023,废气-全厂合计,全厂合计,,,,VOCs,吨,2,2023-02,1.08,1.08,
鸿富锦精密电子（郑州）,2023,废气-全厂合计,全厂合计,,,,VOCs,吨,3,2023-03,1.3,1.3,
鸿富锦精密电子（郑州）,2023,废气-全厂合计,全厂合计,,,,VOCs,吨,4,2023-04,1.16,1.16,
鸿富锦精密电子（郑州）,2023,废气-全厂合计,全厂合计,,,,VOCs,吨,5,2023-05,1.47,1.47,
鸿富锦精密电子（郑州）,2023,废气-全厂合计,全厂合计,,,,VOCs,吨,6,2023-06,1.65,1.65,
鸿富锦精密电子（郑州）,2023,废气-全厂合计,全厂合计,,,,VOCs,吨,7,2023-07,2.57,2.57,
鸿富锦精密电子（郑州）,2023,废气-全厂合计,全厂合计,,,,VOCs,吨,8,2023-08,2.67,2.67,
鸿富锦精密电子（郑州）,2023,废气-全厂合计,全厂合计,,,,VOCs,吨,9,2023-09,2.26,2.26,
鸿富锦精密电子（郑州）,2023,废气-全厂合计,全厂合计,,,,VOCs,吨,10,2023-10,2.19,2.19,
鸿富锦精密电子（郑州）,2023,废气-全厂合计,全厂合计,,,,VOCs,吨,11,2023-11,2.33,2.33,
鸿富锦精密电子（郑州）,2023,废气-全厂合计,全厂合计,,,,VOCs,吨,12,2023-12,2.32,2.32,
鸿富锦精密电子（郑州）,2023,废水-全厂合计,全厂合计,间接排放口,,,pH值,无量纲,1,2023-01,7.1,7.1,
鸿富锦精密电子（郑州）,2023,废水-全厂合计,全厂合计,间接排放口,,,pH值,无量纲,2,2023-02,7.1,7.1,
鸿富锦精密电子（郑州）,2023,废水-全厂合计,全厂合计,间接排放口,,,pH值,无量纲,3,2023-03,7.1,7.1,
鸿富锦精密电子（郑州）,2023,废水-全厂合计,全厂合计,间接排放口,,,pH值,无量纲,4,2023-04,7.1,7.1,
鸿富锦精密电子（郑州）,2023,废水-全厂合计,全厂合计,间接排放口,,,pH值,无量纲,5,2023-05,7.1,7.1,
鸿富锦精密电子（郑州）,2023,废水-全厂合计,全厂合计,间接排放口,,,pH值,无量纲,6,2023-06,7.1,7.1,
鸿富锦精密电子（郑州）,2023,废水-全厂合计,全厂合计,间接排放口,,,pH值,无量纲,7,2023-07,7.2,7.2,
鸿富锦精密电子（郑州）,2023,废水-全厂合计,全厂合计,间接排放口,,,pH值,无量纲,8,2023-08,7.2,7.2,
鸿富锦精密电子（郑州）,2023,废水-全厂合计,全厂合计,间接排放口,,,pH值,无量纲,9,2023-09,7.2,7.2,
鸿富锦精密电子（郑州）,2023,废水-全厂合计,全厂合计,间接排放口,,,pH值,无量纲,10,2023-10,7.57,7.57,
鸿富锦精密电子（郑州）,2023,废水-全厂合计,全厂合计,间接排放口,,,pH值,无量纲,11,2023-11,7.57,7.57,
鸿富锦精密电子（郑州）,2023,废水-全厂合计,全厂合计,间接排放口,,,pH值,无量纲,12,2023-12,7.57,7.57,
鸿富锦精密电子（郑州）,2023,废水-全厂合计,全厂合计,间接排放口,,,悬浮物,吨,1,2023-01,22.87,22.87,
鸿富锦精密电子（郑州）,2023,废水-全厂合计,全厂合计,间接排放口,,,悬浮物,吨,2,2023-02,24.327,24.327,
鸿富锦精密电子（郑州）,2023,废水-全厂合计,全厂合计,间接排放口,,,悬浮物,吨,3,2023-03,14.025,14.025,
鸿富锦精密电子（郑州）,2023,废水-全厂合计,全厂合计,间接排放口,,,悬浮物,吨,4,2023-04,9.94,9.94,
鸿富锦精密电子（郑州）,2023,废水-全厂合计,全厂合计,间接排放口,,,悬浮物,吨,5,2023-05,9.28,9.28,
鸿富锦精密电子（郑州）,2023,废水-全厂合计,全厂合计,间接排放口,,,悬浮物,吨,6,2023-06,12.19,12.19,
鸿富锦精密电子（郑州）,2023,废水-全厂合计,全厂合计,间接排放口,,,悬浮物,吨,7,2023-07,27.1,27.1,
鸿富锦精密电子（郑州）,2023,废水-全厂合计,全厂合计,间接排放口,,,悬浮物,吨,8,2023-08,33.13,33.13,
鸿富锦精密电子（郑州）,2023,废水-全厂合计,全厂合计,间接排放口,,,悬浮物,吨,9,2023-09,33.02,33.02,
鸿富锦精密电子（郑州）,2023,废水-全厂合计,全厂合计,间接排放口,,,悬浮物,吨,10,2023-10,7.22,7.22,
鸿富锦精密电子（郑州）,2023,废水-全厂合计,全厂合计,间接排放口,,,悬浮物,吨,11,2023-11,8.44,8.44,
鸿富锦精密电子（郑州）,2023,废水-全厂合计,全厂合计,间接排放口,,,悬浮物,吨,12,2023-12,7.86,7.86,
鸿富锦精密电子（郑州）,2023,废水-全厂合计,全厂合计,间接排放口,,,五日生化需氧量,吨,1,2023-01,20.464,20.464,
鸿富锦精密电子（郑州）,2023,废水-全厂合计,全厂合计,间接排放口,,,五日生化需氧量,吨,2,2023-02,21.8,21.8,
鸿富锦精密电子（郑州）,2023,废水-全厂合计,全厂合计,间接排放口,,,五日生化需氧量,吨,3,2023-03,12.58,12.58,
鸿富锦精密电子（郑州）,2023,废水-全厂合计,全厂合计,间接排放口,,,五日生化需氧量,吨,4,2023-04,9.85,9.85,
鸿富锦精密电子（郑州）,2023,废水-全厂合计,全厂合计,间接排放口,,,五日生化需氧量,吨,5,2023-05,9.21,9.21,
鸿富锦精密电子（郑州）,2023,废水-全厂合计,全厂合计,间接排放口,,,五日生化需氧量,吨,6,2023-06,12.06,12.06,
鸿富锦精密电子（郑州）,2023,废水-全厂合计,全厂合计,间接排放口,,,五日生化需氧量,吨,7,2023-07,16.5,16.5,
鸿富锦精密电子（郑州）,2023,废水-全厂合计,全厂合计,间接排放口,,,五日生化需氧量,吨,8,2023-08,20.0,20,
鸿富锦精密电子（郑州）,2023,废水-全厂合计,全厂合计,间接排放口,,,五日生化需氧量,吨,9,2023-09,19.96,19.96,
鸿富锦精密电子（郑州）,2023,废水-全厂合计,全厂合计,间接排放口,,,五日生化需氧量,吨,10,2023-10,8.96,8.96,
鸿富锦精密电子（郑州）,2023,废水-全厂合计,全厂合计,间接排放口,,,五日生化需氧量,吨,11,2023-11,10.5,10.5,
鸿富锦精密电子（郑州）,2023,废水-全厂合计,全厂合计,间接排放口,,,五日生化需氧量,吨,12,2023-12,9.8,9.8,
鸿富锦精密电子（郑州）,2023,废水-全厂合计,全厂合计,间接排放口,,,化学需氧量,吨,1,2023-01,12.853,12.853,
鸿富锦精密电子（郑州）,2023,废水-全厂合计,全厂合计,间接排放口,,,化学需氧量,吨,2,2023-02,13.502,13.502,
鸿富锦精密电子（郑州）,2023,废水-全厂合计,全厂合计,间接排放口,,,化学需氧量,吨,3,2023-03,7.721,7.721,
鸿富锦精密电子（郑州）,2023,废水-全厂合计,全厂合计,间接排放口,,,化学需氧量,吨,4,2023-04,9.6,9.6,
鸿富锦精密电子（郑州）,2023,废水-全厂合计,全厂合计,间接排放口,,,化学需氧量,吨,5,2023-05,8.98,8.98,
鸿富锦精密电子（郑州）,2023,废水-全厂合计,全厂合计,间接排放口,,,化学需氧量,吨,6,2023-06,11.75,11.75,
鸿富锦精密电子（郑州）,2023,废水-全厂合计,全厂合计,间接排放口,,,化学需氧量,吨,7,2023-07,20.51,20.51,
鸿富锦精密电子（郑州）,2023,废水-全厂合计,全厂合计,间接排放口,,,化学需氧量,吨,8,2023-08,25.05,25.05,
鸿富锦精密电子（郑州）,2023,废水-全厂合计,全厂合计,间接排放口,,,化学需氧量,吨,9,2023-09,25.05,25.05,
鸿富锦精密电子（郑州）,2023,废水-全厂合计,全厂合计,间接排放口,,,化学需氧量,吨,10,2023-10,13.77,13.77,
鸿富锦精密电子（郑州）,2023,废水-全厂合计,全厂合计,间接排放口,,,化学需氧量,吨,11,2023-11,16.15,16.15,
鸿富锦精密电子（郑州）,2023,废水-全厂合计,全厂合计,间接排放口,,,化学需氧量,吨,12,2023-12,15.11,15.11,
鸿富锦精密电子（郑州）,2023,废水-全厂合计,全厂合计,间接排放口,,,氨氮（NH3-N）,吨,1,2023-01,3.368,3.368,
鸿富锦精密电子（郑州）,2023,废水-全厂合计,全厂合计,间接排放口,,,氨氮（NH3-N）,吨,2,2023-02,3.484,3.484,
鸿富锦精密电子（郑州）,2023,废水-全厂合计,全厂合计,间接排放口,,,氨氮（NH3-N）,吨,3,2023-03,1.972,1.972,
鸿富锦精密电子（郑州）,2023,废水-全厂合计,全厂合计,间接排放口,,,氨氮（NH3-N）,吨,4,2023-04,2.13,2.13,
鸿富锦精密电子（郑州）,2023,废水-全厂合计,全厂合计,间接排放口,,,氨氮（NH3-N）,吨,5,2023-05,1.99,1.99,
鸿富锦精密电子（郑州）,2023,废水-全厂合计,全厂合计,间接排放口,,,氨氮（NH3-N）,吨,6,2023-06,2.61,2.61,
鸿富锦精密电子（郑州）,2023,废水-全厂合计,全厂合计,间接排放口,,,氨氮（NH3-N）,吨,7,2023-07,2.54,2.54,
鸿富锦精密电子（郑州）,2023,废水-全厂合计,全厂合计,间接排放口,,,氨氮（NH3-N）,吨,8,2023-08,3.08,3.08,
鸿富锦精密电子（郑州）,2023,废水-全厂合计,全厂合计,间接排放口,,,氨氮（NH3-N）,吨,9,2023-09,3.06,3.06,
鸿富锦精密电子（郑州）,2023,废水-全厂合计,全厂合计,间接排放口,,,氨氮（NH3-N）,吨,10,2023-10,1.84,1.84,
鸿富锦精密电子（郑州）,2023,废水-全厂合计,全厂合计,间接排放口,,,氨氮（NH3-N）,吨,11,2023-11,2.16,2.16,
鸿富锦精密电子（郑州）,2023,废水-全厂合计,全厂合计,间接排放口,,,氨氮（NH3-N）,吨,12,2023-12,2.01,2.01,
鸿富锦精密电子（郑州）,2023,废水-全厂合计,全厂合计,间接排放口,,,总磷（以P计）,吨,1,2023-01,0.311,0.311,
鸿富锦精密电子（郑州）,2023,废水-全厂合计,全厂合计,间接排放口,,,总磷（以P计）,吨,2,2023-02,0.333,0.333,
鸿富锦精密电子（郑州）,2023,废水-全厂合计,全厂合计,间接排放口,,,总磷（以P计）,吨,3,2023-03,0.192,0.192,
鸿富锦精密电子（郑州）,2023,废水-全厂合计,全厂合计,间接排放口,,,总磷（以P计）,吨,4,2023-04,0.2,0.2,
鸿富锦精密电子（郑州）,2023,废水-全厂合计,全厂合计,间接排放口,,,总磷（以P计）,吨,5,2023-05,0.19,0.19,
鸿富锦精密电子（郑州）,2023,废水-全厂合计,全厂合计,间接排放口,,,总磷（以P计）,吨,6,2023-06,0.25,0.25,
鸿富锦精密电子（郑州）,2023,废水-全厂合计,全厂合计,间接排放口,,,总磷（以P计）,吨,7,2023-07,0.24,0.24,
鸿富锦精密电子（郑州）,2023,废水-全厂合计,全厂合计,间接排放口,,,总磷（以P计）,吨,8,2023-08,0.3,0.3,
鸿富锦精密电子（郑州）,2023,废水-全厂合计,全厂合计,间接排放口,,,总磷（以P计）,吨,9,2023-09,0.29,0.29,
鸿富锦精密电子（郑州）,2023,废水-全厂合计,全厂合计,间接排放口,,,总磷（以P计）,吨,10,2023-10,0.17,0.17,
鸿富锦精密电子（郑州）,2023,废水-全厂合计,全厂合计,间接排放口,,,总磷（以P计）,吨,11,2023-11,0.2,0.2,
鸿富锦精密电子（郑州）,2023,废水-全厂合计,全厂合计,间接排放口,,,总磷（以P计）,吨,12,2023-12,0.18,0.18,
鸿富锦精密电子（郑州）,2023,废水-全厂合计,全厂合计,间接排放口,,,溶解性总固体（全盐类）,吨,1,2023-01,60.03,60.03,
鸿富锦精密电子（郑州）,2023,废水-全厂合计,全厂合计,间接排放口,,,溶解性总固体（全盐类）,吨,2,2023-02,62.992,62.992,
鸿富锦精密电子（郑州）,2023,废水-全厂合计,全厂合计,间接排放口,,,溶解性总固体（全盐类）,吨,3,2023-03,35.997,35.997,
鸿富锦精密电子（郑州）,2023,废水-全厂合计,全厂合计,间接排放口,,,溶解性总固体（全盐类）,吨,4,2023-04,31.25,31.25,
鸿富锦精密电子（郑州）,2023,废水-全厂合计,全厂合计,间接排放口,,,溶解性总固体（全盐类）,吨,5,2023-05,29.2,29.2,
鸿富锦精密电子（郑州）,2023,废水-全厂合计,全厂合计,间接排放口,,,溶解性总固体（全盐类）,吨,6,2023-06,38.26,38.26,
鸿富锦精密电子（郑州）,2023,废水-全厂合计,全厂合计,间接排放口,,,溶解性总固体（全盐类）,吨,7,2023-07,38.0,38,
鸿富锦精密电子（郑州）,2023,废水-全厂合计,全厂合计,间接排放口,,,溶解性总固体（全盐类）,吨,8,2023-08,46.55,46.55,
鸿富锦精密电子（郑州）,2023,废水-全厂合计,全厂合计,间接排放口,,,溶解性总固体（全盐类）,吨,9,2023-09,46.38,46.38,
鸿富锦精密电子（郑州）,2023,废水-全厂合计,全厂合计,间接排放口,,,溶解性总固体（全盐类）,吨,10,2023-10,27.6,27.6,
鸿富锦精密电子（郑州）,2023,废水-全厂合计,全厂合计,间接排放口,,,溶解性总固体（全盐类）,吨,11,2023-11,32.36,32.36,
鸿富锦精密电子（郑州）,2023,废水-全厂合计,全厂合计,间接排放口,,,溶解性总固体（全盐类）,吨,12,2023-12,30.25,30.25,
鸿富锦精密电子（郑州）,2024,废气-全厂合计,全厂合计,,,,NOx,吨,1,2024-01,0.54,0.54,
鸿富锦精密电子（郑州）,2024,废气-全厂合计,全厂合计,,,,NOx,吨,2,2024-02,0.39,0.39,
鸿富锦精密电子（郑州）,2024,废气-全厂合计,全厂合计,,,,NOx,吨,3,2024-03,0.17,0.17,
鸿富锦精密电子（郑州）,2024,废气-全厂合计,全厂合计,,,,NOx,吨,4,2024-04,0.04,0.04,
鸿富锦精密电子（郑州）,2024,废气-全厂合计,全厂合计,,,,NOx,吨,5,2024-05,0.03,0.03,
鸿富锦精密电子（郑州）,2024,废气-全厂合计,全厂合计,,,,NOx,吨,6,2024-06,0.02,0.02,
鸿富锦精密电子（郑州）,2024,废气-全厂合计,全厂合计,,,,NOx,吨,7,2024-07,0.15,0.15,
鸿富锦精密电子（郑州）,2024,废气-全厂合计,全厂合计,,,,NOx,吨,8,2024-08,0.15,0.15,
鸿富锦精密电子（郑州）,2024,废气-全厂合计,全厂合计,,,,NOx,吨,9,2024-09,0.15,0.15,
鸿富锦精密电子（郑州）,2024,废气-全厂合计,全厂合计,,,,NOx,吨,10,2024-10,0.02,0.02,
鸿富锦精密电子（郑州）,2024,废气-全厂合计,全厂合计,,,,NOx,吨,11,2024-11,0.07,0.07,
鸿富锦精密电子（郑州）,2024,废气-全厂合计,全厂合计,,,,NOx,吨,12,2024-12,0.27,0.27,
鸿富锦精密电子（郑州）,2024,废气-全厂合计,全厂合计,,,,SO2,吨,1,2024-01,,/,
鸿富锦精密电子（郑州）,2024,废气-全厂合计,全厂合计,,,,SO2,吨,2,2024-02,,/,
鸿富锦精密电子（郑州）,2024,废气-全厂合计,全厂合计,,,,SO2,吨,3,2024-03,,/,
鸿富锦精密电子（郑州）,2024,废气-全厂合计,全厂合计,,,,SO2,吨,4,2024-04,,/,
鸿富锦精密电子（郑州）,2024,废气-全厂合计,全厂合计,,,,SO2,吨,5,2024-05,,/,
鸿富锦精密电子（郑州）,2024,废气-全厂合计,全厂合计,,,,SO2,吨,6,2024-06,,/,
鸿富锦精密电子（郑州）,2024,废气-全厂合计,全厂合计,,,,SO2,吨,7,2024-07,0.0,0,
鸿富锦精密电子（郑州）,2024,废气-全厂合计,全厂合计,,,,SO2,吨,8,2024-08,0.0,0,
鸿富锦精密电子（郑州）,2024,废气-全厂合计,全厂合计,,,,SO2,吨,9,2024-09,0.0,0,
鸿富锦精密电子（郑州）,2024,废气-全厂合计,全厂合计,,,,SO2,吨,10,2024-10,0.001706,0.001706,
鸿富锦精密电子（郑州）,2024,废气-全厂合计,全厂合计,,,,SO2,吨,11,2024-11,0.00259,0.00259,
鸿富锦精密电子（郑州）,2024,废气-全厂合计,全厂合计,,,,SO2,吨,12,2024-12,0.011029,0.011029,
鸿富锦精密电子（郑州）,2024,废气-全厂合计,全厂合计,,,,颗粒物,吨,1,2024-01,,/,
鸿富锦精密电子（郑州）,2024,废气-全厂合计,全厂合计,,,,颗粒物,吨,2,2024-02,,/,
鸿富锦精密电子（郑州）,2024,废气-全厂合计,全厂合计,,,,颗粒物,吨,3,2024-03,,/,
鸿富锦精密电子（郑州）,2024,废气-全厂合计,全厂合计,,,,颗粒物,吨,4,2024-04,,/,
鸿富锦精密电子（郑州）,2024,废气-全厂合计,全厂合计,,,,颗粒物,吨,5,2024-05,,/,
鸿富锦精密电子（郑州）,2024,废气-全厂合计,全厂合计,,,,颗粒物,吨,6,2024-06,,/,
鸿富锦精密电子（郑州）,2024,废气-全厂合计,全厂合计,,,,颗粒物,吨,7,2024-07,,/,
鸿富锦精密电子（郑州）,2024,废气-全厂合计,全厂合计,,,,颗粒物,吨,8,2024-08,,/,
鸿富锦精密电子（郑州）,2024,废气-全厂合计,全厂合计,,,,颗粒物,吨,9,2024-09,,/,
鸿富锦精密电子（郑州）,2024,废气-全厂合计,全厂合计,,,,颗粒物,吨,10,2024-10,,/,
鸿富锦精密电子（郑州）,2024,废气-全厂合计,全厂合计,,,,颗粒物,吨,11,2024-11,,/,
鸿富锦精密电子（郑州）,2024,废气-全厂合计,全厂合计,,,,颗粒物,吨,12,2024-12,,/,
鸿富锦精密电子（郑州）,2024,废气-全厂合计,全厂合计,,,,VOCs,吨,1,2024-01,4.06,4.06,
鸿富锦精密电子（郑州）,2024,废气-全厂合计,全厂合计,,,,VOCs,吨,2,2024-02,2.86,2.86,
鸿富锦精密电子（郑州）,2024,废气-全厂合计,全厂合计,,,,VOCs,吨,3,2024-03,3.75,3.75,
鸿富锦精密电子（郑州）,2024,废气-全厂合计,全厂合计,,,,VOCs,吨,4,2024-04,0.765587,0.765587,
鸿富锦精密电子（郑州）,2024,废气-全厂合计,全厂合计,,,,VOCs,吨,5,2024-05,0.873854,0.873854,
鸿富锦精密电子（郑州）,2024,废气-全厂合计,全厂合计,,,,VOCs,吨,6,2024-06,0.763651,0.763651,
鸿富锦精密电子（郑州）,2024,废气-全厂合计,全厂合计,,,,VOCs,吨,7,2024-07,1.490255,1.490255,
鸿富锦精密电子（郑州）,2024,废气-全厂合计,全厂合计,,,,VOCs,吨,8,2024-08,1.581301,1.581301,
鸿富锦精密电子（郑州）,2024,废气-全厂合计,全厂合计,,,,VOCs,吨,9,2024-09,1.565765,1.565765,
鸿富锦精密电子（郑州）,2024,废气-全厂合计,全厂合计,,,,VOCs,吨,10,2024-10,1.297071,1.297071,
鸿富锦精密电子（郑州）,2024,废气-全厂合计,全厂合计,,,,VOCs,吨,11,2024-11,1.24878,1.24878,
鸿富锦精密电子（郑州）,2024,废气-全厂合计,全厂合计,,,,VOCs,吨,12,2024-12,1.231079,1.231079,
鸿富锦精密电子（郑州）,2024,废水-全厂合计,全厂合计,间接排放口,,,pH值,无量纲,1,2024-01,7.4,7.4,
鸿富锦精密电子（郑州）,2024,废水-全厂合计,全厂合计,间接排放口,,,pH值,无量纲,2,2024-02,7.4,7.4,
鸿富锦精密电子（郑州）,2024,废水-全厂合计,全厂合计,间接排放口,,,pH值,无量纲,3,2024-03,7.4,7.4,
鸿富锦精密电子（郑州）,2024,废水-全厂合计,全厂合计,间接排放口,,,pH值,无量纲,4,2024-04,8.1,8.1,
鸿富锦精密电子（郑州）,2024,废水-全厂合计,全厂合计,间接排放口,,,pH值,无量纲,5,2024-05,8.1,8.1,
鸿富锦精密电子（郑州）,2024,废水-全厂合计,全厂合计,间接排放口,,,pH值,无量纲,6,2024-06,8.1,8.1,
鸿富锦精密电子（郑州）,2024,废水-全厂合计,全厂合计,间接排放口,,,pH值,无量纲,7,2024-07,7.1,7.1,
鸿富锦精密电子（郑州）,2024,废水-全厂合计,全厂合计,间接排放口,,,pH值,无量纲,8,2024-08,7.2,7.2,
鸿富锦精密电子（郑州）,2024,废水-全厂合计,全厂合计,间接排放口,,,pH值,无量纲,9,2024-09,7.1,7.1,
鸿富锦精密电子（郑州）,2024,废水-全厂合计,全厂合计,间接排放口,,,pH值,无量纲,10,2024-10,7.3,7.3,
鸿富锦精密电子（郑州）,2024,废水-全厂合计,全厂合计,间接排放口,,,pH值,无量纲,11,2024-11,7.3,7.3,
鸿富锦精密电子（郑州）,2024,废水-全厂合计,全厂合计,间接排放口,,,pH值,无量纲,12,2024-12,7.3,7.3,
鸿富锦精密电子（郑州）,2024,废水-全厂合计,全厂合计,间接排放口,,,悬浮物,吨,1,2024-01,16.52,16.52,
鸿富锦精密电子（郑州）,2024,废水-全厂合计,全厂合计,间接排放口,,,悬浮物,吨,2,2024-02,14.2,14.2,
鸿富锦精密电子（郑州）,2024,废水-全厂合计,全厂合计,间接排放口,,,悬浮物,吨,3,2024-03,11.2,11.2,
鸿富锦精密电子（郑州）,2024,废水-全厂合计,全厂合计,间接排放口,,,悬浮物,吨,4,2024-04,3.33,3.33,
鸿富锦精密电子（郑州）,2024,废水-全厂合计,全厂合计,间接排放口,,,悬浮物,吨,5,2024-05,4.01,4.01,
鸿富锦精密电子（郑州）,2024,废水-全厂合计,全厂合计,间接排放口,,,悬浮物,吨,6,2024-06,4.47,4.47,
鸿富锦精密电子（郑州）,2024,废水-全厂合计,全厂合计,间接排放口,,,悬浮物,吨,7,2024-07,9.86,9.86,
鸿富锦精密电子（郑州）,2024,废水-全厂合计,全厂合计,间接排放口,,,悬浮物,吨,8,2024-08,13.98,13.98,
鸿富锦精密电子（郑州）,2024,废水-全厂合计,全厂合计,间接排放口,,,悬浮物,吨,9,2024-09,49.56,49.56,
鸿富锦精密电子（郑州）,2024,废水-全厂合计,全厂合计,间接排放口,,,悬浮物,吨,10,2024-10,11.51,11.51,
鸿富锦精密电子（郑州）,2024,废水-全厂合计,全厂合计,间接排放口,,,悬浮物,吨,11,2024-11,9.96,9.96,
鸿富锦精密电子（郑州）,2024,废水-全厂合计,全厂合计,间接排放口,,,悬浮物,吨,12,2024-12,9.77,9.77,
鸿富锦精密电子（郑州）,2024,废水-全厂合计,全厂合计,间接排放口,,,五日生化需氧量,吨,1,2024-01,20.4,20.4,
鸿富锦精密电子（郑州）,2024,废水-全厂合计,全厂合计,间接排放口,,,五日生化需氧量,吨,2,2024-02,17.67,17.67,
鸿富锦精密电子（郑州）,2024,废水-全厂合计,全厂合计,间接排放口,,,五日生化需氧量,吨,3,2024-03,13.95,13.95,
鸿富锦精密电子（郑州）,2024,废水-全厂合计,全厂合计,间接排放口,,,五日生化需氧量,吨,4,2024-04,5.44,5.44,
鸿富锦精密电子（郑州）,2024,废水-全厂合计,全厂合计,间接排放口,,,五日生化需氧量,吨,5,2024-05,6.55,6.55,
鸿富锦精密电子（郑州）,2024,废水-全厂合计,全厂合计,间接排放口,,,五日生化需氧量,吨,6,2024-06,7.32,7.32,
鸿富锦精密电子（郑州）,2024,废水-全厂合计,全厂合计,间接排放口,,,五日生化需氧量,吨,7,2024-07,13.8,13.8,
鸿富锦精密电子（郑州）,2024,废水-全厂合计,全厂合计,间接排放口,,,五日生化需氧量,吨,8,2024-08,19.78,19.78,
鸿富锦精密电子（郑州）,2024,废水-全厂合计,全厂合计,间接排放口,,,五日生化需氧量,吨,9,2024-09,62.19,62.19,
鸿富锦精密电子（郑州）,2024,废水-全厂合计,全厂合计,间接排放口,,,五日生化需氧量,吨,10,2024-10,24.56,24.56,
鸿富锦精密电子（郑州）,2024,废水-全厂合计,全厂合计,间接排放口,,,五日生化需氧量,吨,11,2024-11,21.24,21.24,
鸿富锦精密电子（郑州）,2024,废水-全厂合计,全厂合计,间接排放口,,,五日生化需氧量,吨,12,2024-12,20.85,20.85,
鸿富锦精密电子（郑州）,2024,废水-全厂合计,全厂合计,间接排放口,,,化学需氧量,吨,1,2024-01,20.8,20.8,
鸿富锦精密电子（郑州）,2024,废水-全厂合计,全厂合计,间接排放口,,,化学需氧量,吨,2,2024-02,17.63,17.63,
鸿富锦精密电子（郑州）,2024,废水-全厂合计,全厂合计,间接排放口,,,化学需氧量,吨,3,2024-03,13.86,13.86,
鸿富锦精密电子（郑州）,2024,废水-全厂合计,全厂合计,间接排放口,,,化学需氧量,吨,4,2024-04,13.66,13.66,
鸿富锦精密电子（郑州）,2024,废水-全厂合计,全厂合计,间接排放口,,,化学需氧量,吨,5,2024-05,16.38,16.38,
鸿富锦精密电子（郑州）,2024,废水-全厂合计,全厂合计,间接排放口,,,化学需氧量,吨,6,2024-06,18.5,18.5,
鸿富锦精密电子（郑州）,2024,废水-全厂合计,全厂合计,间接排放口,,,化学需氧量,吨,7,2024-07,27.77,27.77,
鸿富锦精密电子（郑州）,2024,废水-全厂合计,全厂合计,间接排放口,,,化学需氧量,吨,8,2024-08,38.93,38.93,
鸿富锦精密电子（郑州）,2024,废水-全厂合计,全厂合计,间接排放口,,,化学需氧量,吨,9,2024-09,152.58,152.58,
鸿富锦精密电子（郑州）,2024,废水-全厂合计,全厂合计,间接排放口,,,化学需氧量,吨,10,2024-10,46.57,46.57,
鸿富锦精密电子（郑州）,2024,废水-全厂合计,全厂合计,间接排放口,,,化学需氧量,吨,11,2024-11,40.27,40.27,
鸿富锦精密电子（郑州）,2024,废水-全厂合计,全厂合计,间接排放口,,,化学需氧量,吨,12,2024-12,39.52,39.52,
鸿富锦精密电子（郑州）,2024,废水-全厂合计,全厂合计,间接排放口,,,氨氮（NH3-N）,吨,1,2024-01,1.5,1.5,
鸿富锦精密电子（郑州）,2024,废水-全厂合计,全厂合计,间接排放口,,,氨氮（NH3-N）,吨,2,2024-02,1.3,1.3,
鸿富锦精密电子（郑州）,2024,废水-全厂合计,全厂合计,间接排放口,,,氨氮（NH3-N）,吨,3,2024-03,1.03,1.03,
鸿富锦精密电子（郑州）,2024,废水-全厂合计,全厂合计,间接排放口,,,氨氮（NH3-N）,吨,4,2024-04,2.09,2.09,
鸿富锦精密电子（郑州）,2024,废水-全厂合计,全厂合计,间接排放口,,,氨氮（NH3-N）,吨,5,2024-05,2.51,2.51,
鸿富锦精密电子（郑州）,2024,废水-全厂合计,全厂合计,间接排放口,,,氨氮（NH3-N）,吨,6,2024-06,2.83,2.83,
鸿富锦精密电子（郑州）,2024,废水-全厂合计,全厂合计,间接排放口,,,氨氮（NH3-N）,吨,7,2024-07,4.95,4.95,
鸿富锦精密电子（郑州）,2024,废水-全厂合计,全厂合计,间接排放口,,,氨氮（NH3-N）,吨,8,2024-08,7.08,7.08,
鸿富锦精密电子（郑州）,2024,废水-全厂合计,全厂合计,间接排放口,,,氨氮（NH3-N）,吨,9,2024-09,22.89,22.89,
鸿富锦精密电子（郑州）,2024,废水-全厂合计,全厂合计,间接排放口,,,氨氮（NH3-N）,吨,10,2024-10,4.72,4.72,
鸿富锦精密电子（郑州）,2024,废水-全厂合计,全厂合计,间接排放口,,,氨氮（NH3-N）,吨,11,2024-11,4.08,4.08,
鸿富锦精密电子（郑州）,2024,废水-全厂合计,全厂合计,间接排放口,,,氨氮（NH3-N）,吨,12,2024-12,4.0,4,
鸿富锦精密电子（郑州）,2024,废水-全厂合计,全厂合计,间接排放口,,,总磷（以P计）,吨,1,2024-01,0.21,0.21,
鸿富锦精密电子（郑州）,2024,废水-全厂合计,全厂合计,间接排放口,,,总磷（以P计）,吨,2,2024-02,0.21,0.21,
鸿富锦精密电子（郑州）,2024,废水-全厂合计,全厂合计,间接排放口,,,总磷（以P计）,吨,3,2024-03,0.16,0.16,
鸿富锦精密电子（郑州）,2024,废水-全厂合计,全厂合计,间接排放口,,,总磷（以P计）,吨,4,2024-04,0.21,0.21,
鸿富锦精密电子（郑州）,2024,废水-全厂合计,全厂合计,间接排放口,,,总磷（以P计）,吨,5,2024-05,0.25,0.25,
鸿富锦精密电子（郑州）,2024,废水-全厂合计,全厂合计,间接排放口,,,总磷（以P计）,吨,6,2024-06,0.29,0.29,
鸿富锦精密电子（郑州）,2024,废水-全厂合计,全厂合计,间接排放口,,,总磷（以P计）,吨,7,2024-07,0.45,0.45,
鸿富锦精密电子（郑州）,2024,废水-全厂合计,全厂合计,间接排放口,,,总磷（以P计）,吨,8,2024-08,0.64,0.64,
鸿富锦精密电子（郑州）,2024,废水-全厂合计,全厂合计,间接排放口,,,总磷（以P计）,吨,9,2024-09,2.2,2.2,
鸿富锦精密电子（郑州）,2024,废水-全厂合计,全厂合计,间接排放口,,,总磷（以P计）,吨,10,2024-10,0.56,0.56,
鸿富锦精密电子（郑州）,2024,废水-全厂合计,全厂合计,间接排放口,,,总磷（以P计）,吨,11,2024-11,0.48,0.48,
鸿富锦精密电子（郑州）,2024,废水-全厂合计,全厂合计,间接排放口,,,总磷（以P计）,吨,12,2024-12,0.47,0.47,
鸿富锦精密电子（郑州）,2024,废水-全厂合计,全厂合计,间接排放口,,,溶解性总固体（全盐类）,吨,1,2024-01,62.72,62.72,
鸿富锦精密电子（郑州）,2024,废水-全厂合计,全厂合计,间接排放口,,,溶解性总固体（全盐类）,吨,2,2024-02,54.47,54.47,
鸿富锦精密电子（郑州）,2024,废水-全厂合计,全厂合计,间接排放口,,,溶解性总固体（全盐类）,吨,3,2024-03,43.03,43.03,
鸿富锦精密电子（郑州）,2024,废水-全厂合计,全厂合计,间接排放口,,,溶解性总固体（全盐类）,吨,4,2024-04,30.07,30.07,
鸿富锦精密电子（郑州）,2024,废水-全厂合计,全厂合计,间接排放口,,,溶解性总固体（全盐类）,吨,5,2024-05,36.19,36.19,
鸿富锦精密电子（郑州）,2024,废水-全厂合计,全厂合计,间接排放口,,,溶解性总固体（全盐类）,吨,6,2024-06,40.48,40.48,
鸿富锦精密电子（郑州）,2024,废水-全厂合计,全厂合计,间接排放口,,,溶解性总固体（全盐类）,吨,7,2024-07,51.33,51.33,
鸿富锦精密电子（郑州）,2024,废水-全厂合计,全厂合计,间接排放口,,,溶解性总固体（全盐类）,吨,8,2024-08,73.6,73.6,
鸿富锦精密电子（郑州）,2024,废水-全厂合计,全厂合计,间接排放口,,,溶解性总固体（全盐类）,吨,9,2024-09,230.98,230.98,
鸿富锦精密电子（郑州）,2024,废水-全厂合计,全厂合计,间接排放口,,,溶解性总固体（全盐类）,吨,10,2024-10,106.43,106.43,
鸿富锦精密电子（郑州）,2024,废水-全厂合计,全厂合计,间接排放口,,,溶解性总固体（全盐类）,吨,11,2024-11,92.03,92.03,
鸿富锦精密电子（郑州）,2024,废水-全厂合计,全厂合计,间接排放口,,,溶解性总固体（全盐类）,吨,12,2024-12,90.33,90.33,
鸿富锦精密电子（郑州）,2025,废气-全厂合计,全厂合计,,,,NOx,吨,1,2025-01,0.3,0.3,
鸿富锦精密电子（郑州）,2025,废气-全厂合计,全厂合计,,,,NOx,吨,2,2025-02,0.3,0.3,
鸿富锦精密电子（郑州）,2025,废气-全厂合计,全厂合计,,,,NOx,吨,3,2025-03,0.117266,0.117266,
鸿富锦精密电子（郑州）,2025,废气-全厂合计,全厂合计,,,,NOx,吨,4,2025-04,0.03,0.03,
鸿富锦精密电子（郑州）,2025,废气-全厂合计,全厂合计,,,,NOx,吨,5,2025-05,0.02,0.02,
鸿富锦精密电子（郑州）,2025,废气-全厂合计,全厂合计,,,,NOx,吨,6,2025-06,0.01,0.01,
鸿富锦精密电子（郑州）,2025,废气-全厂合计,全厂合计,,,,NOx,吨,7,2025-07,0.04,0.04,
鸿富锦精密电子（郑州）,2025,废气-全厂合计,全厂合计,,,,NOx,吨,8,2025-08,0.07,0.07,
鸿富锦精密电子（郑州）,2025,废气-全厂合计,全厂合计,,,,NOx,吨,9,2025-09,0.1,0.1,
鸿富锦精密电子（郑州）,2025,废气-全厂合计,全厂合计,,,,NOx,吨,10,2025-10,0.13,0.13,
鸿富锦精密电子（郑州）,2025,废气-全厂合计,全厂合计,,,,NOx,吨,11,2025-11,0.185,0.185,
鸿富锦精密电子（郑州）,2025,废气-全厂合计,全厂合计,,,,NOx,吨,12,2025-12,0.374,0.374,
鸿富锦精密电子（郑州）,2025,废气-全厂合计,全厂合计,,,,SO2,吨,1,2025-01,0.01795,0.01795,
鸿富锦精密电子（郑州）,2025,废气-全厂合计,全厂合计,,,,SO2,吨,2,2025-02,0.02087,0.02087,
鸿富锦精密电子（郑州）,2025,废气-全厂合计,全厂合计,,,,SO2,吨,3,2025-03,0.00935,0.00935,
鸿富锦精密电子（郑州）,2025,废气-全厂合计,全厂合计,,,,SO2,吨,4,2025-04,0.00295,0.00295,
鸿富锦精密电子（郑州）,2025,废气-全厂合计,全厂合计,,,,SO2,吨,5,2025-05,0.00192,0.00192,
鸿富锦精密电子（郑州）,2025,废气-全厂合计,全厂合计,,,,SO2,吨,6,2025-06,0.00083,0.00083,
鸿富锦精密电子（郑州）,2025,废气-全厂合计,全厂合计,,,,SO2,吨,7,2025-07,0.00292,0.00292,
鸿富锦精密电子（郑州）,2025,废气-全厂合计,全厂合计,,,,SO2,吨,8,2025-08,0.00224,0.00224,
鸿富锦精密电子（郑州）,2025,废气-全厂合计,全厂合计,,,,SO2,吨,9,2025-09,0.0029,0.0029,
鸿富锦精密电子（郑州）,2025,废气-全厂合计,全厂合计,,,,SO2,吨,10,2025-10,0.004,0.004,
鸿富锦精密电子（郑州）,2025,废气-全厂合计,全厂合计,,,,SO2,吨,11,2025-11,0.008,0.008,
鸿富锦精密电子（郑州）,2025,废气-全厂合计,全厂合计,,,,SO2,吨,12,2025-12,0.024,0.024,
鸿富锦精密电子（郑州）,2025,废气-全厂合计,全厂合计,,,,颗粒物,吨,1,2025-01,0.0,0,
鸿富锦精密电子（郑州）,2025,废气-全厂合计,全厂合计,,,,颗粒物,吨,2,2025-02,0.0,0,
鸿富锦精密电子（郑州）,2025,废气-全厂合计,全厂合计,,,,颗粒物,吨,3,2025-03,0.0,0,
鸿富锦精密电子（郑州）,2025,废气-全厂合计,全厂合计,,,,颗粒物,吨,4,2025-04,0.0,0,
鸿富锦精密电子（郑州）,2025,废气-全厂合计,全厂合计,,,,颗粒物,吨,5,2025-05,0.0,0,
鸿富锦精密电子（郑州）,2025,废气-全厂合计,全厂合计,,,,颗粒物,吨,6,2025-06,0.0,0,
鸿富锦精密电子（郑州）,2025,废气-全厂合计,全厂合计,,,,颗粒物,吨,7,2025-07,0.0,0,
鸿富锦精密电子（郑州）,2025,废气-全厂合计,全厂合计,,,,颗粒物,吨,8,2025-08,0.0,0,
鸿富锦精密电子（郑州）,2025,废气-全厂合计,全厂合计,,,,颗粒物,吨,9,2025-09,0.0,0,
鸿富锦精密电子（郑州）,2025,废气-全厂合计,全厂合计,,,,颗粒物,吨,10,2025-10,0.0,0,
鸿富锦精密电子（郑州）,2025,废气-全厂合计,全厂合计,,,,颗粒物,吨,11,2025-11,0.0,0,
鸿富锦精密电子（郑州）,2025,废气-全厂合计,全厂合计,,,,颗粒物,吨,12,2025-12,0.0,0,
鸿富锦精密电子（郑州）,2025,废气-全厂合计,全厂合计,,,,VOCs,吨,1,2025-01,1.606371,1.606371,
鸿富锦精密电子（郑州）,2025,废气-全厂合计,全厂合计,,,,VOCs,吨,2,2025-02,1.657348,1.657348,
鸿富锦精密电子（郑州）,2025,废气-全厂合计,全厂合计,,,,VOCs,吨,3,2025-03,1.829173,1.829173,
鸿富锦精密电子（郑州）,2025,废气-全厂合计,全厂合计,,,,VOCs,吨,4,2025-04,2.04382411,2.04382411,
鸿富锦精密电子（郑州）,2025,废气-全厂合计,全厂合计,,,,VOCs,吨,5,2025-05,2.05260023,2.05260023,
鸿富锦精密电子（郑州）,2025,废气-全厂合计,全厂合计,,,,VOCs,吨,6,2025-06,2.14752584,2.14752584,
鸿富锦精密电子（郑州）,2025,废气-全厂合计,全厂合计,,,,VOCs,吨,7,2025-07,1.689525,1.689525,
鸿富锦精密电子（郑州）,2025,废气-全厂合计,全厂合计,,,,VOCs,吨,8,2025-08,1.7046,1.7046,
鸿富锦精密电子（郑州）,2025,废气-全厂合计,全厂合计,,,,VOCs,吨,9,2025-09,1.74725,1.74725,
鸿富锦精密电子（郑州）,2025,废气-全厂合计,全厂合计,,,,VOCs,吨,10,2025-10,1.943,1.943,
鸿富锦精密电子（郑州）,2025,废气-全厂合计,全厂合计,,,,VOCs,吨,11,2025-11,1.876,1.876,
鸿富锦精密电子（郑州）,2025,废气-全厂合计,全厂合计,,,,VOCs,吨,12,2025-12,1.845,1.845,
鸿富锦精密电子（郑州）,2025,废水-全厂合计,全厂合计,间接排放口,,,pH值,无量纲,1,2025-01,7.6,7.6,
鸿富锦精密电子（郑州）,2025,废水-全厂合计,全厂合计,间接排放口,,,pH值,无量纲,2,2025-02,7.6,7.6,
鸿富锦精密电子（郑州）,2025,废水-全厂合计,全厂合计,间接排放口,,,pH值,无量纲,3,2025-03,7.6,7.6,
鸿富锦精密电子（郑州）,2025,废水-全厂合计,全厂合计,间接排放口,,,pH值,无量纲,4,2025-04,7.8,7.8,
鸿富锦精密电子（郑州）,2025,废水-全厂合计,全厂合计,间接排放口,,,pH值,无量纲,5,2025-05,7.8,7.8,
鸿富锦精密电子（郑州）,2025,废水-全厂合计,全厂合计,间接排放口,,,pH值,无量纲,6,2025-06,7.8,7.8,
鸿富锦精密电子（郑州）,2025,废水-全厂合计,全厂合计,间接排放口,,,pH值,无量纲,7,2025-07,7.0,7,
鸿富锦精密电子（郑州）,2025,废水-全厂合计,全厂合计,间接排放口,,,pH值,无量纲,8,2025-08,7.0,7,
鸿富锦精密电子（郑州）,2025,废水-全厂合计,全厂合计,间接排放口,,,pH值,无量纲,9,2025-09,7.0,7,
鸿富锦精密电子（郑州）,2025,废水-全厂合计,全厂合计,间接排放口,,,pH值,无量纲,10,2025-10,7.7,7.7,
鸿富锦精密电子（郑州）,2025,废水-全厂合计,全厂合计,间接排放口,,,pH值,无量纲,11,2025-11,7.7,7.7,
鸿富锦精密电子（郑州）,2025,废水-全厂合计,全厂合计,间接排放口,,,pH值,无量纲,12,2025-12,7.7,7.7,
鸿富锦精密电子（郑州）,2025,废水-全厂合计,全厂合计,间接排放口,,,悬浮物,吨,1,2025-01,25.11,25.11,
鸿富锦精密电子（郑州）,2025,废水-全厂合计,全厂合计,间接排放口,,,悬浮物,吨,2,2025-02,20.51,20.51,
鸿富锦精密电子（郑州）,2025,废水-全厂合计,全厂合计,间接排放口,,,悬浮物,吨,3,2025-03,21.51,21.51,
鸿富锦精密电子（郑州）,2025,废水-全厂合计,全厂合计,间接排放口,,,悬浮物,吨,4,2025-04,7.481,7.481,
鸿富锦精密电子（郑州）,2025,废水-全厂合计,全厂合计,间接排放口,,,悬浮物,吨,5,2025-05,6.875,6.875,
鸿富锦精密电子（郑州）,2025,废水-全厂合计,全厂合计,间接排放口,,,悬浮物,吨,6,2025-06,8.33,8.33,
鸿富锦精密电子（郑州）,2025,废水-全厂合计,全厂合计,间接排放口,,,悬浮物,吨,7,2025-07,6.583,6.583,
鸿富锦精密电子（郑州）,2025,废水-全厂合计,全厂合计,间接排放口,,,悬浮物,吨,8,2025-08,7.253,7.253,
鸿富锦精密电子（郑州）,2025,废水-全厂合计,全厂合计,间接排放口,,,悬浮物,吨,9,2025-09,7.692,7.692,
鸿富锦精密电子（郑州）,2025,废水-全厂合计,全厂合计,间接排放口,,,悬浮物,吨,10,2025-10,16.309,16.309,
鸿富锦精密电子（郑州）,2025,废水-全厂合计,全厂合计,间接排放口,,,悬浮物,吨,11,2025-11,17.613,17.613,
鸿富锦精密电子（郑州）,2025,废水-全厂合计,全厂合计,间接排放口,,,悬浮物,吨,12,2025-12,17.183,17.183,
鸿富锦精密电子（郑州）,2025,废水-全厂合计,全厂合计,间接排放口,,,五日生化需氧量,吨,1,2025-01,15.76,15.76,
鸿富锦精密电子（郑州）,2025,废水-全厂合计,全厂合计,间接排放口,,,五日生化需氧量,吨,2,2025-02,13.12,13.12,
鸿富锦精密电子（郑州）,2025,废水-全厂合计,全厂合计,间接排放口,,,五日生化需氧量,吨,3,2025-03,13.43,13.43,
鸿富锦精密电子（郑州）,2025,废水-全厂合计,全厂合计,间接排放口,,,五日生化需氧量,吨,4,2025-04,10.569,10.569,
鸿富锦精密电子（郑州）,2025,废水-全厂合计,全厂合计,间接排放口,,,五日生化需氧量,吨,5,2025-05,8.934,8.934,
鸿富锦精密电子（郑州）,2025,废水-全厂合计,全厂合计,间接排放口,,,五日生化需氧量,吨,6,2025-06,11.398,11.398,
鸿富锦精密电子（郑州）,2025,废水-全厂合计,全厂合计,间接排放口,,,五日生化需氧量,吨,7,2025-07,23.268,23.268,
鸿富锦精密电子（郑州）,2025,废水-全厂合计,全厂合计,间接排放口,,,五日生化需氧量,吨,8,2025-08,25.637,25.637,
鸿富锦精密电子（郑州）,2025,废水-全厂合计,全厂合计,间接排放口,,,五日生化需氧量,吨,9,2025-09,27.187,27.187,
鸿富锦精密电子（郑州）,2025,废水-全厂合计,全厂合计,间接排放口,,,五日生化需氧量,吨,10,2025-10,14.593,14.593,
鸿富锦精密电子（郑州）,2025,废水-全厂合计,全厂合计,间接排放口,,,五日生化需氧量,吨,11,2025-11,15.663,15.663,
鸿富锦精密电子（郑州）,2025,废水-全厂合计,全厂合计,间接排放口,,,五日生化需氧量,吨,12,2025-12,15.273,15.273,
鸿富锦精密电子（郑州）,2025,废水-全厂合计,全厂合计,间接排放口,,,化学需氧量,吨,1,2025-01,51.32,51.32,
鸿富锦精密电子（郑州）,2025,废水-全厂合计,全厂合计,间接排放口,,,化学需氧量,吨,2,2025-02,44.41,44.41,
鸿富锦精密电子（郑州）,2025,废水-全厂合计,全厂合计,间接排放口,,,化学需氧量,吨,3,2025-03,43.17,43.17,
鸿富锦精密电子（郑州）,2025,废水-全厂合计,全厂合计,间接排放口,,,化学需氧量,吨,4,2025-04,34.928,34.928,
鸿富锦精密电子（郑州）,2025,废水-全厂合计,全厂合计,间接排放口,,,化学需氧量,吨,5,2025-05,30.274,30.274,
鸿富锦精密电子（郑州）,2025,废水-全厂合计,全厂合计,间接排放口,,,化学需氧量,吨,6,2025-06,38.024,38.024,
鸿富锦精密电子（郑州）,2025,废水-全厂合计,全厂合计,间接排放口,,,化学需氧量,吨,7,2025-07,34.003,34.003,
鸿富锦精密电子（郑州）,2025,废水-全厂合计,全厂合计,间接排放口,,,化学需氧量,吨,8,2025-08,37.465,37.465,
鸿富锦精密电子（郑州）,2025,废水-全厂合计,全厂合计,间接排放口,,,化学需氧量,吨,9,2025-09,39.73,39.73,
鸿富锦精密电子（郑州）,2025,废水-全厂合计,全厂合计,间接排放口,,,化学需氧量,吨,10,2025-10,42.784,42.784,
鸿富锦精密电子（郑州）,2025,废水-全厂合计,全厂合计,间接排放口,,,化学需氧量,吨,11,2025-11,45.15,45.15,
鸿富锦精密电子（郑州）,2025,废水-全厂合计,全厂合计,间接排放口,,,化学需氧量,吨,12,2025-12,43.964,43.964,
鸿富锦精密电子（郑州）,2025,废水-全厂合计,全厂合计,间接排放口,,,氨氮（NH3-N）,吨,1,2025-01,12.49,12.49,
鸿富锦精密电子（郑州）,2025,废水-全厂合计,全厂合计,间接排放口,,,氨氮（NH3-N）,吨,2,2025-02,10.46,10.46,
鸿富锦精密电子（郑州）,2025,废水-全厂合计,全厂合计,间接排放口,,,氨氮（NH3-N）,吨,3,2025-03,10.61,10.61,
鸿富锦精密电子（郑州）,2025,废水-全厂合计,全厂合计,间接排放口,,,氨氮（NH3-N）,吨,4,2025-04,6.75,6.75,
鸿富锦精密电子（郑州）,2025,废水-全厂合计,全厂合计,间接排放口,,,氨氮（NH3-N）,吨,5,2025-05,5.821,5.821,
鸿富锦精密电子（郑州）,2025,废水-全厂合计,全厂合计,间接排放口,,,氨氮（NH3-N）,吨,6,2025-06,7.334,7.334,
鸿富锦精密电子（郑州）,2025,废水-全厂合计,全厂合计,间接排放口,,,氨氮（NH3-N）,吨,7,2025-07,6.173,6.173,
鸿富锦精密电子（郑州）,2025,废水-全厂合计,全厂合计,间接排放口,,,氨氮（NH3-N）,吨,8,2025-08,6.801,6.801,
鸿富锦精密电子（郑州）,2025,废水-全厂合计,全厂合计,间接排放口,,,氨氮（NH3-N）,吨,9,2025-09,7.212,7.212,
鸿富锦精密电子（郑州）,2025,废水-全厂合计,全厂合计,间接排放口,,,氨氮（NH3-N）,吨,10,2025-10,8.028,8.028,
鸿富锦精密电子（郑州）,2025,废水-全厂合计,全厂合计,间接排放口,,,氨氮（NH3-N）,吨,11,2025-11,8.641,8.641,
鸿富锦精密电子（郑州）,2025,废水-全厂合计,全厂合计,间接排放口,,,氨氮（NH3-N）,吨,12,2025-12,8.427,8.427,
鸿富锦精密电子（郑州）,2025,废水-全厂合计,全厂合计,间接排放口,,,总磷（以P计）,吨,1,2025-01,1.1,1.1,
鸿富锦精密电子（郑州）,2025,废水-全厂合计,全厂合计,间接排放口,,,总磷（以P计）,吨,2,2025-02,0.92,0.92,
鸿富锦精密电子（郑州）,2025,废水-全厂合计,全厂合计,间接排放口,,,总磷（以P计）,吨,3,2025-03,0.93,0.93,
鸿富锦精密电子（郑州）,2025,废水-全厂合计,全厂合计,间接排放口,,,总磷（以P计）,吨,4,2025-04,0.85,0.85,
鸿富锦精密电子（郑州）,2025,废水-全厂合计,全厂合计,间接排放口,,,总磷（以P计）,吨,5,2025-05,0.738,0.738,
鸿富锦精密电子（郑州）,2025,废水-全厂合计,全厂合计,间接排放口,,,总磷（以P计）,吨,6,2025-06,0.926,0.926,
鸿富锦精密电子（郑州）,2025,废水-全厂合计,全厂合计,间接排放口,,,总磷（以P计）,吨,7,2025-07,0.625,0.625,
鸿富锦精密电子（郑州）,2025,废水-全厂合计,全厂合计,间接排放口,,,总磷（以P计）,吨,8,2025-08,0.689,0.689,
鸿富锦精密电子（郑州）,2025,废水-全厂合计,全厂合计,间接排放口,,,总磷（以P计）,吨,9,2025-09,0.731,0.731,
鸿富锦精密电子（郑州）,2025,废水-全厂合计,全厂合计,间接排放口,,,总磷（以P计）,吨,10,2025-10,0.826,0.826,
鸿富锦精密电子（郑州）,2025,废水-全厂合计,全厂合计,间接排放口,,,总磷（以P计）,吨,11,2025-11,0.898,0.898,
鸿富锦精密电子（郑州）,2025,废水-全厂合计,全厂合计,间接排放口,,,总磷（以P计）,吨,12,2025-12,0.876,0.876,
鸿富锦精密电子（郑州）,2025,废水-全厂合计,全厂合计,间接排放口,,,动植物油,吨,1,2025-01,0.0,0,
鸿富锦精密电子（郑州）,2025,废水-全厂合计,全厂合计,间接排放口,,,动植物油,吨,2,2025-02,0.0,0,
鸿富锦精密电子（郑州）,2025,废水-全厂合计,全厂合计,间接排放口,,,动植物油,吨,3,2025-03,0.0,0,
鸿富锦精密电子（郑州）,2025,废水-全厂合计,全厂合计,间接排放口,,,动植物油,吨,4,2025-04,0.0,0,
鸿富锦精密电子（郑州）,2025,废水-全厂合计,全厂合计,间接排放口,,,动植物油,吨,5,2025-05,0.0,0,
鸿富锦精密电子（郑州）,2025,废水-全厂合计,全厂合计,间接排放口,,,动植物油,吨,6,2025-06,0.0,0,
鸿富锦精密电子（郑州）,2025,废水-全厂合计,全厂合计,间接排放口,,,动植物油,吨,7,2025-07,0.0,0,
鸿富锦精密电子（郑州）,2025,废水-全厂合计,全厂合计,间接排放口,,,动植物油,吨,8,2025-08,0.0,0,
鸿富锦精密电子（郑州）,2025,废水-全厂合计,全厂合计,间接排放口,,,动植物油,吨,9,2025-09,0.0,0,
鸿富锦精密电子（郑州）,2025,废水-全厂合计,全厂合计,间接排放口,,,动植物油,吨,10,2025-10,0.0,0,
鸿富锦精密电子（郑州）,2025,废水-全厂合计,全厂合计,间接排放口,,,动植物油,吨,11,2025-11,0.0,0,
鸿富锦精密电子（郑州）,2025,废水-全厂合计,全厂合计,间接排放口,,,动植物油,吨,12,2025-12,0.0,0,
鸿富锦精密电子（郑州）,2025,废水-全厂合计,全厂合计,间接排放口,,,溶解性总固体（全盐类）,吨,1,2025-01,113.54,113.54,
鸿富锦精密电子（郑州）,2025,废水-全厂合计,全厂合计,间接排放口,,,溶解性总固体（全盐类）,吨,2,2025-02,98.7,98.7,
鸿富锦精密电子（郑州）,2025,废水-全厂合计,全厂合计,间接排放口,,,溶解性总固体（全盐类）,吨,3,2025-03,95.35,95.35,
鸿富锦精密电子（郑州）,2025,废水-全厂合计,全厂合计,间接排放口,,,溶解性总固体（全盐类）,吨,4,2025-04,98.767,98.767,
鸿富锦精密电子（郑州）,2025,废水-全厂合计,全厂合计,间接排放口,,,溶解性总固体（全盐类）,吨,5,2025-05,90.671,90.671,
鸿富锦精密电子（郑州）,2025,废水-全厂合计,全厂合计,间接排放口,,,溶解性总固体（全盐类）,吨,6,2025-06,109.93,109.93,
鸿富锦精密电子（郑州）,2025,废水-全厂合计,全厂合计,间接排放口,,,溶解性总固体（全盐类）,吨,7,2025-07,95.425,95.425,
鸿富锦精密电子（郑州）,2025,废水-全厂合计,全厂合计,间接排放口,,,溶解性总固体（全盐类）,吨,8,2025-08,105.142,105.142,
鸿富锦精密电子（郑州）,2025,废水-全厂合计,全厂合计,间接排放口,,,溶解性总固体（全盐类）,吨,9,2025-09,111.497,111.497,
鸿富锦精密电子（郑州）,2025,废水-全厂合计,全厂合计,间接排放口,,,溶解性总固体（全盐类）,吨,10,2025-10,114.874,114.874,
鸿富锦精密电子（郑州）,2025,废水-全厂合计,全厂合计,间接排放口,,,溶解性总固体（全盐类）,吨,11,2025-11,123.974,123.974,
鸿富锦精密电子（郑州）,2025,废水-全厂合计,全厂合计,间接排放口,,,溶解性总固体（全盐类）,吨,12,2025-12,120.939,120.939,
富联精密电子（郑州）,2020,废气-一般排放口合计,一般排放口（合计）,,,,臭气浓度,无量纲（月值相加无物理意义）,1,2020-01,0.0,0,
富联精密电子（郑州）,2020,废气-一般排放口合计,一般排放口（合计）,,,,臭气浓度,无量纲（月值相加无物理意义）,2,2020-02,0.0,0,
富联精密电子（郑州）,2020,废气-一般排放口合计,一般排放口（合计）,,,,臭气浓度,无量纲（月值相加无物理意义）,3,2020-03,0.0,0,
富联精密电子（郑州）,2020,废气-一般排放口合计,一般排放口（合计）,,,,臭气浓度,无量纲（月值相加无物理意义）,4,2020-04,0.0,0,
富联精密电子（郑州）,2020,废气-一般排放口合计,一般排放口（合计）,,,,臭气浓度,无量纲（月值相加无物理意义）,5,2020-05,0.0,0,
富联精密电子（郑州）,2020,废气-一般排放口合计,一般排放口（合计）,,,,臭气浓度,无量纲（月值相加无物理意义）,6,2020-06,0.0,0,
富联精密电子（郑州）,2020,废气-一般排放口合计,一般排放口（合计）,,,,臭气浓度,无量纲（月值相加无物理意义）,7,2020-07,0.0,0,
富联精密电子（郑州）,2020,废气-一般排放口合计,一般排放口（合计）,,,,臭气浓度,无量纲（月值相加无物理意义）,8,2020-08,0.0,0,
富联精密电子（郑州）,2020,废气-一般排放口合计,一般排放口（合计）,,,,臭气浓度,无量纲（月值相加无物理意义）,9,2020-09,1.83,1.83,
富联精密电子（郑州）,2020,废气-一般排放口合计,一般排放口（合计）,,,,臭气浓度,无量纲（月值相加无物理意义）,10,2020-10,1.83,1.83,
富联精密电子（郑州）,2020,废气-一般排放口合计,一般排放口（合计）,,,,臭气浓度,无量纲（月值相加无物理意义）,11,2020-11,1.83,1.83,
富联精密电子（郑州）,2020,废气-一般排放口合计,一般排放口（合计）,,,,臭气浓度,无量纲（月值相加无物理意义）,12,2020-12,1.83,1.83,
富联精密电子（郑州）,2020,废气-一般排放口合计,一般排放口（合计）,,,,氨（氨气）,吨,1,2020-01,0.0,0,
富联精密电子（郑州）,2020,废气-一般排放口合计,一般排放口（合计）,,,,氨（氨气）,吨,2,2020-02,0.0,0,
富联精密电子（郑州）,2020,废气-一般排放口合计,一般排放口（合计）,,,,氨（氨气）,吨,3,2020-03,0.0,0,
富联精密电子（郑州）,2020,废气-一般排放口合计,一般排放口（合计）,,,,氨（氨气）,吨,4,2020-04,0.0,0,
富联精密电子（郑州）,2020,废气-一般排放口合计,一般排放口（合计）,,,,氨（氨气）,吨,5,2020-05,0.0,0,
富联精密电子（郑州）,2020,废气-一般排放口合计,一般排放口（合计）,,,,氨（氨气）,吨,6,2020-06,0.0,0,
富联精密电子（郑州）,2020,废气-一般排放口合计,一般排放口（合计）,,,,氨（氨气）,吨,7,2020-07,0.0,0,
富联精密电子（郑州）,2020,废气-一般排放口合计,一般排放口（合计）,,,,氨（氨气）,吨,8,2020-08,0.0,0,
富联精密电子（郑州）,2020,废气-一般排放口合计,一般排放口（合计）,,,,氨（氨气）,吨,9,2020-09,0.03,0.03,
富联精密电子（郑州）,2020,废气-一般排放口合计,一般排放口（合计）,,,,氨（氨气）,吨,10,2020-10,0.03,0.03,
富联精密电子（郑州）,2020,废气-一般排放口合计,一般排放口（合计）,,,,氨（氨气）,吨,11,2020-11,0.03,0.03,
富联精密电子（郑州）,2020,废气-一般排放口合计,一般排放口（合计）,,,,氨（氨气）,吨,12,2020-12,0.03,0.03,
富联精密电子（郑州）,2020,废气-一般排放口合计,一般排放口（合计）,,,,硫化氢,吨,1,2020-01,0.0,0,
富联精密电子（郑州）,2020,废气-一般排放口合计,一般排放口（合计）,,,,硫化氢,吨,2,2020-02,0.0,0,
富联精密电子（郑州）,2020,废气-一般排放口合计,一般排放口（合计）,,,,硫化氢,吨,3,2020-03,0.0,0,
富联精密电子（郑州）,2020,废气-一般排放口合计,一般排放口（合计）,,,,硫化氢,吨,4,2020-04,0.0,0,
富联精密电子（郑州）,2020,废气-一般排放口合计,一般排放口（合计）,,,,硫化氢,吨,5,2020-05,0.0,0,
富联精密电子（郑州）,2020,废气-一般排放口合计,一般排放口（合计）,,,,硫化氢,吨,6,2020-06,0.0,0,
富联精密电子（郑州）,2020,废气-一般排放口合计,一般排放口（合计）,,,,硫化氢,吨,7,2020-07,0.0,0,
富联精密电子（郑州）,2020,废气-一般排放口合计,一般排放口（合计）,,,,硫化氢,吨,8,2020-08,0.0,0,
富联精密电子（郑州）,2020,废气-一般排放口合计,一般排放口（合计）,,,,硫化氢,吨,9,2020-09,0.08,0.08,
富联精密电子（郑州）,2020,废气-一般排放口合计,一般排放口（合计）,,,,硫化氢,吨,10,2020-10,0.08,0.08,
富联精密电子（郑州）,2020,废气-一般排放口合计,一般排放口（合计）,,,,硫化氢,吨,11,2020-11,0.08,0.08,
富联精密电子（郑州）,2020,废气-一般排放口合计,一般排放口（合计）,,,,硫化氢,吨,12,2020-12,0.08,0.08,
富联精密电子（郑州）,2020,废气-一般排放口合计,一般排放口（合计）,,,,硫酸雾,吨,1,2020-01,0.0,0,
富联精密电子（郑州）,2020,废气-一般排放口合计,一般排放口（合计）,,,,硫酸雾,吨,2,2020-02,0.0,0,
富联精密电子（郑州）,2020,废气-一般排放口合计,一般排放口（合计）,,,,硫酸雾,吨,3,2020-03,0.0,0,
富联精密电子（郑州）,2020,废气-一般排放口合计,一般排放口（合计）,,,,硫酸雾,吨,4,2020-04,0.0,0,
富联精密电子（郑州）,2020,废气-一般排放口合计,一般排放口（合计）,,,,硫酸雾,吨,5,2020-05,0.0,0,
富联精密电子（郑州）,2020,废气-一般排放口合计,一般排放口（合计）,,,,硫酸雾,吨,6,2020-06,0.0,0,
富联精密电子（郑州）,2020,废气-一般排放口合计,一般排放口（合计）,,,,硫酸雾,吨,7,2020-07,0.0,0,
富联精密电子（郑州）,2020,废气-一般排放口合计,一般排放口（合计）,,,,硫酸雾,吨,8,2020-08,0.0,0,
富联精密电子（郑州）,2020,废气-一般排放口合计,一般排放口（合计）,,,,硫酸雾,吨,9,2020-09,1.2,1.2,
富联精密电子（郑州）,2020,废气-一般排放口合计,一般排放口（合计）,,,,硫酸雾,吨,10,2020-10,1.2,1.2,
富联精密电子（郑州）,2020,废气-一般排放口合计,一般排放口（合计）,,,,硫酸雾,吨,11,2020-11,1.2,1.2,
富联精密电子（郑州）,2020,废气-一般排放口合计,一般排放口（合计）,,,,硫酸雾,吨,12,2020-12,1.2,1.2,
富联精密电子（郑州）,2020,废气-一般排放口合计,一般排放口（合计）,,,,颗粒物,吨,1,2020-01,0.0,0,
富联精密电子（郑州）,2020,废气-一般排放口合计,一般排放口（合计）,,,,颗粒物,吨,2,2020-02,0.0,0,
富联精密电子（郑州）,2020,废气-一般排放口合计,一般排放口（合计）,,,,颗粒物,吨,3,2020-03,0.0,0,
富联精密电子（郑州）,2020,废气-一般排放口合计,一般排放口（合计）,,,,颗粒物,吨,4,2020-04,0.0,0,
富联精密电子（郑州）,2020,废气-一般排放口合计,一般排放口（合计）,,,,颗粒物,吨,5,2020-05,0.0,0,
富联精密电子（郑州）,2020,废气-一般排放口合计,一般排放口（合计）,,,,颗粒物,吨,6,2020-06,0.0,0,
富联精密电子（郑州）,2020,废气-一般排放口合计,一般排放口（合计）,,,,颗粒物,吨,7,2020-07,0.0,0,
富联精密电子（郑州）,2020,废气-一般排放口合计,一般排放口（合计）,,,,颗粒物,吨,8,2020-08,0.0,0,
富联精密电子（郑州）,2020,废气-一般排放口合计,一般排放口（合计）,,,,颗粒物,吨,9,2020-09,0.97,0.97,
富联精密电子（郑州）,2020,废气-一般排放口合计,一般排放口（合计）,,,,颗粒物,吨,10,2020-10,0.97,0.97,
富联精密电子（郑州）,2020,废气-一般排放口合计,一般排放口（合计）,,,,颗粒物,吨,11,2020-11,0.97,0.97,
富联精密电子（郑州）,2020,废气-一般排放口合计,一般排放口（合计）,,,,颗粒物,吨,12,2020-12,0.97,0.97,
富联精密电子（郑州）,2020,废气-一般排放口合计,一般排放口（合计）,,,,非甲烷总烃,吨,1,2020-01,0.0,0,
富联精密电子（郑州）,2020,废气-一般排放口合计,一般排放口（合计）,,,,非甲烷总烃,吨,2,2020-02,0.0,0,
富联精密电子（郑州）,2020,废气-一般排放口合计,一般排放口（合计）,,,,非甲烷总烃,吨,3,2020-03,0.0,0,
富联精密电子（郑州）,2020,废气-一般排放口合计,一般排放口（合计）,,,,非甲烷总烃,吨,4,2020-04,0.0,0,
富联精密电子（郑州）,2020,废气-一般排放口合计,一般排放口（合计）,,,,非甲烷总烃,吨,5,2020-05,0.0,0,
富联精密电子（郑州）,2020,废气-一般排放口合计,一般排放口（合计）,,,,非甲烷总烃,吨,6,2020-06,0.0,0,
富联精密电子（郑州）,2020,废气-一般排放口合计,一般排放口（合计）,,,,非甲烷总烃,吨,7,2020-07,0.0,0,
富联精密电子（郑州）,2020,废气-一般排放口合计,一般排放口（合计）,,,,非甲烷总烃,吨,8,2020-08,0.0,0,
富联精密电子（郑州）,2020,废气-一般排放口合计,一般排放口（合计）,,,,非甲烷总烃,吨,9,2020-09,4.94,4.94,
富联精密电子（郑州）,2020,废气-一般排放口合计,一般排放口（合计）,,,,非甲烷总烃,吨,10,2020-10,4.94,4.94,
富联精密电子（郑州）,2020,废气-一般排放口合计,一般排放口（合计）,,,,非甲烷总烃,吨,11,2020-11,4.94,4.94,
富联精密电子（郑州）,2020,废气-一般排放口合计,一般排放口（合计）,,,,非甲烷总烃,吨,12,2020-12,4.94,4.94,
富联精密电子（郑州）,2020,废气-全厂合计,全厂合计,,,,NOx,吨,1,2020-01,0.0,0,
富联精密电子（郑州）,2020,废气-全厂合计,全厂合计,,,,NOx,吨,2,2020-02,0.0,0,
富联精密电子（郑州）,2020,废气-全厂合计,全厂合计,,,,NOx,吨,3,2020-03,0.0,0,
富联精密电子（郑州）,2020,废气-全厂合计,全厂合计,,,,NOx,吨,4,2020-04,0.0,0,
富联精密电子（郑州）,2020,废气-全厂合计,全厂合计,,,,NOx,吨,5,2020-05,0.0,0,
富联精密电子（郑州）,2020,废气-全厂合计,全厂合计,,,,NOx,吨,6,2020-06,0.0,0,
富联精密电子（郑州）,2020,废气-全厂合计,全厂合计,,,,NOx,吨,7,2020-07,0.0,0,
富联精密电子（郑州）,2020,废气-全厂合计,全厂合计,,,,NOx,吨,8,2020-08,0.0,0,
富联精密电子（郑州）,2020,废气-全厂合计,全厂合计,,,,NOx,吨,9,2020-09,0.0,0,
富联精密电子（郑州）,2020,废气-全厂合计,全厂合计,,,,NOx,吨,10,2020-10,0.0,0,
富联精密电子（郑州）,2020,废气-全厂合计,全厂合计,,,,NOx,吨,11,2020-11,0.0,0,
富联精密电子（郑州）,2020,废气-全厂合计,全厂合计,,,,NOx,吨,12,2020-12,0.0,0,
富联精密电子（郑州）,2020,废气-全厂合计,全厂合计,,,,SO2,吨,1,2020-01,0.0,0,
富联精密电子（郑州）,2020,废气-全厂合计,全厂合计,,,,SO2,吨,2,2020-02,0.0,0,
富联精密电子（郑州）,2020,废气-全厂合计,全厂合计,,,,SO2,吨,3,2020-03,0.0,0,
富联精密电子（郑州）,2020,废气-全厂合计,全厂合计,,,,SO2,吨,4,2020-04,0.0,0,
富联精密电子（郑州）,2020,废气-全厂合计,全厂合计,,,,SO2,吨,5,2020-05,0.0,0,
富联精密电子（郑州）,2020,废气-全厂合计,全厂合计,,,,SO2,吨,6,2020-06,0.0,0,
富联精密电子（郑州）,2020,废气-全厂合计,全厂合计,,,,SO2,吨,7,2020-07,0.0,0,
富联精密电子（郑州）,2020,废气-全厂合计,全厂合计,,,,SO2,吨,8,2020-08,0.0,0,
富联精密电子（郑州）,2020,废气-全厂合计,全厂合计,,,,SO2,吨,9,2020-09,0.0,0,
富联精密电子（郑州）,2020,废气-全厂合计,全厂合计,,,,SO2,吨,10,2020-10,0.0,0,
富联精密电子（郑州）,2020,废气-全厂合计,全厂合计,,,,SO2,吨,11,2020-11,0.0,0,
富联精密电子（郑州）,2020,废气-全厂合计,全厂合计,,,,SO2,吨,12,2020-12,0.0,0,
富联精密电子（郑州）,2020,废气-全厂合计,全厂合计,,,,颗粒物,吨,1,2020-01,0.0,0,
富联精密电子（郑州）,2020,废气-全厂合计,全厂合计,,,,颗粒物,吨,2,2020-02,0.0,0,
富联精密电子（郑州）,2020,废气-全厂合计,全厂合计,,,,颗粒物,吨,3,2020-03,0.0,0,
富联精密电子（郑州）,2020,废气-全厂合计,全厂合计,,,,颗粒物,吨,4,2020-04,0.0,0,
富联精密电子（郑州）,2020,废气-全厂合计,全厂合计,,,,颗粒物,吨,5,2020-05,0.0,0,
富联精密电子（郑州）,2020,废气-全厂合计,全厂合计,,,,颗粒物,吨,6,2020-06,0.0,0,
富联精密电子（郑州）,2020,废气-全厂合计,全厂合计,,,,颗粒物,吨,7,2020-07,0.0,0,
富联精密电子（郑州）,2020,废气-全厂合计,全厂合计,,,,颗粒物,吨,8,2020-08,0.0,0,
富联精密电子（郑州）,2020,废气-全厂合计,全厂合计,,,,颗粒物,吨,9,2020-09,2.17,2.17,
富联精密电子（郑州）,2020,废气-全厂合计,全厂合计,,,,颗粒物,吨,10,2020-10,2.17,2.17,
富联精密电子（郑州）,2020,废气-全厂合计,全厂合计,,,,颗粒物,吨,11,2020-11,2.17,2.17,
富联精密电子（郑州）,2020,废气-全厂合计,全厂合计,,,,颗粒物,吨,12,2020-12,2.17,2.17,
富联精密电子（郑州）,2020,废气-全厂合计,全厂合计,,,,VOCs,吨,1,2020-01,0.0,0,
富联精密电子（郑州）,2020,废气-全厂合计,全厂合计,,,,VOCs,吨,2,2020-02,0.0,0,
富联精密电子（郑州）,2020,废气-全厂合计,全厂合计,,,,VOCs,吨,3,2020-03,0.0,0,
富联精密电子（郑州）,2020,废气-全厂合计,全厂合计,,,,VOCs,吨,4,2020-04,0.0,0,
富联精密电子（郑州）,2020,废气-全厂合计,全厂合计,,,,VOCs,吨,5,2020-05,0.0,0,
富联精密电子（郑州）,2020,废气-全厂合计,全厂合计,,,,VOCs,吨,6,2020-06,0.0,0,
富联精密电子（郑州）,2020,废气-全厂合计,全厂合计,,,,VOCs,吨,7,2020-07,0.0,0,
富联精密电子（郑州）,2020,废气-全厂合计,全厂合计,,,,VOCs,吨,8,2020-08,0.0,0,
富联精密电子（郑州）,2020,废气-全厂合计,全厂合计,,,,VOCs,吨,9,2020-09,0.0,0,
富联精密电子（郑州）,2020,废气-全厂合计,全厂合计,,,,VOCs,吨,10,2020-10,0.0,0,
富联精密电子（郑州）,2020,废气-全厂合计,全厂合计,,,,VOCs,吨,11,2020-11,0.0,0,
富联精密电子（郑州）,2020,废气-全厂合计,全厂合计,,,,VOCs,吨,12,2020-12,0.0,0,
富联精密电子（郑州）,2020,废水-主要排放口,主要排放口,,DW007,综合废水排放口,pH值,无量纲,1,2020-01,0.0,0,
富联精密电子（郑州）,2020,废水-主要排放口,主要排放口,,DW007,综合废水排放口,pH值,无量纲,2,2020-02,0.0,0,
富联精密电子（郑州）,2020,废水-主要排放口,主要排放口,,DW007,综合废水排放口,pH值,无量纲,3,2020-03,0.0,0,
富联精密电子（郑州）,2020,废水-主要排放口,主要排放口,,DW007,综合废水排放口,pH值,无量纲,4,2020-04,0.0,0,
富联精密电子（郑州）,2020,废水-主要排放口,主要排放口,,DW007,综合废水排放口,pH值,无量纲,5,2020-05,0.0,0,
富联精密电子（郑州）,2020,废水-主要排放口,主要排放口,,DW007,综合废水排放口,pH值,无量纲,6,2020-06,0.0,0,
富联精密电子（郑州）,2020,废水-主要排放口,主要排放口,,DW007,综合废水排放口,pH值,无量纲,7,2020-07,0.0,0,
富联精密电子（郑州）,2020,废水-主要排放口,主要排放口,,DW007,综合废水排放口,pH值,无量纲,8,2020-08,0.0,0,
富联精密电子（郑州）,2020,废水-主要排放口,主要排放口,,DW007,综合废水排放口,pH值,无量纲,9,2020-09,7.14,7.14,
富联精密电子（郑州）,2020,废水-主要排放口,主要排放口,,DW007,综合废水排放口,pH值,无量纲,10,2020-10,7.44,7.44,
富联精密电子（郑州）,2020,废水-主要排放口,主要排放口,,DW007,综合废水排放口,pH值,无量纲,11,2020-11,7.93,7.93,
富联精密电子（郑州）,2020,废水-主要排放口,主要排放口,,DW007,综合废水排放口,pH值,无量纲,12,2020-12,7.63,7.63,
富联精密电子（郑州）,2020,废水-主要排放口,主要排放口,,DW007,综合废水排放口,化学需氧量,吨,1,2020-01,0.0,0,
富联精密电子（郑州）,2020,废水-主要排放口,主要排放口,,DW007,综合废水排放口,化学需氧量,吨,2,2020-02,0.0,0,
富联精密电子（郑州）,2020,废水-主要排放口,主要排放口,,DW007,综合废水排放口,化学需氧量,吨,3,2020-03,0.0,0,
富联精密电子（郑州）,2020,废水-主要排放口,主要排放口,,DW007,综合废水排放口,化学需氧量,吨,4,2020-04,0.0,0,
富联精密电子（郑州）,2020,废水-主要排放口,主要排放口,,DW007,综合废水排放口,化学需氧量,吨,5,2020-05,0.0,0,
富联精密电子（郑州）,2020,废水-主要排放口,主要排放口,,DW007,综合废水排放口,化学需氧量,吨,6,2020-06,0.0,0,
富联精密电子（郑州）,2020,废水-主要排放口,主要排放口,,DW007,综合废水排放口,化学需氧量,吨,7,2020-07,0.0,0,
富联精密电子（郑州）,2020,废水-主要排放口,主要排放口,,DW007,综合废水排放口,化学需氧量,吨,8,2020-08,0.0,0,
富联精密电子（郑州）,2020,废水-主要排放口,主要排放口,,DW007,综合废水排放口,化学需氧量,吨,9,2020-09,5.75,5.75,
富联精密电子（郑州）,2020,废水-主要排放口,主要排放口,,DW007,综合废水排放口,化学需氧量,吨,10,2020-10,8.317,8.317,
富联精密电子（郑州）,2020,废水-主要排放口,主要排放口,,DW007,综合废水排放口,化学需氧量,吨,11,2020-11,6.31,6.31,
富联精密电子（郑州）,2020,废水-主要排放口,主要排放口,,DW007,综合废水排放口,化学需氧量,吨,12,2020-12,5.67,5.67,
富联精密电子（郑州）,2020,废水-主要排放口,主要排放口,,DW007,综合废水排放口,总氮（以N计）,吨,1,2020-01,0.0,0,
富联精密电子（郑州）,2020,废水-主要排放口,主要排放口,,DW007,综合废水排放口,总氮（以N计）,吨,2,2020-02,0.0,0,
富联精密电子（郑州）,2020,废水-主要排放口,主要排放口,,DW007,综合废水排放口,总氮（以N计）,吨,3,2020-03,0.0,0,
富联精密电子（郑州）,2020,废水-主要排放口,主要排放口,,DW007,综合废水排放口,总氮（以N计）,吨,4,2020-04,0.0,0,
富联精密电子（郑州）,2020,废水-主要排放口,主要排放口,,DW007,综合废水排放口,总氮（以N计）,吨,5,2020-05,0.0,0,
富联精密电子（郑州）,2020,废水-主要排放口,主要排放口,,DW007,综合废水排放口,总氮（以N计）,吨,6,2020-06,0.0,0,
富联精密电子（郑州）,2020,废水-主要排放口,主要排放口,,DW007,综合废水排放口,总氮（以N计）,吨,7,2020-07,0.0,0,
富联精密电子（郑州）,2020,废水-主要排放口,主要排放口,,DW007,综合废水排放口,总氮（以N计）,吨,8,2020-08,0.0,0,
富联精密电子（郑州）,2020,废水-主要排放口,主要排放口,,DW007,综合废水排放口,总氮（以N计）,吨,9,2020-09,2.08,2.08,
富联精密电子（郑州）,2020,废水-主要排放口,主要排放口,,DW007,综合废水排放口,总氮（以N计）,吨,10,2020-10,2.5,2.5,
富联精密电子（郑州）,2020,废水-主要排放口,主要排放口,,DW007,综合废水排放口,总氮（以N计）,吨,11,2020-11,2.61,2.61,
富联精密电子（郑州）,2020,废水-主要排放口,主要排放口,,DW007,综合废水排放口,总氮（以N计）,吨,12,2020-12,2.043,2.043,
富联精密电子（郑州）,2020,废水-主要排放口,主要排放口,,DW007,综合废水排放口,氨氮（NH3-N）,吨,1,2020-01,0.0,0,
富联精密电子（郑州）,2020,废水-主要排放口,主要排放口,,DW007,综合废水排放口,氨氮（NH3-N）,吨,2,2020-02,0.0,0,
富联精密电子（郑州）,2020,废水-主要排放口,主要排放口,,DW007,综合废水排放口,氨氮（NH3-N）,吨,3,2020-03,0.0,0,
富联精密电子（郑州）,2020,废水-主要排放口,主要排放口,,DW007,综合废水排放口,氨氮（NH3-N）,吨,4,2020-04,0.0,0,
富联精密电子（郑州）,2020,废水-主要排放口,主要排放口,,DW007,综合废水排放口,氨氮（NH3-N）,吨,5,2020-05,0.0,0,
富联精密电子（郑州）,2020,废水-主要排放口,主要排放口,,DW007,综合废水排放口,氨氮（NH3-N）,吨,6,2020-06,0.0,0,
富联精密电子（郑州）,2020,废水-主要排放口,主要排放口,,DW007,综合废水排放口,氨氮（NH3-N）,吨,7,2020-07,0.0,0,
富联精密电子（郑州）,2020,废水-主要排放口,主要排放口,,DW007,综合废水排放口,氨氮（NH3-N）,吨,8,2020-08,0.0,0,
富联精密电子（郑州）,2020,废水-主要排放口,主要排放口,,DW007,综合废水排放口,氨氮（NH3-N）,吨,9,2020-09,0.164,0.164,
富联精密电子（郑州）,2020,废水-主要排放口,主要排放口,,DW007,综合废水排放口,氨氮（NH3-N）,吨,10,2020-10,0.218,0.218,
富联精密电子（郑州）,2020,废水-主要排放口,主要排放口,,DW007,综合废水排放口,氨氮（NH3-N）,吨,11,2020-11,0.12,0.12,
富联精密电子（郑州）,2020,废水-主要排放口,主要排放口,,DW007,综合废水排放口,氨氮（NH3-N）,吨,12,2020-12,0.187,0.187,
富联精密电子（郑州）,2020,废水-主要排放口,主要排放口,,DW007,综合废水排放口,总磷（以P计）,吨,1,2020-01,0.0,0,
富联精密电子（郑州）,2020,废水-主要排放口,主要排放口,,DW007,综合废水排放口,总磷（以P计）,吨,2,2020-02,0.0,0,
富联精密电子（郑州）,2020,废水-主要排放口,主要排放口,,DW007,综合废水排放口,总磷（以P计）,吨,3,2020-03,0.0,0,
富联精密电子（郑州）,2020,废水-主要排放口,主要排放口,,DW007,综合废水排放口,总磷（以P计）,吨,4,2020-04,0.0,0,
富联精密电子（郑州）,2020,废水-主要排放口,主要排放口,,DW007,综合废水排放口,总磷（以P计）,吨,5,2020-05,0.0,0,
富联精密电子（郑州）,2020,废水-主要排放口,主要排放口,,DW007,综合废水排放口,总磷（以P计）,吨,6,2020-06,0.0,0,
富联精密电子（郑州）,2020,废水-主要排放口,主要排放口,,DW007,综合废水排放口,总磷（以P计）,吨,7,2020-07,0.0,0,
富联精密电子（郑州）,2020,废水-主要排放口,主要排放口,,DW007,综合废水排放口,总磷（以P计）,吨,8,2020-08,0.0,0,
富联精密电子（郑州）,2020,废水-主要排放口,主要排放口,,DW007,综合废水排放口,总磷（以P计）,吨,9,2020-09,0.029,0.029,
富联精密电子（郑州）,2020,废水-主要排放口,主要排放口,,DW007,综合废水排放口,总磷（以P计）,吨,10,2020-10,0.056,0.056,
富联精密电子（郑州）,2020,废水-主要排放口,主要排放口,,DW007,综合废水排放口,总磷（以P计）,吨,11,2020-11,0.039,0.039,
富联精密电子（郑州）,2020,废水-主要排放口,主要排放口,,DW007,综合废水排放口,总磷（以P计）,吨,12,2020-12,0.027,0.027,
富联精密电子（郑州）,2020,废水-主要排放口,主要排放口,,DW007,综合废水排放口,石油类,吨,1,2020-01,0.0,0,
富联精密电子（郑州）,2020,废水-主要排放口,主要排放口,,DW007,综合废水排放口,石油类,吨,2,2020-02,0.0,0,
富联精密电子（郑州）,2020,废水-主要排放口,主要排放口,,DW007,综合废水排放口,石油类,吨,3,2020-03,0.0,0,
富联精密电子（郑州）,2020,废水-主要排放口,主要排放口,,DW007,综合废水排放口,石油类,吨,4,2020-04,0.0,0,
富联精密电子（郑州）,2020,废水-主要排放口,主要排放口,,DW007,综合废水排放口,石油类,吨,5,2020-05,0.0,0,
富联精密电子（郑州）,2020,废水-主要排放口,主要排放口,,DW007,综合废水排放口,石油类,吨,6,2020-06,0.0,0,
富联精密电子（郑州）,2020,废水-主要排放口,主要排放口,,DW007,综合废水排放口,石油类,吨,7,2020-07,0.0,0,
富联精密电子（郑州）,2020,废水-主要排放口,主要排放口,,DW007,综合废水排放口,石油类,吨,8,2020-08,0.0,0,
富联精密电子（郑州）,2020,废水-主要排放口,主要排放口,,DW007,综合废水排放口,石油类,吨,9,2020-09,0.07,0.07,
富联精密电子（郑州）,2020,废水-主要排放口,主要排放口,,DW007,综合废水排放口,石油类,吨,10,2020-10,0.03,0.03,
富联精密电子（郑州）,2020,废水-主要排放口,主要排放口,,DW007,综合废水排放口,石油类,吨,11,2020-11,0.03,0.03,
富联精密电子（郑州）,2020,废水-主要排放口,主要排放口,,DW007,综合废水排放口,石油类,吨,12,2020-12,0.05,0.05,
富联精密电子（郑州）,2020,废水-全厂合计,全厂合计,,,,pH值,无量纲,1,2020-01,0.0,0,
富联精密电子（郑州）,2020,废水-全厂合计,全厂合计,,,,pH值,无量纲,2,2020-02,0.0,0,
富联精密电子（郑州）,2020,废水-全厂合计,全厂合计,,,,pH值,无量纲,3,2020-03,0.0,0,
富联精密电子（郑州）,2020,废水-全厂合计,全厂合计,,,,pH值,无量纲,4,2020-04,0.0,0,
富联精密电子（郑州）,2020,废水-全厂合计,全厂合计,,,,pH值,无量纲,5,2020-05,0.0,0,
富联精密电子（郑州）,2020,废水-全厂合计,全厂合计,,,,pH值,无量纲,6,2020-06,0.0,0,
富联精密电子（郑州）,2020,废水-全厂合计,全厂合计,,,,pH值,无量纲,7,2020-07,0.0,0,
富联精密电子（郑州）,2020,废水-全厂合计,全厂合计,,,,pH值,无量纲,8,2020-08,0.0,0,
富联精密电子（郑州）,2020,废水-全厂合计,全厂合计,,,,pH值,无量纲,9,2020-09,7.14,7.14,
富联精密电子（郑州）,2020,废水-全厂合计,全厂合计,,,,pH值,无量纲,10,2020-10,7.44,7.44,
富联精密电子（郑州）,2020,废水-全厂合计,全厂合计,,,,pH值,无量纲,11,2020-11,7.93,7.93,
富联精密电子（郑州）,2020,废水-全厂合计,全厂合计,,,,pH值,无量纲,12,2020-12,7.63,7.63,
富联精密电子（郑州）,2020,废水-全厂合计,全厂合计,,,,化学需氧量,吨,1,2020-01,0.0,0,
富联精密电子（郑州）,2020,废水-全厂合计,全厂合计,,,,化学需氧量,吨,2,2020-02,0.0,0,
富联精密电子（郑州）,2020,废水-全厂合计,全厂合计,,,,化学需氧量,吨,3,2020-03,0.0,0,
富联精密电子（郑州）,2020,废水-全厂合计,全厂合计,,,,化学需氧量,吨,4,2020-04,0.0,0,
富联精密电子（郑州）,2020,废水-全厂合计,全厂合计,,,,化学需氧量,吨,5,2020-05,0.0,0,
富联精密电子（郑州）,2020,废水-全厂合计,全厂合计,,,,化学需氧量,吨,6,2020-06,0.0,0,
富联精密电子（郑州）,2020,废水-全厂合计,全厂合计,,,,化学需氧量,吨,7,2020-07,0.0,0,
富联精密电子（郑州）,2020,废水-全厂合计,全厂合计,,,,化学需氧量,吨,8,2020-08,0.0,0,
富联精密电子（郑州）,2020,废水-全厂合计,全厂合计,,,,化学需氧量,吨,9,2020-09,5.75,5.75,
富联精密电子（郑州）,2020,废水-全厂合计,全厂合计,,,,化学需氧量,吨,10,2020-10,8.317,8.317,
富联精密电子（郑州）,2020,废水-全厂合计,全厂合计,,,,化学需氧量,吨,11,2020-11,6.31,6.31,
富联精密电子（郑州）,2020,废水-全厂合计,全厂合计,,,,化学需氧量,吨,12,2020-12,5.67,5.67,
富联精密电子（郑州）,2020,废水-全厂合计,全厂合计,,,,总氮（以N计）,吨,1,2020-01,0.0,0,
富联精密电子（郑州）,2020,废水-全厂合计,全厂合计,,,,总氮（以N计）,吨,2,2020-02,0.0,0,
富联精密电子（郑州）,2020,废水-全厂合计,全厂合计,,,,总氮（以N计）,吨,3,2020-03,0.0,0,
富联精密电子（郑州）,2020,废水-全厂合计,全厂合计,,,,总氮（以N计）,吨,4,2020-04,0.0,0,
富联精密电子（郑州）,2020,废水-全厂合计,全厂合计,,,,总氮（以N计）,吨,5,2020-05,0.0,0,
富联精密电子（郑州）,2020,废水-全厂合计,全厂合计,,,,总氮（以N计）,吨,6,2020-06,0.0,0,
富联精密电子（郑州）,2020,废水-全厂合计,全厂合计,,,,总氮（以N计）,吨,7,2020-07,0.0,0,
富联精密电子（郑州）,2020,废水-全厂合计,全厂合计,,,,总氮（以N计）,吨,8,2020-08,0.0,0,
富联精密电子（郑州）,2020,废水-全厂合计,全厂合计,,,,总氮（以N计）,吨,9,2020-09,2.08,2.08,
富联精密电子（郑州）,2020,废水-全厂合计,全厂合计,,,,总氮（以N计）,吨,10,2020-10,2.5,2.5,
富联精密电子（郑州）,2020,废水-全厂合计,全厂合计,,,,总氮（以N计）,吨,11,2020-11,2.61,2.61,
富联精密电子（郑州）,2020,废水-全厂合计,全厂合计,,,,总氮（以N计）,吨,12,2020-12,2.043,2.043,
富联精密电子（郑州）,2020,废水-全厂合计,全厂合计,,,,氨氮（NH3-N）,吨,1,2020-01,0.0,0,
富联精密电子（郑州）,2020,废水-全厂合计,全厂合计,,,,氨氮（NH3-N）,吨,2,2020-02,0.0,0,
富联精密电子（郑州）,2020,废水-全厂合计,全厂合计,,,,氨氮（NH3-N）,吨,3,2020-03,0.0,0,
富联精密电子（郑州）,2020,废水-全厂合计,全厂合计,,,,氨氮（NH3-N）,吨,4,2020-04,0.0,0,
富联精密电子（郑州）,2020,废水-全厂合计,全厂合计,,,,氨氮（NH3-N）,吨,5,2020-05,0.0,0,
富联精密电子（郑州）,2020,废水-全厂合计,全厂合计,,,,氨氮（NH3-N）,吨,6,2020-06,0.0,0,
富联精密电子（郑州）,2020,废水-全厂合计,全厂合计,,,,氨氮（NH3-N）,吨,7,2020-07,0.0,0,
富联精密电子（郑州）,2020,废水-全厂合计,全厂合计,,,,氨氮（NH3-N）,吨,8,2020-08,0.0,0,
富联精密电子（郑州）,2020,废水-全厂合计,全厂合计,,,,氨氮（NH3-N）,吨,9,2020-09,0.164,0.164,
富联精密电子（郑州）,2020,废水-全厂合计,全厂合计,,,,氨氮（NH3-N）,吨,10,2020-10,0.218,0.218,
富联精密电子（郑州）,2020,废水-全厂合计,全厂合计,,,,氨氮（NH3-N）,吨,11,2020-11,0.12,0.12,
富联精密电子（郑州）,2020,废水-全厂合计,全厂合计,,,,氨氮（NH3-N）,吨,12,2020-12,0.187,0.187,
富联精密电子（郑州）,2020,废水-全厂合计,全厂合计,,,,总磷（以P计）,吨,1,2020-01,0.0,0,
富联精密电子（郑州）,2020,废水-全厂合计,全厂合计,,,,总磷（以P计）,吨,2,2020-02,0.0,0,
富联精密电子（郑州）,2020,废水-全厂合计,全厂合计,,,,总磷（以P计）,吨,3,2020-03,0.0,0,
富联精密电子（郑州）,2020,废水-全厂合计,全厂合计,,,,总磷（以P计）,吨,4,2020-04,0.0,0,
富联精密电子（郑州）,2020,废水-全厂合计,全厂合计,,,,总磷（以P计）,吨,5,2020-05,0.0,0,
富联精密电子（郑州）,2020,废水-全厂合计,全厂合计,,,,总磷（以P计）,吨,6,2020-06,0.0,0,
富联精密电子（郑州）,2020,废水-全厂合计,全厂合计,,,,总磷（以P计）,吨,7,2020-07,0.0,0,
富联精密电子（郑州）,2020,废水-全厂合计,全厂合计,,,,总磷（以P计）,吨,8,2020-08,0.0,0,
富联精密电子（郑州）,2020,废水-全厂合计,全厂合计,,,,总磷（以P计）,吨,9,2020-09,0.029,0.029,
富联精密电子（郑州）,2020,废水-全厂合计,全厂合计,,,,总磷（以P计）,吨,10,2020-10,0.056,0.056,
富联精密电子（郑州）,2020,废水-全厂合计,全厂合计,,,,总磷（以P计）,吨,11,2020-11,0.039,0.039,
富联精密电子（郑州）,2020,废水-全厂合计,全厂合计,,,,总磷（以P计）,吨,12,2020-12,0.027,0.027,
富联精密电子（郑州）,2020,废水-全厂合计,全厂合计,,,,石油类,吨,1,2020-01,0.0,0,
富联精密电子（郑州）,2020,废水-全厂合计,全厂合计,,,,石油类,吨,2,2020-02,0.0,0,
富联精密电子（郑州）,2020,废水-全厂合计,全厂合计,,,,石油类,吨,3,2020-03,0.0,0,
富联精密电子（郑州）,2020,废水-全厂合计,全厂合计,,,,石油类,吨,4,2020-04,0.0,0,
富联精密电子（郑州）,2020,废水-全厂合计,全厂合计,,,,石油类,吨,5,2020-05,0.0,0,
富联精密电子（郑州）,2020,废水-全厂合计,全厂合计,,,,石油类,吨,6,2020-06,0.0,0,
富联精密电子（郑州）,2020,废水-全厂合计,全厂合计,,,,石油类,吨,7,2020-07,0.0,0,
富联精密电子（郑州）,2020,废水-全厂合计,全厂合计,,,,石油类,吨,8,2020-08,0.0,0,
富联精密电子（郑州）,2020,废水-全厂合计,全厂合计,,,,石油类,吨,9,2020-09,0.07,0.07,
富联精密电子（郑州）,2020,废水-全厂合计,全厂合计,,,,石油类,吨,10,2020-10,0.03,0.03,
富联精密电子（郑州）,2020,废水-全厂合计,全厂合计,,,,石油类,吨,11,2020-11,0.03,0.03,
富联精密电子（郑州）,2020,废水-全厂合计,全厂合计,,,,石油类,吨,12,2020-12,0.05,0.05,
富联精密电子（郑州）,2021,废气-一般排放口合计,一般排放口（合计）,,,,臭气浓度,无量纲（月值相加无物理意义）,1,2021-01,1.83,1.83,
富联精密电子（郑州）,2021,废气-一般排放口合计,一般排放口（合计）,,,,臭气浓度,无量纲（月值相加无物理意义）,2,2021-02,1.83,1.83,
富联精密电子（郑州）,2021,废气-一般排放口合计,一般排放口（合计）,,,,臭气浓度,无量纲（月值相加无物理意义）,3,2021-03,1.83,1.83,
富联精密电子（郑州）,2021,废气-一般排放口合计,一般排放口（合计）,,,,臭气浓度,无量纲（月值相加无物理意义）,4,2021-04,1.83,1.83,
富联精密电子（郑州）,2021,废气-一般排放口合计,一般排放口（合计）,,,,臭气浓度,无量纲（月值相加无物理意义）,5,2021-05,1.83,1.83,
富联精密电子（郑州）,2021,废气-一般排放口合计,一般排放口（合计）,,,,臭气浓度,无量纲（月值相加无物理意义）,6,2021-06,13.25,13.25,
富联精密电子（郑州）,2021,废气-一般排放口合计,一般排放口（合计）,,,,臭气浓度,无量纲（月值相加无物理意义）,7,2021-07,13.25,13.25,
富联精密电子（郑州）,2021,废气-一般排放口合计,一般排放口（合计）,,,,臭气浓度,无量纲（月值相加无物理意义）,8,2021-08,13.25,13.25,
富联精密电子（郑州）,2021,废气-一般排放口合计,一般排放口（合计）,,,,臭气浓度,无量纲（月值相加无物理意义）,9,2021-09,13.25,13.25,
富联精密电子（郑州）,2021,废气-一般排放口合计,一般排放口（合计）,,,,臭气浓度,无量纲（月值相加无物理意义）,10,2021-10,1.83,1.83,
富联精密电子（郑州）,2021,废气-一般排放口合计,一般排放口（合计）,,,,臭气浓度,无量纲（月值相加无物理意义）,11,2021-11,13.25,13.25,
富联精密电子（郑州）,2021,废气-一般排放口合计,一般排放口（合计）,,,,臭气浓度,无量纲（月值相加无物理意义）,12,2021-12,0.0,0,
富联精密电子（郑州）,2021,废气-一般排放口合计,一般排放口（合计）,,,,氨（氨气）,吨,1,2021-01,0.03,0.03,
富联精密电子（郑州）,2021,废气-一般排放口合计,一般排放口（合计）,,,,氨（氨气）,吨,2,2021-02,0.03,0.03,
富联精密电子（郑州）,2021,废气-一般排放口合计,一般排放口（合计）,,,,氨（氨气）,吨,3,2021-03,0.03,0.03,
富联精密电子（郑州）,2021,废气-一般排放口合计,一般排放口（合计）,,,,氨（氨气）,吨,4,2021-04,0.03,0.03,
富联精密电子（郑州）,2021,废气-一般排放口合计,一般排放口（合计）,,,,氨（氨气）,吨,5,2021-05,0.03,0.03,
富联精密电子（郑州）,2021,废气-一般排放口合计,一般排放口（合计）,,,,氨（氨气）,吨,6,2021-06,0.011,0.011,
富联精密电子（郑州）,2021,废气-一般排放口合计,一般排放口（合计）,,,,氨（氨气）,吨,7,2021-07,0.011,0.011,
富联精密电子（郑州）,2021,废气-一般排放口合计,一般排放口（合计）,,,,氨（氨气）,吨,8,2021-08,0.004,0.004,
富联精密电子（郑州）,2021,废气-一般排放口合计,一般排放口（合计）,,,,氨（氨气）,吨,9,2021-09,0.011,0.011,
富联精密电子（郑州）,2021,废气-一般排放口合计,一般排放口（合计）,,,,氨（氨气）,吨,10,2021-10,0.004,0.004,
富联精密电子（郑州）,2021,废气-一般排放口合计,一般排放口（合计）,,,,氨（氨气）,吨,11,2021-11,0.011,0.011,
富联精密电子（郑州）,2021,废气-一般排放口合计,一般排放口（合计）,,,,氨（氨气）,吨,12,2021-12,0.094,0.094,
富联精密电子（郑州）,2021,废气-一般排放口合计,一般排放口（合计）,,,,硫化氢,吨,1,2021-01,0.08,0.08,
富联精密电子（郑州）,2021,废气-一般排放口合计,一般排放口（合计）,,,,硫化氢,吨,2,2021-02,0.08,0.08,
富联精密电子（郑州）,2021,废气-一般排放口合计,一般排放口（合计）,,,,硫化氢,吨,3,2021-03,0.08,0.08,
富联精密电子（郑州）,2021,废气-一般排放口合计,一般排放口（合计）,,,,硫化氢,吨,4,2021-04,0.08,0.08,
富联精密电子（郑州）,2021,废气-一般排放口合计,一般排放口（合计）,,,,硫化氢,吨,5,2021-05,0.08,0.08,
富联精密电子（郑州）,2021,废气-一般排放口合计,一般排放口（合计）,,,,硫化氢,吨,6,2021-06,0.004,0.004,
富联精密电子（郑州）,2021,废气-一般排放口合计,一般排放口（合计）,,,,硫化氢,吨,7,2021-07,0.004,0.004,
富联精密电子（郑州）,2021,废气-一般排放口合计,一般排放口（合计）,,,,硫化氢,吨,8,2021-08,0.011,0.011,
富联精密电子（郑州）,2021,废气-一般排放口合计,一般排放口（合计）,,,,硫化氢,吨,9,2021-09,0.004,0.004,
富联精密电子（郑州）,2021,废气-一般排放口合计,一般排放口（合计）,,,,硫化氢,吨,10,2021-10,0.011,0.011,
富联精密电子（郑州）,2021,废气-一般排放口合计,一般排放口（合计）,,,,硫化氢,吨,11,2021-11,0.004,0.004,
富联精密电子（郑州）,2021,废气-一般排放口合计,一般排放口（合计）,,,,硫化氢,吨,12,2021-12,0.002,0.002,
富联精密电子（郑州）,2021,废气-一般排放口合计,一般排放口（合计）,,,,硫酸雾,吨,1,2021-01,1.2,1.2,
富联精密电子（郑州）,2021,废气-一般排放口合计,一般排放口（合计）,,,,硫酸雾,吨,2,2021-02,1.2,1.2,
富联精密电子（郑州）,2021,废气-一般排放口合计,一般排放口（合计）,,,,硫酸雾,吨,3,2021-03,1.2,1.2,
富联精密电子（郑州）,2021,废气-一般排放口合计,一般排放口（合计）,,,,硫酸雾,吨,4,2021-04,1.2,1.2,
富联精密电子（郑州）,2021,废气-一般排放口合计,一般排放口（合计）,,,,硫酸雾,吨,5,2021-05,1.2,1.2,
富联精密电子（郑州）,2021,废气-一般排放口合计,一般排放口（合计）,,,,硫酸雾,吨,6,2021-06,0.24,0.24,
富联精密电子（郑州）,2021,废气-一般排放口合计,一般排放口（合计）,,,,硫酸雾,吨,7,2021-07,0.22,0.22,
富联精密电子（郑州）,2021,废气-一般排放口合计,一般排放口（合计）,,,,硫酸雾,吨,8,2021-08,0.25,0.25,
富联精密电子（郑州）,2021,废气-一般排放口合计,一般排放口（合计）,,,,硫酸雾,吨,9,2021-09,0.24,0.24,
富联精密电子（郑州）,2021,废气-一般排放口合计,一般排放口（合计）,,,,硫酸雾,吨,10,2021-10,0.23,0.23,
富联精密电子（郑州）,2021,废气-一般排放口合计,一般排放口（合计）,,,,硫酸雾,吨,11,2021-11,0.24,0.24,
富联精密电子（郑州）,2021,废气-一般排放口合计,一般排放口（合计）,,,,硫酸雾,吨,12,2021-12,0.22,0.22,
富联精密电子（郑州）,2021,废气-一般排放口合计,一般排放口（合计）,,,,颗粒物,吨,1,2021-01,0.97,0.97,
富联精密电子（郑州）,2021,废气-一般排放口合计,一般排放口（合计）,,,,颗粒物,吨,2,2021-02,0.97,0.97,
富联精密电子（郑州）,2021,废气-一般排放口合计,一般排放口（合计）,,,,颗粒物,吨,3,2021-03,0.97,0.97,
富联精密电子（郑州）,2021,废气-一般排放口合计,一般排放口（合计）,,,,颗粒物,吨,4,2021-04,0.97,0.97,
富联精密电子（郑州）,2021,废气-一般排放口合计,一般排放口（合计）,,,,颗粒物,吨,5,2021-05,0.97,0.97,
富联精密电子（郑州）,2021,废气-一般排放口合计,一般排放口（合计）,,,,颗粒物,吨,6,2021-06,0.37,0.37,
富联精密电子（郑州）,2021,废气-一般排放口合计,一般排放口（合计）,,,,颗粒物,吨,7,2021-07,0.31,0.31,
富联精密电子（郑州）,2021,废气-一般排放口合计,一般排放口（合计）,,,,颗粒物,吨,8,2021-08,0.36,0.36,
富联精密电子（郑州）,2021,废气-一般排放口合计,一般排放口（合计）,,,,颗粒物,吨,9,2021-09,0.35,0.35,
富联精密电子（郑州）,2021,废气-一般排放口合计,一般排放口（合计）,,,,颗粒物,吨,10,2021-10,0.33,0.33,
富联精密电子（郑州）,2021,废气-一般排放口合计,一般排放口（合计）,,,,颗粒物,吨,11,2021-11,0.35,0.35,
富联精密电子（郑州）,2021,废气-一般排放口合计,一般排放口（合计）,,,,颗粒物,吨,12,2021-12,0.25,0.25,
富联精密电子（郑州）,2021,废气-一般排放口合计,一般排放口（合计）,,,,非甲烷总烃,吨,1,2021-01,4.94,4.94,
富联精密电子（郑州）,2021,废气-一般排放口合计,一般排放口（合计）,,,,非甲烷总烃,吨,2,2021-02,4.94,4.94,
富联精密电子（郑州）,2021,废气-一般排放口合计,一般排放口（合计）,,,,非甲烷总烃,吨,3,2021-03,4.94,4.94,
富联精密电子（郑州）,2021,废气-一般排放口合计,一般排放口（合计）,,,,非甲烷总烃,吨,4,2021-04,4.94,4.94,
富联精密电子（郑州）,2021,废气-一般排放口合计,一般排放口（合计）,,,,非甲烷总烃,吨,5,2021-05,4.94,4.94,
富联精密电子（郑州）,2021,废气-一般排放口合计,一般排放口（合计）,,,,非甲烷总烃,吨,6,2021-06,1.68,1.68,
富联精密电子（郑州）,2021,废气-一般排放口合计,一般排放口（合计）,,,,非甲烷总烃,吨,7,2021-07,1.59,1.59,
富联精密电子（郑州）,2021,废气-一般排放口合计,一般排放口（合计）,,,,非甲烷总烃,吨,8,2021-08,1.81,1.81,
富联精密电子（郑州）,2021,废气-一般排放口合计,一般排放口（合计）,,,,非甲烷总烃,吨,9,2021-09,1.75,1.75,
富联精密电子（郑州）,2021,废气-一般排放口合计,一般排放口（合计）,,,,非甲烷总烃,吨,10,2021-10,1.63,1.63,
富联精密电子（郑州）,2021,废气-一般排放口合计,一般排放口（合计）,,,,非甲烷总烃,吨,11,2021-11,1.75,1.75,
富联精密电子（郑州）,2021,废气-一般排放口合计,一般排放口（合计）,,,,非甲烷总烃,吨,12,2021-12,0.63,0.63,
富联精密电子（郑州）,2021,废气-全厂合计,全厂合计,,,,NOx,吨,1,2021-01,0.0,0,
富联精密电子（郑州）,2021,废气-全厂合计,全厂合计,,,,NOx,吨,2,2021-02,0.0,0,
富联精密电子（郑州）,2021,废气-全厂合计,全厂合计,,,,NOx,吨,3,2021-03,0.0,0,
富联精密电子（郑州）,2021,废气-全厂合计,全厂合计,,,,NOx,吨,4,2021-04,0.0,0,
富联精密电子（郑州）,2021,废气-全厂合计,全厂合计,,,,NOx,吨,5,2021-05,0.0,0,
富联精密电子（郑州）,2021,废气-全厂合计,全厂合计,,,,NOx,吨,6,2021-06,0.0,0,
富联精密电子（郑州）,2021,废气-全厂合计,全厂合计,,,,NOx,吨,7,2021-07,0.0,0,
富联精密电子（郑州）,2021,废气-全厂合计,全厂合计,,,,NOx,吨,8,2021-08,0.0,0,
富联精密电子（郑州）,2021,废气-全厂合计,全厂合计,,,,NOx,吨,9,2021-09,0.0,0,
富联精密电子（郑州）,2021,废气-全厂合计,全厂合计,,,,NOx,吨,10,2021-10,0.0,0,
富联精密电子（郑州）,2021,废气-全厂合计,全厂合计,,,,NOx,吨,11,2021-11,0.0,0,
富联精密电子（郑州）,2021,废气-全厂合计,全厂合计,,,,NOx,吨,12,2021-12,0.0,0,
富联精密电子（郑州）,2021,废气-全厂合计,全厂合计,,,,SO2,吨,1,2021-01,0.0,0,
富联精密电子（郑州）,2021,废气-全厂合计,全厂合计,,,,SO2,吨,2,2021-02,0.0,0,
富联精密电子（郑州）,2021,废气-全厂合计,全厂合计,,,,SO2,吨,3,2021-03,0.0,0,
富联精密电子（郑州）,2021,废气-全厂合计,全厂合计,,,,SO2,吨,4,2021-04,0.0,0,
富联精密电子（郑州）,2021,废气-全厂合计,全厂合计,,,,SO2,吨,5,2021-05,0.0,0,
富联精密电子（郑州）,2021,废气-全厂合计,全厂合计,,,,SO2,吨,6,2021-06,0.0,0,
富联精密电子（郑州）,2021,废气-全厂合计,全厂合计,,,,SO2,吨,7,2021-07,0.0,0,
富联精密电子（郑州）,2021,废气-全厂合计,全厂合计,,,,SO2,吨,8,2021-08,0.0,0,
富联精密电子（郑州）,2021,废气-全厂合计,全厂合计,,,,SO2,吨,9,2021-09,0.0,0,
富联精密电子（郑州）,2021,废气-全厂合计,全厂合计,,,,SO2,吨,10,2021-10,0.0,0,
富联精密电子（郑州）,2021,废气-全厂合计,全厂合计,,,,SO2,吨,11,2021-11,0.0,0,
富联精密电子（郑州）,2021,废气-全厂合计,全厂合计,,,,SO2,吨,12,2021-12,0.0,0,
富联精密电子（郑州）,2021,废气-全厂合计,全厂合计,,,,颗粒物,吨,1,2021-01,2.17,2.17,
富联精密电子（郑州）,2021,废气-全厂合计,全厂合计,,,,颗粒物,吨,2,2021-02,2.17,2.17,
富联精密电子（郑州）,2021,废气-全厂合计,全厂合计,,,,颗粒物,吨,3,2021-03,2.17,2.17,
富联精密电子（郑州）,2021,废气-全厂合计,全厂合计,,,,颗粒物,吨,4,2021-04,2.17,2.17,
富联精密电子（郑州）,2021,废气-全厂合计,全厂合计,,,,颗粒物,吨,5,2021-05,2.17,2.17,
富联精密电子（郑州）,2021,废气-全厂合计,全厂合计,,,,颗粒物,吨,6,2021-06,0.61,0.61,
富联精密电子（郑州）,2021,废气-全厂合计,全厂合计,,,,颗粒物,吨,7,2021-07,0.53,0.53,
富联精密电子（郑州）,2021,废气-全厂合计,全厂合计,,,,颗粒物,吨,8,2021-08,0.61,0.61,
富联精密电子（郑州）,2021,废气-全厂合计,全厂合计,,,,颗粒物,吨,9,2021-09,0.59,0.59,
富联精密电子（郑州）,2021,废气-全厂合计,全厂合计,,,,颗粒物,吨,10,2021-10,0.56,0.56,
富联精密电子（郑州）,2021,废气-全厂合计,全厂合计,,,,颗粒物,吨,11,2021-11,0.59,0.59,
富联精密电子（郑州）,2021,废气-全厂合计,全厂合计,,,,颗粒物,吨,12,2021-12,0.47,0.47,
富联精密电子（郑州）,2021,废气-全厂合计,全厂合计,,,,VOCs,吨,1,2021-01,0.0,0,
富联精密电子（郑州）,2021,废气-全厂合计,全厂合计,,,,VOCs,吨,2,2021-02,0.0,0,
富联精密电子（郑州）,2021,废气-全厂合计,全厂合计,,,,VOCs,吨,3,2021-03,0.0,0,
富联精密电子（郑州）,2021,废气-全厂合计,全厂合计,,,,VOCs,吨,4,2021-04,0.0,0,
富联精密电子（郑州）,2021,废气-全厂合计,全厂合计,,,,VOCs,吨,5,2021-05,0.0,0,
富联精密电子（郑州）,2021,废气-全厂合计,全厂合计,,,,VOCs,吨,6,2021-06,0.0,0,
富联精密电子（郑州）,2021,废气-全厂合计,全厂合计,,,,VOCs,吨,7,2021-07,0.0,0,
富联精密电子（郑州）,2021,废气-全厂合计,全厂合计,,,,VOCs,吨,8,2021-08,0.0,0,
富联精密电子（郑州）,2021,废气-全厂合计,全厂合计,,,,VOCs,吨,9,2021-09,0.0,0,
富联精密电子（郑州）,2021,废气-全厂合计,全厂合计,,,,VOCs,吨,10,2021-10,0.0,0,
富联精密电子（郑州）,2021,废气-全厂合计,全厂合计,,,,VOCs,吨,11,2021-11,0.0,0,
富联精密电子（郑州）,2021,废气-全厂合计,全厂合计,,,,VOCs,吨,12,2021-12,0.0,0,
富联精密电子（郑州）,2021,废水-主要排放口,主要排放口,间接排放口,DW001,综合废水排放口,pH值,无量纲,1,2021-01,7.56,7.56,
富联精密电子（郑州）,2021,废水-主要排放口,主要排放口,间接排放口,DW001,综合废水排放口,pH值,无量纲,2,2021-02,7.44,7.44,
富联精密电子（郑州）,2021,废水-主要排放口,主要排放口,间接排放口,DW001,综合废水排放口,pH值,无量纲,3,2021-03,7.58,7.58,
富联精密电子（郑州）,2021,废水-主要排放口,主要排放口,间接排放口,DW001,综合废水排放口,pH值,无量纲,4,2021-04,7.37,7.37,
富联精密电子（郑州）,2021,废水-主要排放口,主要排放口,间接排放口,DW001,综合废水排放口,pH值,无量纲,5,2021-05,7.5,7.5,
富联精密电子（郑州）,2021,废水-主要排放口,主要排放口,间接排放口,DW001,综合废水排放口,pH值,无量纲,6,2021-06,7.4,7.4,
富联精密电子（郑州）,2021,废水-主要排放口,主要排放口,间接排放口,DW001,综合废水排放口,pH值,无量纲,7,2021-07,7.5,7.5,
富联精密电子（郑州）,2021,废水-主要排放口,主要排放口,间接排放口,DW001,综合废水排放口,pH值,无量纲,8,2021-08,7.3,7.3,
富联精密电子（郑州）,2021,废水-主要排放口,主要排放口,间接排放口,DW001,综合废水排放口,pH值,无量纲,9,2021-09,8.1,8.1,
富联精密电子（郑州）,2021,废水-主要排放口,主要排放口,间接排放口,DW001,综合废水排放口,pH值,无量纲,10,2021-10,7.05,7.05,
富联精密电子（郑州）,2021,废水-主要排放口,主要排放口,间接排放口,DW001,综合废水排放口,pH值,无量纲,11,2021-11,7.8,7.8,
富联精密电子（郑州）,2021,废水-主要排放口,主要排放口,间接排放口,DW001,综合废水排放口,pH值,无量纲,12,2021-12,8.1,8.1,
富联精密电子（郑州）,2021,废水-主要排放口,主要排放口,间接排放口,DW001,综合废水排放口,化学需氧量,吨,1,2021-01,6.69,6.69,
富联精密电子（郑州）,2021,废水-主要排放口,主要排放口,间接排放口,DW001,综合废水排放口,化学需氧量,吨,2,2021-02,3.3,3.3,
富联精密电子（郑州）,2021,废水-主要排放口,主要排放口,间接排放口,DW001,综合废水排放口,化学需氧量,吨,3,2021-03,2.91,2.91,
富联精密电子（郑州）,2021,废水-主要排放口,主要排放口,间接排放口,DW001,综合废水排放口,化学需氧量,吨,4,2021-04,3.82,3.82,
富联精密电子（郑州）,2021,废水-主要排放口,主要排放口,间接排放口,DW001,综合废水排放口,化学需氧量,吨,5,2021-05,3.19,3.19,
富联精密电子（郑州）,2021,废水-主要排放口,主要排放口,间接排放口,DW001,综合废水排放口,化学需氧量,吨,6,2021-06,3.132,3.132,
富联精密电子（郑州）,2021,废水-主要排放口,主要排放口,间接排放口,DW001,综合废水排放口,化学需氧量,吨,7,2021-07,2.986,2.986,
富联精密电子（郑州）,2021,废水-主要排放口,主要排放口,间接排放口,DW001,综合废水排放口,化学需氧量,吨,8,2021-08,4.022,4.022,
富联精密电子（郑州）,2021,废水-主要排放口,主要排放口,间接排放口,DW001,综合废水排放口,化学需氧量,吨,9,2021-09,4.18,4.18,
富联精密电子（郑州）,2021,废水-主要排放口,主要排放口,间接排放口,DW001,综合废水排放口,化学需氧量,吨,10,2021-10,7.72,7.72,
富联精密电子（郑州）,2021,废水-主要排放口,主要排放口,间接排放口,DW001,综合废水排放口,化学需氧量,吨,11,2021-11,3.22,3.22,
富联精密电子（郑州）,2021,废水-主要排放口,主要排放口,间接排放口,DW001,综合废水排放口,化学需氧量,吨,12,2021-12,3.92,3.92,
富联精密电子（郑州）,2021,废水-主要排放口,主要排放口,间接排放口,DW001,综合废水排放口,总氮（以N计）,吨,1,2021-01,0.023,0.023,
富联精密电子（郑州）,2021,废水-主要排放口,主要排放口,间接排放口,DW001,综合废水排放口,总氮（以N计）,吨,2,2021-02,1.04,1.04,
富联精密电子（郑州）,2021,废水-主要排放口,主要排放口,间接排放口,DW001,综合废水排放口,总氮（以N计）,吨,3,2021-03,0.82,0.82,
富联精密电子（郑州）,2021,废水-主要排放口,主要排放口,间接排放口,DW001,综合废水排放口,总氮（以N计）,吨,4,2021-04,0.59,0.59,
富联精密电子（郑州）,2021,废水-主要排放口,主要排放口,间接排放口,DW001,综合废水排放口,总氮（以N计）,吨,5,2021-05,0.99,0.99,
富联精密电子（郑州）,2021,废水-主要排放口,主要排放口,间接排放口,DW001,综合废水排放口,总氮（以N计）,吨,6,2021-06,0.822,0.822,
富联精密电子（郑州）,2021,废水-主要排放口,主要排放口,间接排放口,DW001,综合废水排放口,总氮（以N计）,吨,7,2021-07,0.704,0.704,
富联精密电子（郑州）,2021,废水-主要排放口,主要排放口,间接排放口,DW001,综合废水排放口,总氮（以N计）,吨,8,2021-08,1.491,1.491,
富联精密电子（郑州）,2021,废水-主要排放口,主要排放口,间接排放口,DW001,综合废水排放口,总氮（以N计）,吨,9,2021-09,0.768,0.768,
富联精密电子（郑州）,2021,废水-主要排放口,主要排放口,间接排放口,DW001,综合废水排放口,总氮（以N计）,吨,10,2021-10,1.7,1.7,
富联精密电子（郑州）,2021,废水-主要排放口,主要排放口,间接排放口,DW001,综合废水排放口,总氮（以N计）,吨,11,2021-11,1.27,1.27,
富联精密电子（郑州）,2021,废水-主要排放口,主要排放口,间接排放口,DW001,综合废水排放口,总氮（以N计）,吨,12,2021-12,1.82,1.82,
富联精密电子（郑州）,2021,废水-主要排放口,主要排放口,间接排放口,DW001,综合废水排放口,氨氮（NH3-N）,吨,1,2021-01,0.07,0.07,
富联精密电子（郑州）,2021,废水-主要排放口,主要排放口,间接排放口,DW001,综合废水排放口,氨氮（NH3-N）,吨,2,2021-02,0.05,0.05,
富联精密电子（郑州）,2021,废水-主要排放口,主要排放口,间接排放口,DW001,综合废水排放口,氨氮（NH3-N）,吨,3,2021-03,0.06,0.06,
富联精密电子（郑州）,2021,废水-主要排放口,主要排放口,间接排放口,DW001,综合废水排放口,氨氮（NH3-N）,吨,4,2021-04,0.03,0.03,
富联精密电子（郑州）,2021,废水-主要排放口,主要排放口,间接排放口,DW001,综合废水排放口,氨氮（NH3-N）,吨,5,2021-05,0.05,0.05,
富联精密电子（郑州）,2021,废水-主要排放口,主要排放口,间接排放口,DW001,综合废水排放口,氨氮（NH3-N）,吨,6,2021-06,0.0,0,
富联精密电子（郑州）,2021,废水-主要排放口,主要排放口,间接排放口,DW001,综合废水排放口,氨氮（NH3-N）,吨,7,2021-07,0.032,0.032,
富联精密电子（郑州）,2021,废水-主要排放口,主要排放口,间接排放口,DW001,综合废水排放口,氨氮（NH3-N）,吨,8,2021-08,0.045,0.045,
富联精密电子（郑州）,2021,废水-主要排放口,主要排放口,间接排放口,DW001,综合废水排放口,氨氮（NH3-N）,吨,9,2021-09,0.055,0.055,
富联精密电子（郑州）,2021,废水-主要排放口,主要排放口,间接排放口,DW001,综合废水排放口,氨氮（NH3-N）,吨,10,2021-10,0.492,0.492,
富联精密电子（郑州）,2021,废水-主要排放口,主要排放口,间接排放口,DW001,综合废水排放口,氨氮（NH3-N）,吨,11,2021-11,0.44,0.44,
富联精密电子（郑州）,2021,废水-主要排放口,主要排放口,间接排放口,DW001,综合废水排放口,氨氮（NH3-N）,吨,12,2021-12,0.58,0.58,
富联精密电子（郑州）,2021,废水-主要排放口,主要排放口,间接排放口,DW001,综合废水排放口,总磷（以P计）,吨,1,2021-01,0.024,0.024,
富联精密电子（郑州）,2021,废水-主要排放口,主要排放口,间接排放口,DW001,综合废水排放口,总磷（以P计）,吨,2,2021-02,0.009,0.009,
富联精密电子（郑州）,2021,废水-主要排放口,主要排放口,间接排放口,DW001,综合废水排放口,总磷（以P计）,吨,3,2021-03,0.01,0.01,
富联精密电子（郑州）,2021,废水-主要排放口,主要排放口,间接排放口,DW001,综合废水排放口,总磷（以P计）,吨,4,2021-04,0.02,0.02,
富联精密电子（郑州）,2021,废水-主要排放口,主要排放口,间接排放口,DW001,综合废水排放口,总磷（以P计）,吨,5,2021-05,0.02,0.02,
富联精密电子（郑州）,2021,废水-主要排放口,主要排放口,间接排放口,DW001,综合废水排放口,总磷（以P计）,吨,6,2021-06,0.008,0.008,
富联精密电子（郑州）,2021,废水-主要排放口,主要排放口,间接排放口,DW001,综合废水排放口,总磷（以P计）,吨,7,2021-07,0.013,0.013,
富联精密电子（郑州）,2021,废水-主要排放口,主要排放口,间接排放口,DW001,综合废水排放口,总磷（以P计）,吨,8,2021-08,0.009,0.009,
富联精密电子（郑州）,2021,废水-主要排放口,主要排放口,间接排放口,DW001,综合废水排放口,总磷（以P计）,吨,9,2021-09,0.007,0.007,
富联精密电子（郑州）,2021,废水-主要排放口,主要排放口,间接排放口,DW001,综合废水排放口,总磷（以P计）,吨,10,2021-10,0.007,0.007,
富联精密电子（郑州）,2021,废水-主要排放口,主要排放口,间接排放口,DW001,综合废水排放口,总磷（以P计）,吨,11,2021-11,0.008,0.008,
富联精密电子（郑州）,2021,废水-主要排放口,主要排放口,间接排放口,DW001,综合废水排放口,总磷（以P计）,吨,12,2021-12,0.003,0.003,
富联精密电子（郑州）,2021,废水-主要排放口,主要排放口,间接排放口,DW001,综合废水排放口,石油类,吨,1,2021-01,0.03,0.03,
富联精密电子（郑州）,2021,废水-主要排放口,主要排放口,间接排放口,DW001,综合废水排放口,石油类,吨,2,2021-02,0.02,0.02,
富联精密电子（郑州）,2021,废水-主要排放口,主要排放口,间接排放口,DW001,综合废水排放口,石油类,吨,3,2021-03,0.06,0.06,
富联精密电子（郑州）,2021,废水-主要排放口,主要排放口,间接排放口,DW001,综合废水排放口,石油类,吨,4,2021-04,0.02,0.02,
富联精密电子（郑州）,2021,废水-主要排放口,主要排放口,间接排放口,DW001,综合废水排放口,石油类,吨,5,2021-05,0.01,0.01,
富联精密电子（郑州）,2021,废水-主要排放口,主要排放口,间接排放口,DW001,综合废水排放口,石油类,吨,6,2021-06,0.01,0.01,
富联精密电子（郑州）,2021,废水-主要排放口,主要排放口,间接排放口,DW001,综合废水排放口,石油类,吨,7,2021-07,0.01,0.01,
富联精密电子（郑州）,2021,废水-主要排放口,主要排放口,间接排放口,DW001,综合废水排放口,石油类,吨,8,2021-08,0.01,0.01,
富联精密电子（郑州）,2021,废水-主要排放口,主要排放口,间接排放口,DW001,综合废水排放口,石油类,吨,9,2021-09,0.02,0.02,
富联精密电子（郑州）,2021,废水-主要排放口,主要排放口,间接排放口,DW001,综合废水排放口,石油类,吨,10,2021-10,0.07,0.07,
富联精密电子（郑州）,2021,废水-主要排放口,主要排放口,间接排放口,DW001,综合废水排放口,石油类,吨,11,2021-11,0.01,0.01,
富联精密电子（郑州）,2021,废水-主要排放口,主要排放口,间接排放口,DW001,综合废水排放口,石油类,吨,12,2021-12,0.01,0.01,
富联精密电子（郑州）,2021,废水-全厂合计,全厂合计,间接排放口,,,pH值,无量纲,1,2021-01,7.56,7.56,
富联精密电子（郑州）,2021,废水-全厂合计,全厂合计,间接排放口,,,pH值,无量纲,2,2021-02,7.44,7.44,
富联精密电子（郑州）,2021,废水-全厂合计,全厂合计,间接排放口,,,pH值,无量纲,3,2021-03,7.58,7.58,
富联精密电子（郑州）,2021,废水-全厂合计,全厂合计,间接排放口,,,pH值,无量纲,4,2021-04,7.37,7.37,
富联精密电子（郑州）,2021,废水-全厂合计,全厂合计,间接排放口,,,pH值,无量纲,5,2021-05,7.5,7.5,
富联精密电子（郑州）,2021,废水-全厂合计,全厂合计,间接排放口,,,pH值,无量纲,6,2021-06,7.4,7.4,
富联精密电子（郑州）,2021,废水-全厂合计,全厂合计,间接排放口,,,pH值,无量纲,7,2021-07,7.5,7.5,
富联精密电子（郑州）,2021,废水-全厂合计,全厂合计,间接排放口,,,pH值,无量纲,8,2021-08,7.3,7.3,
富联精密电子（郑州）,2021,废水-全厂合计,全厂合计,间接排放口,,,pH值,无量纲,9,2021-09,8.1,8.1,
富联精密电子（郑州）,2021,废水-全厂合计,全厂合计,间接排放口,,,pH值,无量纲,10,2021-10,7.05,7.05,
富联精密电子（郑州）,2021,废水-全厂合计,全厂合计,间接排放口,,,pH值,无量纲,11,2021-11,7.8,7.8,
富联精密电子（郑州）,2021,废水-全厂合计,全厂合计,间接排放口,,,pH值,无量纲,12,2021-12,8.1,8.1,
富联精密电子（郑州）,2021,废水-全厂合计,全厂合计,间接排放口,,,化学需氧量,吨,1,2021-01,6.69,6.69,
富联精密电子（郑州）,2021,废水-全厂合计,全厂合计,间接排放口,,,化学需氧量,吨,2,2021-02,3.3,3.3,
富联精密电子（郑州）,2021,废水-全厂合计,全厂合计,间接排放口,,,化学需氧量,吨,3,2021-03,2.91,2.91,
富联精密电子（郑州）,2021,废水-全厂合计,全厂合计,间接排放口,,,化学需氧量,吨,4,2021-04,3.82,3.82,
富联精密电子（郑州）,2021,废水-全厂合计,全厂合计,间接排放口,,,化学需氧量,吨,5,2021-05,3.19,3.19,
富联精密电子（郑州）,2021,废水-全厂合计,全厂合计,间接排放口,,,化学需氧量,吨,6,2021-06,3.132,3.132,
富联精密电子（郑州）,2021,废水-全厂合计,全厂合计,间接排放口,,,化学需氧量,吨,7,2021-07,2.986,2.986,
富联精密电子（郑州）,2021,废水-全厂合计,全厂合计,间接排放口,,,化学需氧量,吨,8,2021-08,4.022,4.022,
富联精密电子（郑州）,2021,废水-全厂合计,全厂合计,间接排放口,,,化学需氧量,吨,9,2021-09,4.18,4.18,
富联精密电子（郑州）,2021,废水-全厂合计,全厂合计,间接排放口,,,化学需氧量,吨,10,2021-10,7.72,7.72,
富联精密电子（郑州）,2021,废水-全厂合计,全厂合计,间接排放口,,,化学需氧量,吨,11,2021-11,3.22,3.22,
富联精密电子（郑州）,2021,废水-全厂合计,全厂合计,间接排放口,,,化学需氧量,吨,12,2021-12,3.92,3.92,
富联精密电子（郑州）,2021,废水-全厂合计,全厂合计,间接排放口,,,总氮（以N计）,吨,1,2021-01,0.023,0.023,
富联精密电子（郑州）,2021,废水-全厂合计,全厂合计,间接排放口,,,总氮（以N计）,吨,2,2021-02,1.04,1.04,
富联精密电子（郑州）,2021,废水-全厂合计,全厂合计,间接排放口,,,总氮（以N计）,吨,3,2021-03,0.82,0.82,
富联精密电子（郑州）,2021,废水-全厂合计,全厂合计,间接排放口,,,总氮（以N计）,吨,4,2021-04,0.59,0.59,
富联精密电子（郑州）,2021,废水-全厂合计,全厂合计,间接排放口,,,总氮（以N计）,吨,5,2021-05,0.99,0.99,
富联精密电子（郑州）,2021,废水-全厂合计,全厂合计,间接排放口,,,总氮（以N计）,吨,6,2021-06,0.822,0.822,
富联精密电子（郑州）,2021,废水-全厂合计,全厂合计,间接排放口,,,总氮（以N计）,吨,7,2021-07,0.704,0.704,
富联精密电子（郑州）,2021,废水-全厂合计,全厂合计,间接排放口,,,总氮（以N计）,吨,8,2021-08,1.491,1.491,
富联精密电子（郑州）,2021,废水-全厂合计,全厂合计,间接排放口,,,总氮（以N计）,吨,9,2021-09,0.768,0.768,
富联精密电子（郑州）,2021,废水-全厂合计,全厂合计,间接排放口,,,总氮（以N计）,吨,10,2021-10,1.7,1.7,
富联精密电子（郑州）,2021,废水-全厂合计,全厂合计,间接排放口,,,总氮（以N计）,吨,11,2021-11,1.27,1.27,
富联精密电子（郑州）,2021,废水-全厂合计,全厂合计,间接排放口,,,总氮（以N计）,吨,12,2021-12,1.82,1.82,
富联精密电子（郑州）,2021,废水-全厂合计,全厂合计,间接排放口,,,氨氮（NH3-N）,吨,1,2021-01,0.07,0.07,
富联精密电子（郑州）,2021,废水-全厂合计,全厂合计,间接排放口,,,氨氮（NH3-N）,吨,2,2021-02,0.05,0.05,
富联精密电子（郑州）,2021,废水-全厂合计,全厂合计,间接排放口,,,氨氮（NH3-N）,吨,3,2021-03,0.06,0.06,
富联精密电子（郑州）,2021,废水-全厂合计,全厂合计,间接排放口,,,氨氮（NH3-N）,吨,4,2021-04,0.03,0.03,
富联精密电子（郑州）,2021,废水-全厂合计,全厂合计,间接排放口,,,氨氮（NH3-N）,吨,5,2021-05,0.05,0.05,
富联精密电子（郑州）,2021,废水-全厂合计,全厂合计,间接排放口,,,氨氮（NH3-N）,吨,6,2021-06,0.0,0,
富联精密电子（郑州）,2021,废水-全厂合计,全厂合计,间接排放口,,,氨氮（NH3-N）,吨,7,2021-07,0.032,0.032,
富联精密电子（郑州）,2021,废水-全厂合计,全厂合计,间接排放口,,,氨氮（NH3-N）,吨,8,2021-08,0.045,0.045,
富联精密电子（郑州）,2021,废水-全厂合计,全厂合计,间接排放口,,,氨氮（NH3-N）,吨,9,2021-09,0.055,0.055,
富联精密电子（郑州）,2021,废水-全厂合计,全厂合计,间接排放口,,,氨氮（NH3-N）,吨,10,2021-10,0.492,0.492,
富联精密电子（郑州）,2021,废水-全厂合计,全厂合计,间接排放口,,,氨氮（NH3-N）,吨,11,2021-11,0.44,0.44,
富联精密电子（郑州）,2021,废水-全厂合计,全厂合计,间接排放口,,,氨氮（NH3-N）,吨,12,2021-12,0.58,0.58,
富联精密电子（郑州）,2021,废水-全厂合计,全厂合计,间接排放口,,,总磷（以P计）,吨,1,2021-01,0.024,0.024,
富联精密电子（郑州）,2021,废水-全厂合计,全厂合计,间接排放口,,,总磷（以P计）,吨,2,2021-02,0.009,0.009,
富联精密电子（郑州）,2021,废水-全厂合计,全厂合计,间接排放口,,,总磷（以P计）,吨,3,2021-03,0.01,0.01,
富联精密电子（郑州）,2021,废水-全厂合计,全厂合计,间接排放口,,,总磷（以P计）,吨,4,2021-04,0.02,0.02,
富联精密电子（郑州）,2021,废水-全厂合计,全厂合计,间接排放口,,,总磷（以P计）,吨,5,2021-05,0.02,0.02,
富联精密电子（郑州）,2021,废水-全厂合计,全厂合计,间接排放口,,,总磷（以P计）,吨,6,2021-06,0.008,0.008,
富联精密电子（郑州）,2021,废水-全厂合计,全厂合计,间接排放口,,,总磷（以P计）,吨,7,2021-07,0.013,0.013,
富联精密电子（郑州）,2021,废水-全厂合计,全厂合计,间接排放口,,,总磷（以P计）,吨,8,2021-08,0.009,0.009,
富联精密电子（郑州）,2021,废水-全厂合计,全厂合计,间接排放口,,,总磷（以P计）,吨,9,2021-09,0.007,0.007,
富联精密电子（郑州）,2021,废水-全厂合计,全厂合计,间接排放口,,,总磷（以P计）,吨,10,2021-10,0.007,0.007,
富联精密电子（郑州）,2021,废水-全厂合计,全厂合计,间接排放口,,,总磷（以P计）,吨,11,2021-11,0.008,0.008,
富联精密电子（郑州）,2021,废水-全厂合计,全厂合计,间接排放口,,,总磷（以P计）,吨,12,2021-12,0.003,0.003,
富联精密电子（郑州）,2021,废水-全厂合计,全厂合计,间接排放口,,,石油类,吨,1,2021-01,0.03,0.03,
富联精密电子（郑州）,2021,废水-全厂合计,全厂合计,间接排放口,,,石油类,吨,2,2021-02,0.02,0.02,
富联精密电子（郑州）,2021,废水-全厂合计,全厂合计,间接排放口,,,石油类,吨,3,2021-03,0.06,0.06,
富联精密电子（郑州）,2021,废水-全厂合计,全厂合计,间接排放口,,,石油类,吨,4,2021-04,0.02,0.02,
富联精密电子（郑州）,2021,废水-全厂合计,全厂合计,间接排放口,,,石油类,吨,5,2021-05,0.01,0.01,
富联精密电子（郑州）,2021,废水-全厂合计,全厂合计,间接排放口,,,石油类,吨,6,2021-06,0.01,0.01,
富联精密电子（郑州）,2021,废水-全厂合计,全厂合计,间接排放口,,,石油类,吨,7,2021-07,0.01,0.01,
富联精密电子（郑州）,2021,废水-全厂合计,全厂合计,间接排放口,,,石油类,吨,8,2021-08,0.01,0.01,
富联精密电子（郑州）,2021,废水-全厂合计,全厂合计,间接排放口,,,石油类,吨,9,2021-09,0.02,0.02,
富联精密电子（郑州）,2021,废水-全厂合计,全厂合计,间接排放口,,,石油类,吨,10,2021-10,0.07,0.07,
富联精密电子（郑州）,2021,废水-全厂合计,全厂合计,间接排放口,,,石油类,吨,11,2021-11,0.01,0.01,
富联精密电子（郑州）,2021,废水-全厂合计,全厂合计,间接排放口,,,石油类,吨,12,2021-12,0.01,0.01,
富联精密电子（郑州）,2022,废气-一般排放口合计,一般排放口（合计）,,,,臭气浓度,无量纲（月值相加无物理意义）,1,2022-01,0.0,0,
富联精密电子（郑州）,2022,废气-一般排放口合计,一般排放口（合计）,,,,臭气浓度,无量纲（月值相加无物理意义）,2,2022-02,0.0,0,
富联精密电子（郑州）,2022,废气-一般排放口合计,一般排放口（合计）,,,,臭气浓度,无量纲（月值相加无物理意义）,3,2022-03,0.0,0,
富联精密电子（郑州）,2022,废气-一般排放口合计,一般排放口（合计）,,,,臭气浓度,无量纲（月值相加无物理意义）,4,2022-04,0.0,0,
富联精密电子（郑州）,2022,废气-一般排放口合计,一般排放口（合计）,,,,臭气浓度,无量纲（月值相加无物理意义）,5,2022-05,0.0,0,
富联精密电子（郑州）,2022,废气-一般排放口合计,一般排放口（合计）,,,,臭气浓度,无量纲（月值相加无物理意义）,6,2022-06,14.46,14.46,
富联精密电子（郑州）,2022,废气-一般排放口合计,一般排放口（合计）,,,,臭气浓度,无量纲（月值相加无物理意义）,7,2022-07,14.67,14.67,
富联精密电子（郑州）,2022,废气-一般排放口合计,一般排放口（合计）,,,,臭气浓度,无量纲（月值相加无物理意义）,8,2022-08,14.67,14.67,
富联精密电子（郑州）,2022,废气-一般排放口合计,一般排放口（合计）,,,,臭气浓度,无量纲（月值相加无物理意义）,9,2022-09,14.67,14.67,
富联精密电子（郑州）,2022,废气-一般排放口合计,一般排放口（合计）,,,,臭气浓度,无量纲（月值相加无物理意义）,10,2022-10,14.46,14.46,
富联精密电子（郑州）,2022,废气-一般排放口合计,一般排放口（合计）,,,,臭气浓度,无量纲（月值相加无物理意义）,11,2022-11,14.67,14.67,
富联精密电子（郑州）,2022,废气-一般排放口合计,一般排放口（合计）,,,,臭气浓度,无量纲（月值相加无物理意义）,12,2022-12,14.67,14.67,
富联精密电子（郑州）,2022,废气-一般排放口合计,一般排放口（合计）,,,,氨（氨气）,吨,1,2022-01,0.076,0.076,
富联精密电子（郑州）,2022,废气-一般排放口合计,一般排放口（合计）,,,,氨（氨气）,吨,2,2022-02,0.004,0.004,
富联精密电子（郑州）,2022,废气-一般排放口合计,一般排放口（合计）,,,,氨（氨气）,吨,3,2022-03,0.005,0.005,
富联精密电子（郑州）,2022,废气-一般排放口合计,一般排放口（合计）,,,,氨（氨气）,吨,4,2022-04,0.005,0.005,
富联精密电子（郑州）,2022,废气-一般排放口合计,一般排放口（合计）,,,,氨（氨气）,吨,5,2022-05,0.005,0.005,
富联精密电子（郑州）,2022,废气-一般排放口合计,一般排放口（合计）,,,,氨（氨气）,吨,6,2022-06,0.064,0.064,
富联精密电子（郑州）,2022,废气-一般排放口合计,一般排放口（合计）,,,,氨（氨气）,吨,7,2022-07,0.066,0.066,
富联精密电子（郑州）,2022,废气-一般排放口合计,一般排放口（合计）,,,,氨（氨气）,吨,8,2022-08,0.066,0.066,
富联精密电子（郑州）,2022,废气-一般排放口合计,一般排放口（合计）,,,,氨（氨气）,吨,9,2022-09,0.064,0.064,
富联精密电子（郑州）,2022,废气-一般排放口合计,一般排放口（合计）,,,,氨（氨气）,吨,10,2022-10,0.06,0.06,
富联精密电子（郑州）,2022,废气-一般排放口合计,一般排放口（合计）,,,,氨（氨气）,吨,11,2022-11,0.049,0.049,
富联精密电子（郑州）,2022,废气-一般排放口合计,一般排放口（合计）,,,,氨（氨气）,吨,12,2022-12,0.066,0.066,
富联精密电子（郑州）,2022,废气-一般排放口合计,一般排放口（合计）,,,,硫化氢,吨,1,2022-01,0.001,0.001,
富联精密电子（郑州）,2022,废气-一般排放口合计,一般排放口（合计）,,,,硫化氢,吨,2,2022-02,0.002,0.002,
富联精密电子（郑州）,2022,废气-一般排放口合计,一般排放口（合计）,,,,硫化氢,吨,3,2022-03,0.002,0.002,
富联精密电子（郑州）,2022,废气-一般排放口合计,一般排放口（合计）,,,,硫化氢,吨,4,2022-04,0.002,0.002,
富联精密电子（郑州）,2022,废气-一般排放口合计,一般排放口（合计）,,,,硫化氢,吨,5,2022-05,0.002,0.002,
富联精密电子（郑州）,2022,废气-一般排放口合计,一般排放口（合计）,,,,硫化氢,吨,6,2022-06,0.001,0.001,
富联精密电子（郑州）,2022,废气-一般排放口合计,一般排放口（合计）,,,,硫化氢,吨,7,2022-07,0.001,0.001,
富联精密电子（郑州）,2022,废气-一般排放口合计,一般排放口（合计）,,,,硫化氢,吨,8,2022-08,0.001,0.001,
富联精密电子（郑州）,2022,废气-一般排放口合计,一般排放口（合计）,,,,硫化氢,吨,9,2022-09,0.001,0.001,
富联精密电子（郑州）,2022,废气-一般排放口合计,一般排放口（合计）,,,,硫化氢,吨,10,2022-10,0.001,0.001,
富联精密电子（郑州）,2022,废气-一般排放口合计,一般排放口（合计）,,,,硫化氢,吨,11,2022-11,0.001,0.001,
富联精密电子（郑州）,2022,废气-一般排放口合计,一般排放口（合计）,,,,硫化氢,吨,12,2022-12,0.001,0.001,
富联精密电子（郑州）,2022,废气-一般排放口合计,一般排放口（合计）,,,,硫酸雾,吨,1,2022-01,0.18,0.18,
富联精密电子（郑州）,2022,废气-一般排放口合计,一般排放口（合计）,,,,硫酸雾,吨,2,2022-02,0.15,0.15,
富联精密电子（郑州）,2022,废气-一般排放口合计,一般排放口（合计）,,,,硫酸雾,吨,3,2022-03,0.22,0.22,
富联精密电子（郑州）,2022,废气-一般排放口合计,一般排放口（合计）,,,,硫酸雾,吨,4,2022-04,0.22,0.22,
富联精密电子（郑州）,2022,废气-一般排放口合计,一般排放口（合计）,,,,硫酸雾,吨,5,2022-05,0.22,0.22,
富联精密电子（郑州）,2022,废气-一般排放口合计,一般排放口（合计）,,,,硫酸雾,吨,6,2022-06,0.44,0.44,
富联精密电子（郑州）,2022,废气-一般排放口合计,一般排放口（合计）,,,,硫酸雾,吨,7,2022-07,0.24,0.24,
富联精密电子（郑州）,2022,废气-一般排放口合计,一般排放口（合计）,,,,硫酸雾,吨,8,2022-08,0.46,0.46,
富联精密电子（郑州）,2022,废气-一般排放口合计,一般排放口（合计）,,,,硫酸雾,吨,9,2022-09,0.44,0.44,
富联精密电子（郑州）,2022,废气-一般排放口合计,一般排放口（合计）,,,,硫酸雾,吨,10,2022-10,0.41,0.41,
富联精密电子（郑州）,2022,废气-一般排放口合计,一般排放口（合计）,,,,硫酸雾,吨,11,2022-11,0.34,0.34,
富联精密电子（郑州）,2022,废气-一般排放口合计,一般排放口（合计）,,,,硫酸雾,吨,12,2022-12,0.46,0.46,
富联精密电子（郑州）,2022,废气-一般排放口合计,一般排放口（合计）,,,,硝酸雾,吨,1,2022-01,0.0,0,
富联精密电子（郑州）,2022,废气-一般排放口合计,一般排放口（合计）,,,,硝酸雾,吨,2,2022-02,0.0,0,
富联精密电子（郑州）,2022,废气-一般排放口合计,一般排放口（合计）,,,,硝酸雾,吨,3,2022-03,0.0,0,
富联精密电子（郑州）,2022,废气-一般排放口合计,一般排放口（合计）,,,,硝酸雾,吨,4,2022-04,0.0,0,
富联精密电子（郑州）,2022,废气-一般排放口合计,一般排放口（合计）,,,,硝酸雾,吨,5,2022-05,0.0,0,
富联精密电子（郑州）,2022,废气-一般排放口合计,一般排放口（合计）,,,,硝酸雾,吨,6,2022-06,0.0,0,
富联精密电子（郑州）,2022,废气-一般排放口合计,一般排放口（合计）,,,,硝酸雾,吨,7,2022-07,0.0,0,
富联精密电子（郑州）,2022,废气-一般排放口合计,一般排放口（合计）,,,,硝酸雾,吨,8,2022-08,0.0,0,
富联精密电子（郑州）,2022,废气-一般排放口合计,一般排放口（合计）,,,,硝酸雾,吨,9,2022-09,0.0,0,
富联精密电子（郑州）,2022,废气-一般排放口合计,一般排放口（合计）,,,,硝酸雾,吨,10,2022-10,0.0,0,
富联精密电子（郑州）,2022,废气-一般排放口合计,一般排放口（合计）,,,,硝酸雾,吨,11,2022-11,0.0,0,
富联精密电子（郑州）,2022,废气-一般排放口合计,一般排放口（合计）,,,,硝酸雾,吨,12,2022-12,,/,
富联精密电子（郑州）,2022,废气-一般排放口合计,一般排放口（合计）,,,,油雾,吨,1,2022-01,0.0,0,
富联精密电子（郑州）,2022,废气-一般排放口合计,一般排放口（合计）,,,,油雾,吨,2,2022-02,0.0,0,
富联精密电子（郑州）,2022,废气-一般排放口合计,一般排放口（合计）,,,,油雾,吨,3,2022-03,0.0,0,
富联精密电子（郑州）,2022,废气-一般排放口合计,一般排放口（合计）,,,,油雾,吨,4,2022-04,0.0,0,
富联精密电子（郑州）,2022,废气-一般排放口合计,一般排放口（合计）,,,,油雾,吨,5,2022-05,0.0,0,
富联精密电子（郑州）,2022,废气-一般排放口合计,一般排放口（合计）,,,,油雾,吨,6,2022-06,0.0,0,
富联精密电子（郑州）,2022,废气-一般排放口合计,一般排放口（合计）,,,,油雾,吨,7,2022-07,0.0,0,
富联精密电子（郑州）,2022,废气-一般排放口合计,一般排放口（合计）,,,,油雾,吨,8,2022-08,0.0,0,
富联精密电子（郑州）,2022,废气-一般排放口合计,一般排放口（合计）,,,,油雾,吨,9,2022-09,0.0,0,
富联精密电子（郑州）,2022,废气-一般排放口合计,一般排放口（合计）,,,,油雾,吨,10,2022-10,0.0,0,
富联精密电子（郑州）,2022,废气-一般排放口合计,一般排放口（合计）,,,,油雾,吨,11,2022-11,0.0,0,
富联精密电子（郑州）,2022,废气-一般排放口合计,一般排放口（合计）,,,,油雾,吨,12,2022-12,,/,
富联精密电子（郑州）,2022,废气-一般排放口合计,一般排放口（合计）,,,,颗粒物,吨,1,2022-01,0.2,0.2,
富联精密电子（郑州）,2022,废气-一般排放口合计,一般排放口（合计）,,,,颗粒物,吨,2,2022-02,0.17,0.17,
富联精密电子（郑州）,2022,废气-一般排放口合计,一般排放口（合计）,,,,颗粒物,吨,3,2022-03,0.25,0.25,
富联精密电子（郑州）,2022,废气-一般排放口合计,一般排放口（合计）,,,,颗粒物,吨,4,2022-04,0.24,0.24,
富联精密电子（郑州）,2022,废气-一般排放口合计,一般排放口（合计）,,,,颗粒物,吨,5,2022-05,0.25,0.25,
富联精密电子（郑州）,2022,废气-一般排放口合计,一般排放口（合计）,,,,颗粒物,吨,6,2022-06,0.25,0.25,
富联精密电子（郑州）,2022,废气-一般排放口合计,一般排放口（合计）,,,,颗粒物,吨,7,2022-07,0.26,0.26,
富联精密电子（郑州）,2022,废气-一般排放口合计,一般排放口（合计）,,,,颗粒物,吨,8,2022-08,0.26,0.26,
富联精密电子（郑州）,2022,废气-一般排放口合计,一般排放口（合计）,,,,颗粒物,吨,9,2022-09,0.25,0.25,
富联精密电子（郑州）,2022,废气-一般排放口合计,一般排放口（合计）,,,,颗粒物,吨,10,2022-10,0.24,0.24,
富联精密电子（郑州）,2022,废气-一般排放口合计,一般排放口（合计）,,,,颗粒物,吨,11,2022-11,0.19,0.19,
富联精密电子（郑州）,2022,废气-一般排放口合计,一般排放口（合计）,,,,颗粒物,吨,12,2022-12,0.26,0.26,
富联精密电子（郑州）,2022,废气-一般排放口合计,一般排放口（合计）,,,,非甲烷总烃,吨,1,2022-01,0.53,0.53,
富联精密电子（郑州）,2022,废气-一般排放口合计,一般排放口（合计）,,,,非甲烷总烃,吨,2,2022-02,0.43,0.43,
富联精密电子（郑州）,2022,废气-一般排放口合计,一般排放口（合计）,,,,非甲烷总烃,吨,3,2022-03,0.63,0.63,
富联精密电子（郑州）,2022,废气-一般排放口合计,一般排放口（合计）,,,,非甲烷总烃,吨,4,2022-04,0.61,0.61,
富联精密电子（郑州）,2022,废气-一般排放口合计,一般排放口（合计）,,,,非甲烷总烃,吨,5,2022-05,0.63,0.63,
富联精密电子（郑州）,2022,废气-一般排放口合计,一般排放口（合计）,,,,非甲烷总烃,吨,6,2022-06,0.074,0.074,
富联精密电子（郑州）,2022,废气-一般排放口合计,一般排放口（合计）,,,,非甲烷总烃,吨,7,2022-07,0.77,0.77,
富联精密电子（郑州）,2022,废气-一般排放口合计,一般排放口（合计）,,,,非甲烷总烃,吨,8,2022-08,0.77,0.77,
富联精密电子（郑州）,2022,废气-一般排放口合计,一般排放口（合计）,,,,非甲烷总烃,吨,9,2022-09,0.74,0.74,
富联精密电子（郑州）,2022,废气-一般排放口合计,一般排放口（合计）,,,,非甲烷总烃,吨,10,2022-10,0.7,0.7,
富联精密电子（郑州）,2022,废气-一般排放口合计,一般排放口（合计）,,,,非甲烷总烃,吨,11,2022-11,0.57,0.57,
富联精密电子（郑州）,2022,废气-一般排放口合计,一般排放口（合计）,,,,非甲烷总烃,吨,12,2022-12,0.77,0.77,
富联精密电子（郑州）,2022,废气-全厂合计,全厂合计,,,,NOx,吨,1,2022-01,0.0,0,
富联精密电子（郑州）,2022,废气-全厂合计,全厂合计,,,,NOx,吨,2,2022-02,0.0,0,
富联精密电子（郑州）,2022,废气-全厂合计,全厂合计,,,,NOx,吨,3,2022-03,0.0,0,
富联精密电子（郑州）,2022,废气-全厂合计,全厂合计,,,,NOx,吨,4,2022-04,0.0,0,
富联精密电子（郑州）,2022,废气-全厂合计,全厂合计,,,,NOx,吨,5,2022-05,0.0,0,
富联精密电子（郑州）,2022,废气-全厂合计,全厂合计,,,,NOx,吨,6,2022-06,0.0,0,
富联精密电子（郑州）,2022,废气-全厂合计,全厂合计,,,,NOx,吨,7,2022-07,0.0,0,
富联精密电子（郑州）,2022,废气-全厂合计,全厂合计,,,,NOx,吨,8,2022-08,0.0,0,
富联精密电子（郑州）,2022,废气-全厂合计,全厂合计,,,,NOx,吨,9,2022-09,0.0,0,
富联精密电子（郑州）,2022,废气-全厂合计,全厂合计,,,,NOx,吨,10,2022-10,0.0,0,
富联精密电子（郑州）,2022,废气-全厂合计,全厂合计,,,,NOx,吨,11,2022-11,0.0,0,
富联精密电子（郑州）,2022,废气-全厂合计,全厂合计,,,,NOx,吨,12,2022-12,0.0,0,
富联精密电子（郑州）,2022,废气-全厂合计,全厂合计,,,,SO2,吨,1,2022-01,0.0,0,
富联精密电子（郑州）,2022,废气-全厂合计,全厂合计,,,,SO2,吨,2,2022-02,0.0,0,
富联精密电子（郑州）,2022,废气-全厂合计,全厂合计,,,,SO2,吨,3,2022-03,0.0,0,
富联精密电子（郑州）,2022,废气-全厂合计,全厂合计,,,,SO2,吨,4,2022-04,0.0,0,
富联精密电子（郑州）,2022,废气-全厂合计,全厂合计,,,,SO2,吨,5,2022-05,0.0,0,
富联精密电子（郑州）,2022,废气-全厂合计,全厂合计,,,,SO2,吨,6,2022-06,0.0,0,
富联精密电子（郑州）,2022,废气-全厂合计,全厂合计,,,,SO2,吨,7,2022-07,0.0,0,
富联精密电子（郑州）,2022,废气-全厂合计,全厂合计,,,,SO2,吨,8,2022-08,0.0,0,
富联精密电子（郑州）,2022,废气-全厂合计,全厂合计,,,,SO2,吨,9,2022-09,0.0,0,
富联精密电子（郑州）,2022,废气-全厂合计,全厂合计,,,,SO2,吨,10,2022-10,0.0,0,
富联精密电子（郑州）,2022,废气-全厂合计,全厂合计,,,,SO2,吨,11,2022-11,0.0,0,
富联精密电子（郑州）,2022,废气-全厂合计,全厂合计,,,,SO2,吨,12,2022-12,0.0,0,
富联精密电子（郑州）,2022,废气-全厂合计,全厂合计,,,,颗粒物,吨,1,2022-01,0.38,0.38,
富联精密电子（郑州）,2022,废气-全厂合计,全厂合计,,,,颗粒物,吨,2,2022-02,0.32,0.32,
富联精密电子（郑州）,2022,废气-全厂合计,全厂合计,,,,颗粒物,吨,3,2022-03,0.47,0.47,
富联精密电子（郑州）,2022,废气-全厂合计,全厂合计,,,,颗粒物,吨,4,2022-04,0.46,0.46,
富联精密电子（郑州）,2022,废气-全厂合计,全厂合计,,,,颗粒物,吨,5,2022-05,0.47,0.47,
富联精密电子（郑州）,2022,废气-全厂合计,全厂合计,,,,颗粒物,吨,6,2022-06,0.69,0.69,
富联精密电子（郑州）,2022,废气-全厂合计,全厂合计,,,,颗粒物,吨,7,2022-07,0.5,0.5,
富联精密电子（郑州）,2022,废气-全厂合计,全厂合计,,,,颗粒物,吨,8,2022-08,0.72,0.72,
富联精密电子（郑州）,2022,废气-全厂合计,全厂合计,,,,颗粒物,吨,9,2022-09,0.69,0.69,
富联精密电子（郑州）,2022,废气-全厂合计,全厂合计,,,,颗粒物,吨,10,2022-10,0.65,0.65,
富联精密电子（郑州）,2022,废气-全厂合计,全厂合计,,,,颗粒物,吨,11,2022-11,0.53,0.53,
富联精密电子（郑州）,2022,废气-全厂合计,全厂合计,,,,颗粒物,吨,12,2022-12,0.72,0.72,
富联精密电子（郑州）,2022,废气-全厂合计,全厂合计,,,,VOCs,吨,1,2022-01,0.0,0,
富联精密电子（郑州）,2022,废气-全厂合计,全厂合计,,,,VOCs,吨,2,2022-02,0.0,0,
富联精密电子（郑州）,2022,废气-全厂合计,全厂合计,,,,VOCs,吨,3,2022-03,0.0,0,
富联精密电子（郑州）,2022,废气-全厂合计,全厂合计,,,,VOCs,吨,4,2022-04,0.0,0,
富联精密电子（郑州）,2022,废气-全厂合计,全厂合计,,,,VOCs,吨,5,2022-05,0.0,0,
富联精密电子（郑州）,2022,废气-全厂合计,全厂合计,,,,VOCs,吨,6,2022-06,0.0,0,
富联精密电子（郑州）,2022,废气-全厂合计,全厂合计,,,,VOCs,吨,7,2022-07,0.0,0,
富联精密电子（郑州）,2022,废气-全厂合计,全厂合计,,,,VOCs,吨,8,2022-08,0.0,0,
富联精密电子（郑州）,2022,废气-全厂合计,全厂合计,,,,VOCs,吨,9,2022-09,0.0,0,
富联精密电子（郑州）,2022,废气-全厂合计,全厂合计,,,,VOCs,吨,10,2022-10,0.0,0,
富联精密电子（郑州）,2022,废气-全厂合计,全厂合计,,,,VOCs,吨,11,2022-11,0.0,0,
富联精密电子（郑州）,2022,废气-全厂合计,全厂合计,,,,VOCs,吨,12,2022-12,0.0,0,
富联精密电子（郑州）,2022,废水-主要排放口,主要排放口,间接排放口,DW001,综合废水排放口,pH值,无量纲,1,2022-01,7.9,7.9,
富联精密电子（郑州）,2022,废水-主要排放口,主要排放口,间接排放口,DW001,综合废水排放口,pH值,无量纲,2,2022-02,7.9,7.9,
富联精密电子（郑州）,2022,废水-主要排放口,主要排放口,间接排放口,DW001,综合废水排放口,pH值,无量纲,3,2022-03,7.9,7.9,
富联精密电子（郑州）,2022,废水-主要排放口,主要排放口,间接排放口,DW001,综合废水排放口,pH值,无量纲,4,2022-04,8.0,8,
富联精密电子（郑州）,2022,废水-主要排放口,主要排放口,间接排放口,DW001,综合废水排放口,pH值,无量纲,5,2022-05,7.9,7.9,
富联精密电子（郑州）,2022,废水-主要排放口,主要排放口,间接排放口,DW001,综合废水排放口,pH值,无量纲,6,2022-06,8.0,8,
富联精密电子（郑州）,2022,废水-主要排放口,主要排放口,间接排放口,DW001,综合废水排放口,pH值,无量纲,7,2022-07,6.92,6.92,
富联精密电子（郑州）,2022,废水-主要排放口,主要排放口,间接排放口,DW001,综合废水排放口,pH值,无量纲,8,2022-08,7.5,7.5,
富联精密电子（郑州）,2022,废水-主要排放口,主要排放口,间接排放口,DW001,综合废水排放口,pH值,无量纲,9,2022-09,6.83,6.83,
富联精密电子（郑州）,2022,废水-主要排放口,主要排放口,间接排放口,DW001,综合废水排放口,pH值,无量纲,10,2022-10,7.58,7.58,
富联精密电子（郑州）,2022,废水-主要排放口,主要排放口,间接排放口,DW001,综合废水排放口,pH值,无量纲,11,2022-11,8.05,8.05,
富联精密电子（郑州）,2022,废水-主要排放口,主要排放口,间接排放口,DW001,综合废水排放口,pH值,无量纲,12,2022-12,7.57,7.57,
富联精密电子（郑州）,2022,废水-主要排放口,主要排放口,间接排放口,DW001,综合废水排放口,五日生化需氧量,吨,1,2022-01,0.0,0,
富联精密电子（郑州）,2022,废水-主要排放口,主要排放口,间接排放口,DW001,综合废水排放口,五日生化需氧量,吨,2,2022-02,0.0,0,
富联精密电子（郑州）,2022,废水-主要排放口,主要排放口,间接排放口,DW001,综合废水排放口,五日生化需氧量,吨,3,2022-03,0.0,0,
富联精密电子（郑州）,2022,废水-主要排放口,主要排放口,间接排放口,DW001,综合废水排放口,五日生化需氧量,吨,4,2022-04,0.0,0,
富联精密电子（郑州）,2022,废水-主要排放口,主要排放口,间接排放口,DW001,综合废水排放口,五日生化需氧量,吨,5,2022-05,0.0,0,
富联精密电子（郑州）,2022,废水-主要排放口,主要排放口,间接排放口,DW001,综合废水排放口,五日生化需氧量,吨,6,2022-06,0.0,0,
富联精密电子（郑州）,2022,废水-主要排放口,主要排放口,间接排放口,DW001,综合废水排放口,五日生化需氧量,吨,7,2022-07,0.0,0,
富联精密电子（郑州）,2022,废水-主要排放口,主要排放口,间接排放口,DW001,综合废水排放口,五日生化需氧量,吨,8,2022-08,0.0,0,
富联精密电子（郑州）,2022,废水-主要排放口,主要排放口,间接排放口,DW001,综合废水排放口,五日生化需氧量,吨,9,2022-09,0.0,0,
富联精密电子（郑州）,2022,废水-主要排放口,主要排放口,间接排放口,DW001,综合废水排放口,五日生化需氧量,吨,10,2022-10,0.0,0,
富联精密电子（郑州）,2022,废水-主要排放口,主要排放口,间接排放口,DW001,综合废水排放口,五日生化需氧量,吨,11,2022-11,0.0,0,
富联精密电子（郑州）,2022,废水-主要排放口,主要排放口,间接排放口,DW001,综合废水排放口,五日生化需氧量,吨,12,2022-12,1.06,1.06,
富联精密电子（郑州）,2022,废水-主要排放口,主要排放口,间接排放口,DW001,综合废水排放口,化学需氧量,吨,1,2022-01,2.605,2.605,
富联精密电子（郑州）,2022,废水-主要排放口,主要排放口,间接排放口,DW001,综合废水排放口,化学需氧量,吨,2,2022-02,2.483,2.483,
富联精密电子（郑州）,2022,废水-主要排放口,主要排放口,间接排放口,DW001,综合废水排放口,化学需氧量,吨,3,2022-03,4.09,4.09,
富联精密电子（郑州）,2022,废水-主要排放口,主要排放口,间接排放口,DW001,综合废水排放口,化学需氧量,吨,4,2022-04,3.3,3.3,
富联精密电子（郑州）,2022,废水-主要排放口,主要排放口,间接排放口,DW001,综合废水排放口,化学需氧量,吨,5,2022-05,4.31,4.31,
富联精密电子（郑州）,2022,废水-主要排放口,主要排放口,间接排放口,DW001,综合废水排放口,化学需氧量,吨,6,2022-06,5.8,5.8,
富联精密电子（郑州）,2022,废水-主要排放口,主要排放口,间接排放口,DW001,综合废水排放口,化学需氧量,吨,7,2022-07,6.279,6.279,
富联精密电子（郑州）,2022,废水-主要排放口,主要排放口,间接排放口,DW001,综合废水排放口,化学需氧量,吨,8,2022-08,5.846,5.846,
富联精密电子（郑州）,2022,废水-主要排放口,主要排放口,间接排放口,DW001,综合废水排放口,化学需氧量,吨,9,2022-09,4.908,4.908,
富联精密电子（郑州）,2022,废水-主要排放口,主要排放口,间接排放口,DW001,综合废水排放口,化学需氧量,吨,10,2022-10,8.8,8.8,
富联精密电子（郑州）,2022,废水-主要排放口,主要排放口,间接排放口,DW001,综合废水排放口,化学需氧量,吨,11,2022-11,4.06,4.06,
富联精密电子（郑州）,2022,废水-主要排放口,主要排放口,间接排放口,DW001,综合废水排放口,化学需氧量,吨,12,2022-12,6.222,6.222,
富联精密电子（郑州）,2022,废水-主要排放口,主要排放口,间接排放口,DW001,综合废水排放口,总氮（以N计）,吨,1,2022-01,2.912,2.912,
富联精密电子（郑州）,2022,废水-主要排放口,主要排放口,间接排放口,DW001,综合废水排放口,总氮（以N计）,吨,2,2022-02,0.984,0.984,
富联精密电子（郑州）,2022,废水-主要排放口,主要排放口,间接排放口,DW001,综合废水排放口,总氮（以N计）,吨,3,2022-03,2.016,2.016,
富联精密电子（郑州）,2022,废水-主要排放口,主要排放口,间接排放口,DW001,综合废水排放口,总氮（以N计）,吨,4,2022-04,1.717,1.717,
富联精密电子（郑州）,2022,废水-主要排放口,主要排放口,间接排放口,DW001,综合废水排放口,总氮（以N计）,吨,5,2022-05,0.589,0.589,
富联精密电子（郑州）,2022,废水-主要排放口,主要排放口,间接排放口,DW001,综合废水排放口,总氮（以N计）,吨,6,2022-06,0.691,0.691,
富联精密电子（郑州）,2022,废水-主要排放口,主要排放口,间接排放口,DW001,综合废水排放口,总氮（以N计）,吨,7,2022-07,2.255,2.255,
富联精密电子（郑州）,2022,废水-主要排放口,主要排放口,间接排放口,DW001,综合废水排放口,总氮（以N计）,吨,8,2022-08,2.239,2.239,
富联精密电子（郑州）,2022,废水-主要排放口,主要排放口,间接排放口,DW001,综合废水排放口,总氮（以N计）,吨,9,2022-09,1.667,1.667,
富联精密电子（郑州）,2022,废水-主要排放口,主要排放口,间接排放口,DW001,综合废水排放口,总氮（以N计）,吨,10,2022-10,2.374,2.374,
富联精密电子（郑州）,2022,废水-主要排放口,主要排放口,间接排放口,DW001,综合废水排放口,总氮（以N计）,吨,11,2022-11,0.873,0.873,
富联精密电子（郑州）,2022,废水-主要排放口,主要排放口,间接排放口,DW001,综合废水排放口,总氮（以N计）,吨,12,2022-12,2.152,2.152,
富联精密电子（郑州）,2022,废水-主要排放口,主要排放口,间接排放口,DW001,综合废水排放口,氨氮（NH3-N）,吨,1,2022-01,0.569,0.569,
富联精密电子（郑州）,2022,废水-主要排放口,主要排放口,间接排放口,DW001,综合废水排放口,氨氮（NH3-N）,吨,2,2022-02,0.043,0.043,
富联精密电子（郑州）,2022,废水-主要排放口,主要排放口,间接排放口,DW001,综合废水排放口,氨氮（NH3-N）,吨,3,2022-03,0.199,0.199,
富联精密电子（郑州）,2022,废水-主要排放口,主要排放口,间接排放口,DW001,综合废水排放口,氨氮（NH3-N）,吨,4,2022-04,0.155,0.155,
富联精密电子（郑州）,2022,废水-主要排放口,主要排放口,间接排放口,DW001,综合废水排放口,氨氮（NH3-N）,吨,5,2022-05,0.25,0.25,
富联精密电子（郑州）,2022,废水-主要排放口,主要排放口,间接排放口,DW001,综合废水排放口,氨氮（NH3-N）,吨,6,2022-06,0.034,0.034,
富联精密电子（郑州）,2022,废水-主要排放口,主要排放口,间接排放口,DW001,综合废水排放口,氨氮（NH3-N）,吨,7,2022-07,0.044,0.044,
富联精密电子（郑州）,2022,废水-主要排放口,主要排放口,间接排放口,DW001,综合废水排放口,氨氮（NH3-N）,吨,8,2022-08,0.108,0.108,
富联精密电子（郑州）,2022,废水-主要排放口,主要排放口,间接排放口,DW001,综合废水排放口,氨氮（NH3-N）,吨,9,2022-09,0.051,0.051,
富联精密电子（郑州）,2022,废水-主要排放口,主要排放口,间接排放口,DW001,综合废水排放口,氨氮（NH3-N）,吨,10,2022-10,0.022,0.022,
富联精密电子（郑州）,2022,废水-主要排放口,主要排放口,间接排放口,DW001,综合废水排放口,氨氮（NH3-N）,吨,11,2022-11,0.017,0.017,
富联精密电子（郑州）,2022,废水-主要排放口,主要排放口,间接排放口,DW001,综合废水排放口,氨氮（NH3-N）,吨,12,2022-12,0.048,0.048,
富联精密电子（郑州）,2022,废水-主要排放口,主要排放口,间接排放口,DW001,综合废水排放口,总磷（以P计）,吨,1,2022-01,0.005,0.005,
富联精密电子（郑州）,2022,废水-主要排放口,主要排放口,间接排放口,DW001,综合废水排放口,总磷（以P计）,吨,2,2022-02,0.004,0.004,
富联精密电子（郑州）,2022,废水-主要排放口,主要排放口,间接排放口,DW001,综合废水排放口,总磷（以P计）,吨,3,2022-03,0.014,0.014,
富联精密电子（郑州）,2022,废水-主要排放口,主要排放口,间接排放口,DW001,综合废水排放口,总磷（以P计）,吨,4,2022-04,0.013,0.013,
富联精密电子（郑州）,2022,废水-主要排放口,主要排放口,间接排放口,DW001,综合废水排放口,总磷（以P计）,吨,5,2022-05,0.012,0.012,
富联精密电子（郑州）,2022,废水-主要排放口,主要排放口,间接排放口,DW001,综合废水排放口,总磷（以P计）,吨,6,2022-06,0.013,0.013,
富联精密电子（郑州）,2022,废水-主要排放口,主要排放口,间接排放口,DW001,综合废水排放口,总磷（以P计）,吨,7,2022-07,0.017,0.017,
富联精密电子（郑州）,2022,废水-主要排放口,主要排放口,间接排放口,DW001,综合废水排放口,总磷（以P计）,吨,8,2022-08,0.03,0.03,
富联精密电子（郑州）,2022,废水-主要排放口,主要排放口,间接排放口,DW001,综合废水排放口,总磷（以P计）,吨,9,2022-09,0.034,0.034,
富联精密电子（郑州）,2022,废水-主要排放口,主要排放口,间接排放口,DW001,综合废水排放口,总磷（以P计）,吨,10,2022-10,0.045,0.045,
富联精密电子（郑州）,2022,废水-主要排放口,主要排放口,间接排放口,DW001,综合废水排放口,总磷（以P计）,吨,11,2022-11,0.015,0.015,
富联精密电子（郑州）,2022,废水-主要排放口,主要排放口,间接排放口,DW001,综合废水排放口,总磷（以P计）,吨,12,2022-12,0.047,0.047,
富联精密电子（郑州）,2022,废水-主要排放口,主要排放口,间接排放口,DW001,综合废水排放口,石油类,吨,1,2022-01,0.01,0.01,
富联精密电子（郑州）,2022,废水-主要排放口,主要排放口,间接排放口,DW001,综合废水排放口,石油类,吨,2,2022-02,0.004,0.004,
富联精密电子（郑州）,2022,废水-主要排放口,主要排放口,间接排放口,DW001,综合废水排放口,石油类,吨,3,2022-03,0.023,0.023,
富联精密电子（郑州）,2022,废水-主要排放口,主要排放口,间接排放口,DW001,综合废水排放口,石油类,吨,4,2022-04,0.013,0.013,
富联精密电子（郑州）,2022,废水-主要排放口,主要排放口,间接排放口,DW001,综合废水排放口,石油类,吨,5,2022-05,0.068,0.068,
富联精密电子（郑州）,2022,废水-主要排放口,主要排放口,间接排放口,DW001,综合废水排放口,石油类,吨,6,2022-06,0.0,0,
富联精密电子（郑州）,2022,废水-主要排放口,主要排放口,间接排放口,DW001,综合废水排放口,石油类,吨,7,2022-07,0.21,0.21,
富联精密电子（郑州）,2022,废水-主要排放口,主要排放口,间接排放口,DW001,综合废水排放口,石油类,吨,8,2022-08,0.03,0.03,
富联精密电子（郑州）,2022,废水-主要排放口,主要排放口,间接排放口,DW001,综合废水排放口,石油类,吨,9,2022-09,0.0,0,
富联精密电子（郑州）,2022,废水-主要排放口,主要排放口,间接排放口,DW001,综合废水排放口,石油类,吨,10,2022-10,,/,
富联精密电子（郑州）,2022,废水-主要排放口,主要排放口,间接排放口,DW001,综合废水排放口,石油类,吨,11,2022-11,,/,
富联精密电子（郑州）,2022,废水-主要排放口,主要排放口,间接排放口,DW001,综合废水排放口,石油类,吨,12,2022-12,0.0,0,
富联精密电子（郑州）,2022,废水-一般排放口,,间接排放口,,,pH值,无量纲,1,2022-01,0.0,0,
富联精密电子（郑州）,2022,废水-一般排放口,,间接排放口,,,pH值,无量纲,2,2022-02,0.0,0,
富联精密电子（郑州）,2022,废水-一般排放口,,间接排放口,,,pH值,无量纲,3,2022-03,0.0,0,
富联精密电子（郑州）,2022,废水-一般排放口,,间接排放口,,,pH值,无量纲,4,2022-04,0.0,0,
富联精密电子（郑州）,2022,废水-一般排放口,,间接排放口,,,pH值,无量纲,5,2022-05,0.0,0,
富联精密电子（郑州）,2022,废水-一般排放口,,间接排放口,,,pH值,无量纲,6,2022-06,0.0,0,
富联精密电子（郑州）,2022,废水-一般排放口,,间接排放口,,,pH值,无量纲,7,2022-07,0.0,0,
富联精密电子（郑州）,2022,废水-一般排放口,,间接排放口,,,pH值,无量纲,8,2022-08,0.0,0,
富联精密电子（郑州）,2022,废水-一般排放口,,间接排放口,,,pH值,无量纲,9,2022-09,0.0,0,
富联精密电子（郑州）,2022,废水-一般排放口,,间接排放口,,,pH值,无量纲,10,2022-10,0.0,0,
富联精密电子（郑州）,2022,废水-一般排放口,,间接排放口,,,pH值,无量纲,11,2022-11,0.0,0,
富联精密电子（郑州）,2022,废水-一般排放口,,间接排放口,,,pH值,无量纲,12,2022-12,7.7,7.7,
富联精密电子（郑州）,2022,废水-一般排放口,,间接排放口,,,悬浮物,吨,1,2022-01,0.0,0,
富联精密电子（郑州）,2022,废水-一般排放口,,间接排放口,,,悬浮物,吨,2,2022-02,0.0,0,
富联精密电子（郑州）,2022,废水-一般排放口,,间接排放口,,,悬浮物,吨,3,2022-03,0.0,0,
富联精密电子（郑州）,2022,废水-一般排放口,,间接排放口,,,悬浮物,吨,4,2022-04,0.0,0,
富联精密电子（郑州）,2022,废水-一般排放口,,间接排放口,,,悬浮物,吨,5,2022-05,0.0,0,
富联精密电子（郑州）,2022,废水-一般排放口,,间接排放口,,,悬浮物,吨,6,2022-06,0.0,0,
富联精密电子（郑州）,2022,废水-一般排放口,,间接排放口,,,悬浮物,吨,7,2022-07,0.0,0,
富联精密电子（郑州）,2022,废水-一般排放口,,间接排放口,,,悬浮物,吨,8,2022-08,0.0,0,
富联精密电子（郑州）,2022,废水-一般排放口,,间接排放口,,,悬浮物,吨,9,2022-09,0.0,0,
富联精密电子（郑州）,2022,废水-一般排放口,,间接排放口,,,悬浮物,吨,10,2022-10,0.0,0,
富联精密电子（郑州）,2022,废水-一般排放口,,间接排放口,,,悬浮物,吨,11,2022-11,0.0,0,
富联精密电子（郑州）,2022,废水-一般排放口,,间接排放口,,,悬浮物,吨,12,2022-12,0.09,0.09,
富联精密电子（郑州）,2022,废水-一般排放口,,间接排放口,,,五日生化需氧量,吨,1,2022-01,0.0,0,
富联精密电子（郑州）,2022,废水-一般排放口,,间接排放口,,,五日生化需氧量,吨,2,2022-02,0.0,0,
富联精密电子（郑州）,2022,废水-一般排放口,,间接排放口,,,五日生化需氧量,吨,3,2022-03,0.0,0,
富联精密电子（郑州）,2022,废水-一般排放口,,间接排放口,,,五日生化需氧量,吨,4,2022-04,0.0,0,
富联精密电子（郑州）,2022,废水-一般排放口,,间接排放口,,,五日生化需氧量,吨,5,2022-05,0.0,0,
富联精密电子（郑州）,2022,废水-一般排放口,,间接排放口,,,五日生化需氧量,吨,6,2022-06,0.0,0,
富联精密电子（郑州）,2022,废水-一般排放口,,间接排放口,,,五日生化需氧量,吨,7,2022-07,0.0,0,
富联精密电子（郑州）,2022,废水-一般排放口,,间接排放口,,,五日生化需氧量,吨,8,2022-08,0.0,0,
富联精密电子（郑州）,2022,废水-一般排放口,,间接排放口,,,五日生化需氧量,吨,9,2022-09,0.0,0,
富联精密电子（郑州）,2022,废水-一般排放口,,间接排放口,,,五日生化需氧量,吨,10,2022-10,0.0,0,
富联精密电子（郑州）,2022,废水-一般排放口,,间接排放口,,,五日生化需氧量,吨,11,2022-11,0.0,0,
富联精密电子（郑州）,2022,废水-一般排放口,,间接排放口,,,五日生化需氧量,吨,12,2022-12,0.187,0.187,
富联精密电子（郑州）,2022,废水-一般排放口,,间接排放口,,,化学需氧量,吨,1,2022-01,0.0,0,
富联精密电子（郑州）,2022,废水-一般排放口,,间接排放口,,,化学需氧量,吨,2,2022-02,0.0,0,
富联精密电子（郑州）,2022,废水-一般排放口,,间接排放口,,,化学需氧量,吨,3,2022-03,0.0,0,
富联精密电子（郑州）,2022,废水-一般排放口,,间接排放口,,,化学需氧量,吨,4,2022-04,0.0,0,
富联精密电子（郑州）,2022,废水-一般排放口,,间接排放口,,,化学需氧量,吨,5,2022-05,0.0,0,
富联精密电子（郑州）,2022,废水-一般排放口,,间接排放口,,,化学需氧量,吨,6,2022-06,0.0,0,
富联精密电子（郑州）,2022,废水-一般排放口,,间接排放口,,,化学需氧量,吨,7,2022-07,0.0,0,
富联精密电子（郑州）,2022,废水-一般排放口,,间接排放口,,,化学需氧量,吨,8,2022-08,0.0,0,
富联精密电子（郑州）,2022,废水-一般排放口,,间接排放口,,,化学需氧量,吨,9,2022-09,0.0,0,
富联精密电子（郑州）,2022,废水-一般排放口,,间接排放口,,,化学需氧量,吨,10,2022-10,0.0,0,
富联精密电子（郑州）,2022,废水-一般排放口,,间接排放口,,,化学需氧量,吨,11,2022-11,0.0,0,
富联精密电子（郑州）,2022,废水-一般排放口,,间接排放口,,,化学需氧量,吨,12,2022-12,0.857,0.857,
富联精密电子（郑州）,2022,废水-一般排放口,,间接排放口,,,氨氮（NH3-N）,吨,1,2022-01,0.0,0,
富联精密电子（郑州）,2022,废水-一般排放口,,间接排放口,,,氨氮（NH3-N）,吨,2,2022-02,0.0,0,
富联精密电子（郑州）,2022,废水-一般排放口,,间接排放口,,,氨氮（NH3-N）,吨,3,2022-03,0.0,0,
富联精密电子（郑州）,2022,废水-一般排放口,,间接排放口,,,氨氮（NH3-N）,吨,4,2022-04,0.0,0,
富联精密电子（郑州）,2022,废水-一般排放口,,间接排放口,,,氨氮（NH3-N）,吨,5,2022-05,0.0,0,
富联精密电子（郑州）,2022,废水-一般排放口,,间接排放口,,,氨氮（NH3-N）,吨,6,2022-06,0.0,0,
富联精密电子（郑州）,2022,废水-一般排放口,,间接排放口,,,氨氮（NH3-N）,吨,7,2022-07,0.0,0,
富联精密电子（郑州）,2022,废水-一般排放口,,间接排放口,,,氨氮（NH3-N）,吨,8,2022-08,0.0,0,
富联精密电子（郑州）,2022,废水-一般排放口,,间接排放口,,,氨氮（NH3-N）,吨,9,2022-09,0.0,0,
富联精密电子（郑州）,2022,废水-一般排放口,,间接排放口,,,氨氮（NH3-N）,吨,10,2022-10,0.0,0,
富联精密电子（郑州）,2022,废水-一般排放口,,间接排放口,,,氨氮（NH3-N）,吨,11,2022-11,0.0,0,
富联精密电子（郑州）,2022,废水-一般排放口,,间接排放口,,,氨氮（NH3-N）,吨,12,2022-12,0.166,0.166,
富联精密电子（郑州）,2022,废水-一般排放口,,间接排放口,,,总磷（以P计）,吨,1,2022-01,0.0,0,
富联精密电子（郑州）,2022,废水-一般排放口,,间接排放口,,,总磷（以P计）,吨,2,2022-02,0.0,0,
富联精密电子（郑州）,2022,废水-一般排放口,,间接排放口,,,总磷（以P计）,吨,3,2022-03,0.0,0,
富联精密电子（郑州）,2022,废水-一般排放口,,间接排放口,,,总磷（以P计）,吨,4,2022-04,0.0,0,
富联精密电子（郑州）,2022,废水-一般排放口,,间接排放口,,,总磷（以P计）,吨,5,2022-05,0.0,0,
富联精密电子（郑州）,2022,废水-一般排放口,,间接排放口,,,总磷（以P计）,吨,6,2022-06,0.0,0,
富联精密电子（郑州）,2022,废水-一般排放口,,间接排放口,,,总磷（以P计）,吨,7,2022-07,0.0,0,
富联精密电子（郑州）,2022,废水-一般排放口,,间接排放口,,,总磷（以P计）,吨,8,2022-08,0.0,0,
富联精密电子（郑州）,2022,废水-一般排放口,,间接排放口,,,总磷（以P计）,吨,9,2022-09,0.0,0,
富联精密电子（郑州）,2022,废水-一般排放口,,间接排放口,,,总磷（以P计）,吨,10,2022-10,0.0,0,
富联精密电子（郑州）,2022,废水-一般排放口,,间接排放口,,,总磷（以P计）,吨,11,2022-11,0.0,0,
富联精密电子（郑州）,2022,废水-一般排放口,,间接排放口,,,总磷（以P计）,吨,12,2022-12,0.018,0.018,
富联精密电子（郑州）,2022,废水-一般排放口,,间接排放口,,,动植物油,吨,1,2022-01,0.0,0,
富联精密电子（郑州）,2022,废水-一般排放口,,间接排放口,,,动植物油,吨,2,2022-02,0.0,0,
富联精密电子（郑州）,2022,废水-一般排放口,,间接排放口,,,动植物油,吨,3,2022-03,0.0,0,
富联精密电子（郑州）,2022,废水-一般排放口,,间接排放口,,,动植物油,吨,4,2022-04,0.0,0,
富联精密电子（郑州）,2022,废水-一般排放口,,间接排放口,,,动植物油,吨,5,2022-05,0.0,0,
富联精密电子（郑州）,2022,废水-一般排放口,,间接排放口,,,动植物油,吨,6,2022-06,0.0,0,
富联精密电子（郑州）,2022,废水-一般排放口,,间接排放口,,,动植物油,吨,7,2022-07,0.0,0,
富联精密电子（郑州）,2022,废水-一般排放口,,间接排放口,,,动植物油,吨,8,2022-08,0.0,0,
富联精密电子（郑州）,2022,废水-一般排放口,,间接排放口,,,动植物油,吨,9,2022-09,0.0,0,
富联精密电子（郑州）,2022,废水-一般排放口,,间接排放口,,,动植物油,吨,10,2022-10,0.0,0,
富联精密电子（郑州）,2022,废水-一般排放口,,间接排放口,,,动植物油,吨,11,2022-11,0.0,0,
富联精密电子（郑州）,2022,废水-一般排放口,,间接排放口,,,动植物油,吨,12,2022-12,0.002,0.002,
富联精密电子（郑州）,2022,废水-全厂合计,全厂合计,间接排放口,,,pH值,无量纲,1,2022-01,3.95,3.95,
富联精密电子（郑州）,2022,废水-全厂合计,全厂合计,间接排放口,,,pH值,无量纲,2,2022-02,3.95,3.95,
富联精密电子（郑州）,2022,废水-全厂合计,全厂合计,间接排放口,,,pH值,无量纲,3,2022-03,3.95,3.95,
富联精密电子（郑州）,2022,废水-全厂合计,全厂合计,间接排放口,,,pH值,无量纲,4,2022-04,4.0,4,
富联精密电子（郑州）,2022,废水-全厂合计,全厂合计,间接排放口,,,pH值,无量纲,5,2022-05,3.95,3.95,
富联精密电子（郑州）,2022,废水-全厂合计,全厂合计,间接排放口,,,pH值,无量纲,6,2022-06,4.0,4,
富联精密电子（郑州）,2022,废水-全厂合计,全厂合计,间接排放口,,,pH值,无量纲,7,2022-07,3.46,3.46,
富联精密电子（郑州）,2022,废水-全厂合计,全厂合计,间接排放口,,,pH值,无量纲,8,2022-08,3.75,3.75,
富联精密电子（郑州）,2022,废水-全厂合计,全厂合计,间接排放口,,,pH值,无量纲,9,2022-09,3.415,3.415,
富联精密电子（郑州）,2022,废水-全厂合计,全厂合计,间接排放口,,,pH值,无量纲,10,2022-10,3.79,3.79,
富联精密电子（郑州）,2022,废水-全厂合计,全厂合计,间接排放口,,,pH值,无量纲,11,2022-11,4.025,4.025,
富联精密电子（郑州）,2022,废水-全厂合计,全厂合计,间接排放口,,,pH值,无量纲,12,2022-12,7.635,7.635,
富联精密电子（郑州）,2022,废水-全厂合计,全厂合计,间接排放口,,,悬浮物,吨,1,2022-01,0.0,0,
富联精密电子（郑州）,2022,废水-全厂合计,全厂合计,间接排放口,,,悬浮物,吨,2,2022-02,0.0,0,
富联精密电子（郑州）,2022,废水-全厂合计,全厂合计,间接排放口,,,悬浮物,吨,3,2022-03,0.0,0,
富联精密电子（郑州）,2022,废水-全厂合计,全厂合计,间接排放口,,,悬浮物,吨,4,2022-04,0.0,0,
富联精密电子（郑州）,2022,废水-全厂合计,全厂合计,间接排放口,,,悬浮物,吨,5,2022-05,0.0,0,
富联精密电子（郑州）,2022,废水-全厂合计,全厂合计,间接排放口,,,悬浮物,吨,6,2022-06,0.0,0,
富联精密电子（郑州）,2022,废水-全厂合计,全厂合计,间接排放口,,,悬浮物,吨,7,2022-07,0.0,0,
富联精密电子（郑州）,2022,废水-全厂合计,全厂合计,间接排放口,,,悬浮物,吨,8,2022-08,0.0,0,
富联精密电子（郑州）,2022,废水-全厂合计,全厂合计,间接排放口,,,悬浮物,吨,9,2022-09,0.0,0,
富联精密电子（郑州）,2022,废水-全厂合计,全厂合计,间接排放口,,,悬浮物,吨,10,2022-10,0.0,0,
富联精密电子（郑州）,2022,废水-全厂合计,全厂合计,间接排放口,,,悬浮物,吨,11,2022-11,0.0,0,
富联精密电子（郑州）,2022,废水-全厂合计,全厂合计,间接排放口,,,悬浮物,吨,12,2022-12,0.09,0.09,
富联精密电子（郑州）,2022,废水-全厂合计,全厂合计,间接排放口,,,五日生化需氧量,吨,1,2022-01,0.0,0,
富联精密电子（郑州）,2022,废水-全厂合计,全厂合计,间接排放口,,,五日生化需氧量,吨,2,2022-02,0.0,0,
富联精密电子（郑州）,2022,废水-全厂合计,全厂合计,间接排放口,,,五日生化需氧量,吨,3,2022-03,0.0,0,
富联精密电子（郑州）,2022,废水-全厂合计,全厂合计,间接排放口,,,五日生化需氧量,吨,4,2022-04,0.0,0,
富联精密电子（郑州）,2022,废水-全厂合计,全厂合计,间接排放口,,,五日生化需氧量,吨,5,2022-05,0.0,0,
富联精密电子（郑州）,2022,废水-全厂合计,全厂合计,间接排放口,,,五日生化需氧量,吨,6,2022-06,0.0,0,
富联精密电子（郑州）,2022,废水-全厂合计,全厂合计,间接排放口,,,五日生化需氧量,吨,7,2022-07,0.0,0,
富联精密电子（郑州）,2022,废水-全厂合计,全厂合计,间接排放口,,,五日生化需氧量,吨,8,2022-08,0.0,0,
富联精密电子（郑州）,2022,废水-全厂合计,全厂合计,间接排放口,,,五日生化需氧量,吨,9,2022-09,0.0,0,
富联精密电子（郑州）,2022,废水-全厂合计,全厂合计,间接排放口,,,五日生化需氧量,吨,10,2022-10,0.0,0,
富联精密电子（郑州）,2022,废水-全厂合计,全厂合计,间接排放口,,,五日生化需氧量,吨,11,2022-11,0.0,0,
富联精密电子（郑州）,2022,废水-全厂合计,全厂合计,间接排放口,,,五日生化需氧量,吨,12,2022-12,1.247,1.247,
富联精密电子（郑州）,2022,废水-全厂合计,全厂合计,间接排放口,,,化学需氧量,吨,1,2022-01,2.605,2.605,
富联精密电子（郑州）,2022,废水-全厂合计,全厂合计,间接排放口,,,化学需氧量,吨,2,2022-02,2.483,2.483,
富联精密电子（郑州）,2022,废水-全厂合计,全厂合计,间接排放口,,,化学需氧量,吨,3,2022-03,4.09,4.09,
富联精密电子（郑州）,2022,废水-全厂合计,全厂合计,间接排放口,,,化学需氧量,吨,4,2022-04,3.3,3.3,
富联精密电子（郑州）,2022,废水-全厂合计,全厂合计,间接排放口,,,化学需氧量,吨,5,2022-05,4.31,4.31,
富联精密电子（郑州）,2022,废水-全厂合计,全厂合计,间接排放口,,,化学需氧量,吨,6,2022-06,5.8,5.8,
富联精密电子（郑州）,2022,废水-全厂合计,全厂合计,间接排放口,,,化学需氧量,吨,7,2022-07,6.279,6.279,
富联精密电子（郑州）,2022,废水-全厂合计,全厂合计,间接排放口,,,化学需氧量,吨,8,2022-08,5.846,5.846,
富联精密电子（郑州）,2022,废水-全厂合计,全厂合计,间接排放口,,,化学需氧量,吨,9,2022-09,4.908,4.908,
富联精密电子（郑州）,2022,废水-全厂合计,全厂合计,间接排放口,,,化学需氧量,吨,10,2022-10,8.8,8.8,
富联精密电子（郑州）,2022,废水-全厂合计,全厂合计,间接排放口,,,化学需氧量,吨,11,2022-11,4.06,4.06,
富联精密电子（郑州）,2022,废水-全厂合计,全厂合计,间接排放口,,,化学需氧量,吨,12,2022-12,7.079,7.079,
富联精密电子（郑州）,2022,废水-全厂合计,全厂合计,间接排放口,,,总氮（以N计）,吨,1,2022-01,2.912,2.912,
富联精密电子（郑州）,2022,废水-全厂合计,全厂合计,间接排放口,,,总氮（以N计）,吨,2,2022-02,0.984,0.984,
富联精密电子（郑州）,2022,废水-全厂合计,全厂合计,间接排放口,,,总氮（以N计）,吨,3,2022-03,2.016,2.016,
富联精密电子（郑州）,2022,废水-全厂合计,全厂合计,间接排放口,,,总氮（以N计）,吨,4,2022-04,1.717,1.717,
富联精密电子（郑州）,2022,废水-全厂合计,全厂合计,间接排放口,,,总氮（以N计）,吨,5,2022-05,0.589,0.589,
富联精密电子（郑州）,2022,废水-全厂合计,全厂合计,间接排放口,,,总氮（以N计）,吨,6,2022-06,0.691,0.691,
富联精密电子（郑州）,2022,废水-全厂合计,全厂合计,间接排放口,,,总氮（以N计）,吨,7,2022-07,2.255,2.255,
富联精密电子（郑州）,2022,废水-全厂合计,全厂合计,间接排放口,,,总氮（以N计）,吨,8,2022-08,2.239,2.239,
富联精密电子（郑州）,2022,废水-全厂合计,全厂合计,间接排放口,,,总氮（以N计）,吨,9,2022-09,1.667,1.667,
富联精密电子（郑州）,2022,废水-全厂合计,全厂合计,间接排放口,,,总氮（以N计）,吨,10,2022-10,2.374,2.374,
富联精密电子（郑州）,2022,废水-全厂合计,全厂合计,间接排放口,,,总氮（以N计）,吨,11,2022-11,0.873,0.873,
富联精密电子（郑州）,2022,废水-全厂合计,全厂合计,间接排放口,,,总氮（以N计）,吨,12,2022-12,2.152,2.152,
富联精密电子（郑州）,2022,废水-全厂合计,全厂合计,间接排放口,,,氨氮（NH3-N）,吨,1,2022-01,0.569,0.569,
富联精密电子（郑州）,2022,废水-全厂合计,全厂合计,间接排放口,,,氨氮（NH3-N）,吨,2,2022-02,0.043,0.043,
富联精密电子（郑州）,2022,废水-全厂合计,全厂合计,间接排放口,,,氨氮（NH3-N）,吨,3,2022-03,0.199,0.199,
富联精密电子（郑州）,2022,废水-全厂合计,全厂合计,间接排放口,,,氨氮（NH3-N）,吨,4,2022-04,0.155,0.155,
富联精密电子（郑州）,2022,废水-全厂合计,全厂合计,间接排放口,,,氨氮（NH3-N）,吨,5,2022-05,0.25,0.25,
富联精密电子（郑州）,2022,废水-全厂合计,全厂合计,间接排放口,,,氨氮（NH3-N）,吨,6,2022-06,0.034,0.034,
富联精密电子（郑州）,2022,废水-全厂合计,全厂合计,间接排放口,,,氨氮（NH3-N）,吨,7,2022-07,0.044,0.044,
富联精密电子（郑州）,2022,废水-全厂合计,全厂合计,间接排放口,,,氨氮（NH3-N）,吨,8,2022-08,0.108,0.108,
富联精密电子（郑州）,2022,废水-全厂合计,全厂合计,间接排放口,,,氨氮（NH3-N）,吨,9,2022-09,0.051,0.051,
富联精密电子（郑州）,2022,废水-全厂合计,全厂合计,间接排放口,,,氨氮（NH3-N）,吨,10,2022-10,0.022,0.022,
富联精密电子（郑州）,2022,废水-全厂合计,全厂合计,间接排放口,,,氨氮（NH3-N）,吨,11,2022-11,0.017,0.017,
富联精密电子（郑州）,2022,废水-全厂合计,全厂合计,间接排放口,,,氨氮（NH3-N）,吨,12,2022-12,0.214,0.214,
富联精密电子（郑州）,2022,废水-全厂合计,全厂合计,间接排放口,,,总磷（以P计）,吨,1,2022-01,0.005,0.005,
富联精密电子（郑州）,2022,废水-全厂合计,全厂合计,间接排放口,,,总磷（以P计）,吨,2,2022-02,0.004,0.004,
富联精密电子（郑州）,2022,废水-全厂合计,全厂合计,间接排放口,,,总磷（以P计）,吨,3,2022-03,0.014,0.014,
富联精密电子（郑州）,2022,废水-全厂合计,全厂合计,间接排放口,,,总磷（以P计）,吨,4,2022-04,0.013,0.013,
富联精密电子（郑州）,2022,废水-全厂合计,全厂合计,间接排放口,,,总磷（以P计）,吨,5,2022-05,0.012,0.012,
富联精密电子（郑州）,2022,废水-全厂合计,全厂合计,间接排放口,,,总磷（以P计）,吨,6,2022-06,0.013,0.013,
富联精密电子（郑州）,2022,废水-全厂合计,全厂合计,间接排放口,,,总磷（以P计）,吨,7,2022-07,0.017,0.017,
富联精密电子（郑州）,2022,废水-全厂合计,全厂合计,间接排放口,,,总磷（以P计）,吨,8,2022-08,0.03,0.03,
富联精密电子（郑州）,2022,废水-全厂合计,全厂合计,间接排放口,,,总磷（以P计）,吨,9,2022-09,0.034,0.034,
富联精密电子（郑州）,2022,废水-全厂合计,全厂合计,间接排放口,,,总磷（以P计）,吨,10,2022-10,0.045,0.045,
富联精密电子（郑州）,2022,废水-全厂合计,全厂合计,间接排放口,,,总磷（以P计）,吨,11,2022-11,0.015,0.015,
富联精密电子（郑州）,2022,废水-全厂合计,全厂合计,间接排放口,,,总磷（以P计）,吨,12,2022-12,0.065,0.065,
富联精密电子（郑州）,2022,废水-全厂合计,全厂合计,间接排放口,,,石油类,吨,1,2022-01,0.01,0.01,
富联精密电子（郑州）,2022,废水-全厂合计,全厂合计,间接排放口,,,石油类,吨,2,2022-02,0.004,0.004,
富联精密电子（郑州）,2022,废水-全厂合计,全厂合计,间接排放口,,,石油类,吨,3,2022-03,0.023,0.023,
富联精密电子（郑州）,2022,废水-全厂合计,全厂合计,间接排放口,,,石油类,吨,4,2022-04,0.013,0.013,
富联精密电子（郑州）,2022,废水-全厂合计,全厂合计,间接排放口,,,石油类,吨,5,2022-05,0.068,0.068,
富联精密电子（郑州）,2022,废水-全厂合计,全厂合计,间接排放口,,,石油类,吨,6,2022-06,0.0,0,
富联精密电子（郑州）,2022,废水-全厂合计,全厂合计,间接排放口,,,石油类,吨,7,2022-07,0.21,0.21,
富联精密电子（郑州）,2022,废水-全厂合计,全厂合计,间接排放口,,,石油类,吨,8,2022-08,0.03,0.03,
富联精密电子（郑州）,2022,废水-全厂合计,全厂合计,间接排放口,,,石油类,吨,9,2022-09,0.0,0,
富联精密电子（郑州）,2022,废水-全厂合计,全厂合计,间接排放口,,,石油类,吨,10,2022-10,0.0,0,
富联精密电子（郑州）,2022,废水-全厂合计,全厂合计,间接排放口,,,石油类,吨,11,2022-11,0.0,0,
富联精密电子（郑州）,2022,废水-全厂合计,全厂合计,间接排放口,,,石油类,吨,12,2022-12,0.0,0,
富联精密电子（郑州）,2022,废水-全厂合计,全厂合计,间接排放口,,,动植物油,吨,1,2022-01,0.0,0,
富联精密电子（郑州）,2022,废水-全厂合计,全厂合计,间接排放口,,,动植物油,吨,2,2022-02,0.0,0,
富联精密电子（郑州）,2022,废水-全厂合计,全厂合计,间接排放口,,,动植物油,吨,3,2022-03,0.0,0,
富联精密电子（郑州）,2022,废水-全厂合计,全厂合计,间接排放口,,,动植物油,吨,4,2022-04,0.0,0,
富联精密电子（郑州）,2022,废水-全厂合计,全厂合计,间接排放口,,,动植物油,吨,5,2022-05,0.0,0,
富联精密电子（郑州）,2022,废水-全厂合计,全厂合计,间接排放口,,,动植物油,吨,6,2022-06,0.0,0,
富联精密电子（郑州）,2022,废水-全厂合计,全厂合计,间接排放口,,,动植物油,吨,7,2022-07,0.0,0,
富联精密电子（郑州）,2022,废水-全厂合计,全厂合计,间接排放口,,,动植物油,吨,8,2022-08,0.0,0,
富联精密电子（郑州）,2022,废水-全厂合计,全厂合计,间接排放口,,,动植物油,吨,9,2022-09,0.0,0,
富联精密电子（郑州）,2022,废水-全厂合计,全厂合计,间接排放口,,,动植物油,吨,10,2022-10,0.0,0,
富联精密电子（郑州）,2022,废水-全厂合计,全厂合计,间接排放口,,,动植物油,吨,11,2022-11,0.0,0,
富联精密电子（郑州）,2022,废水-全厂合计,全厂合计,间接排放口,,,动植物油,吨,12,2022-12,0.002,0.002,
富联精密电子（郑州）,2023,废气-一般排放口合计,一般排放口（合计）,,,,臭气浓度,无量纲（月值相加无物理意义）,1,2023-01,302.0,302,
富联精密电子（郑州）,2023,废气-一般排放口合计,一般排放口（合计）,,,,臭气浓度,无量纲（月值相加无物理意义）,2,2023-02,,/,
富联精密电子（郑州）,2023,废气-一般排放口合计,一般排放口（合计）,,,,臭气浓度,无量纲（月值相加无物理意义）,3,2023-03,302.0,302,
富联精密电子（郑州）,2023,废气-一般排放口合计,一般排放口（合计）,,,,臭气浓度,无量纲（月值相加无物理意义）,4,2023-04,302.0,302,
富联精密电子（郑州）,2023,废气-一般排放口合计,一般排放口（合计）,,,,臭气浓度,无量纲（月值相加无物理意义）,5,2023-05,302.0,302,
富联精密电子（郑州）,2023,废气-一般排放口合计,一般排放口（合计）,,,,臭气浓度,无量纲（月值相加无物理意义）,6,2023-06,302.0,302,
富联精密电子（郑州）,2023,废气-一般排放口合计,一般排放口（合计）,,,,臭气浓度,无量纲（月值相加无物理意义）,7,2023-07,186.0,186,
富联精密电子（郑州）,2023,废气-一般排放口合计,一般排放口（合计）,,,,臭气浓度,无量纲（月值相加无物理意义）,8,2023-08,186.0,186,
富联精密电子（郑州）,2023,废气-一般排放口合计,一般排放口（合计）,,,,臭气浓度,无量纲（月值相加无物理意义）,9,2023-09,186.0,186,
富联精密电子（郑州）,2023,废气-一般排放口合计,一般排放口（合计）,,,,臭气浓度,无量纲（月值相加无物理意义）,10,2023-10,186.0,186,
富联精密电子（郑州）,2023,废气-一般排放口合计,一般排放口（合计）,,,,臭气浓度,无量纲（月值相加无物理意义）,11,2023-11,186.0,186,
富联精密电子（郑州）,2023,废气-一般排放口合计,一般排放口（合计）,,,,臭气浓度,无量纲（月值相加无物理意义）,12,2023-12,186.0,186,
富联精密电子（郑州）,2023,废气-一般排放口合计,一般排放口（合计）,,,,氨（氨气）,吨,1,2023-01,0.061,0.061,
富联精密电子（郑州）,2023,废气-一般排放口合计,一般排放口（合计）,,,,氨（氨气）,吨,2,2023-02,0.055,0.055,
富联精密电子（郑州）,2023,废气-一般排放口合计,一般排放口（合计）,,,,氨（氨气）,吨,3,2023-03,0.061,0.061,
富联精密电子（郑州）,2023,废气-一般排放口合计,一般排放口（合计）,,,,氨（氨气）,吨,4,2023-04,0.059,0.059,
富联精密电子（郑州）,2023,废气-一般排放口合计,一般排放口（合计）,,,,氨（氨气）,吨,5,2023-05,0.061,0.061,
富联精密电子（郑州）,2023,废气-一般排放口合计,一般排放口（合计）,,,,氨（氨气）,吨,6,2023-06,0.059,0.059,
富联精密电子（郑州）,2023,废气-一般排放口合计,一般排放口（合计）,,,,氨（氨气）,吨,7,2023-07,1.356,1.356,
富联精密电子（郑州）,2023,废气-一般排放口合计,一般排放口（合计）,,,,氨（氨气）,吨,8,2023-08,1.356,1.356,
富联精密电子（郑州）,2023,废气-一般排放口合计,一般排放口（合计）,,,,氨（氨气）,吨,9,2023-09,0.835,0.835,
富联精密电子（郑州）,2023,废气-一般排放口合计,一般排放口（合计）,,,,氨（氨气）,吨,10,2023-10,0.754,0.754,
富联精密电子（郑州）,2023,废气-一般排放口合计,一般排放口（合计）,,,,氨（氨气）,吨,11,2023-11,0.808,0.808,
富联精密电子（郑州）,2023,废气-一般排放口合计,一般排放口（合计）,,,,氨（氨气）,吨,12,2023-12,0.835,0.835,
富联精密电子（郑州）,2023,废气-一般排放口合计,一般排放口（合计）,,,,氮氧化物,吨,1,2023-01,0.0,0,
富联精密电子（郑州）,2023,废气-一般排放口合计,一般排放口（合计）,,,,氮氧化物,吨,2,2023-02,0.0,0,
富联精密电子（郑州）,2023,废气-一般排放口合计,一般排放口（合计）,,,,氮氧化物,吨,3,2023-03,0.0,0,
富联精密电子（郑州）,2023,废气-一般排放口合计,一般排放口（合计）,,,,氮氧化物,吨,4,2023-04,0.0,0,
富联精密电子（郑州）,2023,废气-一般排放口合计,一般排放口（合计）,,,,氮氧化物,吨,5,2023-05,0.0,0,
富联精密电子（郑州）,2023,废气-一般排放口合计,一般排放口（合计）,,,,氮氧化物,吨,6,2023-06,0.0,0,
富联精密电子（郑州）,2023,废气-一般排放口合计,一般排放口（合计）,,,,氮氧化物,吨,7,2023-07,0.0,0,
富联精密电子（郑州）,2023,废气-一般排放口合计,一般排放口（合计）,,,,氮氧化物,吨,8,2023-08,0.0,0,
富联精密电子（郑州）,2023,废气-一般排放口合计,一般排放口（合计）,,,,氮氧化物,吨,9,2023-09,0.0,0,
富联精密电子（郑州）,2023,废气-一般排放口合计,一般排放口（合计）,,,,氮氧化物,吨,10,2023-10,0.0,0,
富联精密电子（郑州）,2023,废气-一般排放口合计,一般排放口（合计）,,,,氮氧化物,吨,11,2023-11,0.0,0,
富联精密电子（郑州）,2023,废气-一般排放口合计,一般排放口（合计）,,,,氮氧化物,吨,12,2023-12,0.0,0,
富联精密电子（郑州）,2023,废气-一般排放口合计,一般排放口（合计）,,,,硫化氢,吨,1,2023-01,0.001,0.001,
富联精密电子（郑州）,2023,废气-一般排放口合计,一般排放口（合计）,,,,硫化氢,吨,2,2023-02,0.001,0.001,
富联精密电子（郑州）,2023,废气-一般排放口合计,一般排放口（合计）,,,,硫化氢,吨,3,2023-03,0.001,0.001,
富联精密电子（郑州）,2023,废气-一般排放口合计,一般排放口（合计）,,,,硫化氢,吨,4,2023-04,0.001,0.001,
富联精密电子（郑州）,2023,废气-一般排放口合计,一般排放口（合计）,,,,硫化氢,吨,5,2023-05,0.001,0.001,
富联精密电子（郑州）,2023,废气-一般排放口合计,一般排放口（合计）,,,,硫化氢,吨,6,2023-06,0.001,0.001,
富联精密电子（郑州）,2023,废气-一般排放口合计,一般排放口（合计）,,,,硫化氢,吨,7,2023-07,0.011,0.011,
富联精密电子（郑州）,2023,废气-一般排放口合计,一般排放口（合计）,,,,硫化氢,吨,8,2023-08,0.011,0.011,
富联精密电子（郑州）,2023,废气-一般排放口合计,一般排放口（合计）,,,,硫化氢,吨,9,2023-09,0.011,0.011,
富联精密电子（郑州）,2023,废气-一般排放口合计,一般排放口（合计）,,,,硫化氢,吨,10,2023-10,0.01,0.01,
富联精密电子（郑州）,2023,废气-一般排放口合计,一般排放口（合计）,,,,硫化氢,吨,11,2023-11,0.011,0.011,
富联精密电子（郑州）,2023,废气-一般排放口合计,一般排放口（合计）,,,,硫化氢,吨,12,2023-12,0.011,0.011,
富联精密电子（郑州）,2023,废气-一般排放口合计,一般排放口（合计）,,,,硫酸雾,吨,1,2023-01,0.96,0.96,
富联精密电子（郑州）,2023,废气-一般排放口合计,一般排放口（合计）,,,,硫酸雾,吨,2,2023-02,0.96,0.96,
富联精密电子（郑州）,2023,废气-一般排放口合计,一般排放口（合计）,,,,硫酸雾,吨,3,2023-03,0.96,0.96,
富联精密电子（郑州）,2023,废气-一般排放口合计,一般排放口（合计）,,,,硫酸雾,吨,4,2023-04,0.93,0.93,
富联精密电子（郑州）,2023,废气-一般排放口合计,一般排放口（合计）,,,,硫酸雾,吨,5,2023-05,0.93,0.93,
富联精密电子（郑州）,2023,废气-一般排放口合计,一般排放口（合计）,,,,硫酸雾,吨,6,2023-06,0.93,0.93,
富联精密电子（郑州）,2023,废气-一般排放口合计,一般排放口（合计）,,,,硫酸雾,吨,7,2023-07,1.18,1.18,
富联精密电子（郑州）,2023,废气-一般排放口合计,一般排放口（合计）,,,,硫酸雾,吨,8,2023-08,1.18,1.18,
富联精密电子（郑州）,2023,废气-一般排放口合计,一般排放口（合计）,,,,硫酸雾,吨,9,2023-09,1.18,1.18,
富联精密电子（郑州）,2023,废气-一般排放口合计,一般排放口（合计）,,,,硫酸雾,吨,10,2023-10,1.06,1.06,
富联精密电子（郑州）,2023,废气-一般排放口合计,一般排放口（合计）,,,,硫酸雾,吨,11,2023-11,1.14,1.14,
富联精密电子（郑州）,2023,废气-一般排放口合计,一般排放口（合计）,,,,硫酸雾,吨,12,2023-12,1.18,1.18,
富联精密电子（郑州）,2023,废气-一般排放口合计,一般排放口（合计）,,,,硝酸雾,吨,1,2023-01,0.0,0,
富联精密电子（郑州）,2023,废气-一般排放口合计,一般排放口（合计）,,,,硝酸雾,吨,2,2023-02,,/,
富联精密电子（郑州）,2023,废气-一般排放口合计,一般排放口（合计）,,,,硝酸雾,吨,3,2023-03,0.0,0,
富联精密电子（郑州）,2023,废气-一般排放口合计,一般排放口（合计）,,,,硝酸雾,吨,4,2023-04,0.0,0,
富联精密电子（郑州）,2023,废气-一般排放口合计,一般排放口（合计）,,,,硝酸雾,吨,5,2023-05,0.0,0,
富联精密电子（郑州）,2023,废气-一般排放口合计,一般排放口（合计）,,,,硝酸雾,吨,6,2023-06,0.0,0,
富联精密电子（郑州）,2023,废气-一般排放口合计,一般排放口（合计）,,,,硝酸雾,吨,7,2023-07,0.0,0,
富联精密电子（郑州）,2023,废气-一般排放口合计,一般排放口（合计）,,,,硝酸雾,吨,8,2023-08,0.0,0,
富联精密电子（郑州）,2023,废气-一般排放口合计,一般排放口（合计）,,,,硝酸雾,吨,9,2023-09,0.0,0,
富联精密电子（郑州）,2023,废气-一般排放口合计,一般排放口（合计）,,,,硝酸雾,吨,10,2023-10,0.0,0,
富联精密电子（郑州）,2023,废气-一般排放口合计,一般排放口（合计）,,,,硝酸雾,吨,11,2023-11,0.0,0,
富联精密电子（郑州）,2023,废气-一般排放口合计,一般排放口（合计）,,,,硝酸雾,吨,12,2023-12,0.0,0,
富联精密电子（郑州）,2023,废气-一般排放口合计,一般排放口（合计）,,,,油雾,吨,1,2023-01,5.15,5.15,
富联精密电子（郑州）,2023,废气-一般排放口合计,一般排放口（合计）,,,,油雾,吨,2,2023-02,4.65,4.65,
富联精密电子（郑州）,2023,废气-一般排放口合计,一般排放口（合计）,,,,油雾,吨,3,2023-03,5.15,5.15,
富联精密电子（郑州）,2023,废气-一般排放口合计,一般排放口（合计）,,,,油雾,吨,4,2023-04,4.98,4.98,
富联精密电子（郑州）,2023,废气-一般排放口合计,一般排放口（合计）,,,,油雾,吨,5,2023-05,5.15,5.15,
富联精密电子（郑州）,2023,废气-一般排放口合计,一般排放口（合计）,,,,油雾,吨,6,2023-06,4.98,4.98,
富联精密电子（郑州）,2023,废气-一般排放口合计,一般排放口（合计）,,,,油雾,吨,7,2023-07,0.38,0.38,
富联精密电子（郑州）,2023,废气-一般排放口合计,一般排放口（合计）,,,,油雾,吨,8,2023-08,0.38,0.38,
富联精密电子（郑州）,2023,废气-一般排放口合计,一般排放口（合计）,,,,油雾,吨,9,2023-09,0.38,0.38,
富联精密电子（郑州）,2023,废气-一般排放口合计,一般排放口（合计）,,,,油雾,吨,10,2023-10,0.35,0.35,
富联精密电子（郑州）,2023,废气-一般排放口合计,一般排放口（合计）,,,,油雾,吨,11,2023-11,0.37,0.37,
富联精密电子（郑州）,2023,废气-一般排放口合计,一般排放口（合计）,,,,油雾,吨,12,2023-12,0.38,0.38,
富联精密电子（郑州）,2023,废气-一般排放口合计,一般排放口（合计）,,,,颗粒物,吨,1,2023-01,0.46,0.46,
富联精密电子（郑州）,2023,废气-一般排放口合计,一般排放口（合计）,,,,颗粒物,吨,2,2023-02,0.42,0.42,
富联精密电子（郑州）,2023,废气-一般排放口合计,一般排放口（合计）,,,,颗粒物,吨,3,2023-03,0.46,0.46,
富联精密电子（郑州）,2023,废气-一般排放口合计,一般排放口（合计）,,,,颗粒物,吨,4,2023-04,0.45,0.45,
富联精密电子（郑州）,2023,废气-一般排放口合计,一般排放口（合计）,,,,颗粒物,吨,5,2023-05,0.46,0.46,
富联精密电子（郑州）,2023,废气-一般排放口合计,一般排放口（合计）,,,,颗粒物,吨,6,2023-06,0.45,0.45,
富联精密电子（郑州）,2023,废气-一般排放口合计,一般排放口（合计）,,,,颗粒物,吨,7,2023-07,0.44,0.44,
富联精密电子（郑州）,2023,废气-一般排放口合计,一般排放口（合计）,,,,颗粒物,吨,8,2023-08,0.44,0.44,
富联精密电子（郑州）,2023,废气-一般排放口合计,一般排放口（合计）,,,,颗粒物,吨,9,2023-09,0.44,0.44,
富联精密电子（郑州）,2023,废气-一般排放口合计,一般排放口（合计）,,,,颗粒物,吨,10,2023-10,0.4,0.4,
富联精密电子（郑州）,2023,废气-一般排放口合计,一般排放口（合计）,,,,颗粒物,吨,11,2023-11,0.43,0.43,
富联精密电子（郑州）,2023,废气-一般排放口合计,一般排放口（合计）,,,,颗粒物,吨,12,2023-12,0.44,0.44,
富联精密电子（郑州）,2023,废气-一般排放口合计,一般排放口（合计）,,,,非甲烷总烃,吨,1,2023-01,0.14,0.14,
富联精密电子（郑州）,2023,废气-一般排放口合计,一般排放口（合计）,,,,非甲烷总烃,吨,2,2023-02,0.12,0.12,
富联精密电子（郑州）,2023,废气-一般排放口合计,一般排放口（合计）,,,,非甲烷总烃,吨,3,2023-03,0.14,0.14,
富联精密电子（郑州）,2023,废气-一般排放口合计,一般排放口（合计）,,,,非甲烷总烃,吨,4,2023-04,0.13,0.13,
富联精密电子（郑州）,2023,废气-一般排放口合计,一般排放口（合计）,,,,非甲烷总烃,吨,5,2023-05,0.14,0.14,
富联精密电子（郑州）,2023,废气-一般排放口合计,一般排放口（合计）,,,,非甲烷总烃,吨,6,2023-06,0.13,0.13,
富联精密电子（郑州）,2023,废气-一般排放口合计,一般排放口（合计）,,,,非甲烷总烃,吨,7,2023-07,3.26,3.26,
富联精密电子（郑州）,2023,废气-一般排放口合计,一般排放口（合计）,,,,非甲烷总烃,吨,8,2023-08,3.26,3.26,
富联精密电子（郑州）,2023,废气-一般排放口合计,一般排放口（合计）,,,,非甲烷总烃,吨,9,2023-09,3.26,3.26,
富联精密电子（郑州）,2023,废气-一般排放口合计,一般排放口（合计）,,,,非甲烷总烃,吨,10,2023-10,2.94,2.94,
富联精密电子（郑州）,2023,废气-一般排放口合计,一般排放口（合计）,,,,非甲烷总烃,吨,11,2023-11,3.15,3.15,
富联精密电子（郑州）,2023,废气-一般排放口合计,一般排放口（合计）,,,,非甲烷总烃,吨,12,2023-12,3.26,3.26,
富联精密电子（郑州）,2023,废气-全厂合计,全厂合计,,,,NOx,吨,1,2023-01,0.0,0,
富联精密电子（郑州）,2023,废气-全厂合计,全厂合计,,,,NOx,吨,2,2023-02,0.0,0,
富联精密电子（郑州）,2023,废气-全厂合计,全厂合计,,,,NOx,吨,3,2023-03,0.0,0,
富联精密电子（郑州）,2023,废气-全厂合计,全厂合计,,,,NOx,吨,4,2023-04,0.0,0,
富联精密电子（郑州）,2023,废气-全厂合计,全厂合计,,,,NOx,吨,5,2023-05,0.0,0,
富联精密电子（郑州）,2023,废气-全厂合计,全厂合计,,,,NOx,吨,6,2023-06,0.0,0,
富联精密电子（郑州）,2023,废气-全厂合计,全厂合计,,,,NOx,吨,7,2023-07,0.0,0,
富联精密电子（郑州）,2023,废气-全厂合计,全厂合计,,,,NOx,吨,8,2023-08,0.0,0,
富联精密电子（郑州）,2023,废气-全厂合计,全厂合计,,,,NOx,吨,9,2023-09,0.0,0,
富联精密电子（郑州）,2023,废气-全厂合计,全厂合计,,,,NOx,吨,10,2023-10,0.0,0,
富联精密电子（郑州）,2023,废气-全厂合计,全厂合计,,,,NOx,吨,11,2023-11,0.0,0,
富联精密电子（郑州）,2023,废气-全厂合计,全厂合计,,,,NOx,吨,12,2023-12,0.0,0,
富联精密电子（郑州）,2023,废气-全厂合计,全厂合计,,,,SO2,吨,1,2023-01,0.0,0,
富联精密电子（郑州）,2023,废气-全厂合计,全厂合计,,,,SO2,吨,2,2023-02,0.0,0,
富联精密电子（郑州）,2023,废气-全厂合计,全厂合计,,,,SO2,吨,3,2023-03,0.0,0,
富联精密电子（郑州）,2023,废气-全厂合计,全厂合计,,,,SO2,吨,4,2023-04,0.0,0,
富联精密电子（郑州）,2023,废气-全厂合计,全厂合计,,,,SO2,吨,5,2023-05,0.0,0,
富联精密电子（郑州）,2023,废气-全厂合计,全厂合计,,,,SO2,吨,6,2023-06,0.0,0,
富联精密电子（郑州）,2023,废气-全厂合计,全厂合计,,,,SO2,吨,7,2023-07,0.0,0,
富联精密电子（郑州）,2023,废气-全厂合计,全厂合计,,,,SO2,吨,8,2023-08,0.0,0,
富联精密电子（郑州）,2023,废气-全厂合计,全厂合计,,,,SO2,吨,9,2023-09,0.0,0,
富联精密电子（郑州）,2023,废气-全厂合计,全厂合计,,,,SO2,吨,10,2023-10,0.0,0,
富联精密电子（郑州）,2023,废气-全厂合计,全厂合计,,,,SO2,吨,11,2023-11,,/,
富联精密电子（郑州）,2023,废气-全厂合计,全厂合计,,,,SO2,吨,12,2023-12,0.0,0,
富联精密电子（郑州）,2023,废气-全厂合计,全厂合计,,,,颗粒物,吨,1,2023-01,1.42,1.42,
富联精密电子（郑州）,2023,废气-全厂合计,全厂合计,,,,颗粒物,吨,2,2023-02,1.38,1.38,
富联精密电子（郑州）,2023,废气-全厂合计,全厂合计,,,,颗粒物,吨,3,2023-03,1.42,1.42,
富联精密电子（郑州）,2023,废气-全厂合计,全厂合计,,,,颗粒物,吨,4,2023-04,1.38,1.38,
富联精密电子（郑州）,2023,废气-全厂合计,全厂合计,,,,颗粒物,吨,5,2023-05,1.39,1.39,
富联精密电子（郑州）,2023,废气-全厂合计,全厂合计,,,,颗粒物,吨,6,2023-06,1.38,1.38,
富联精密电子（郑州）,2023,废气-全厂合计,全厂合计,,,,颗粒物,吨,7,2023-07,1.62,1.62,
富联精密电子（郑州）,2023,废气-全厂合计,全厂合计,,,,颗粒物,吨,8,2023-08,1.62,1.62,
富联精密电子（郑州）,2023,废气-全厂合计,全厂合计,,,,颗粒物,吨,9,2023-09,1.62,1.62,
富联精密电子（郑州）,2023,废气-全厂合计,全厂合计,,,,颗粒物,吨,10,2023-10,1.46,1.46,
富联精密电子（郑州）,2023,废气-全厂合计,全厂合计,,,,颗粒物,吨,11,2023-11,1.57,1.57,
富联精密电子（郑州）,2023,废气-全厂合计,全厂合计,,,,颗粒物,吨,12,2023-12,1.62,1.62,
富联精密电子（郑州）,2023,废气-全厂合计,全厂合计,,,,VOCs,吨,1,2023-01,0.0,0,
富联精密电子（郑州）,2023,废气-全厂合计,全厂合计,,,,VOCs,吨,2,2023-02,0.0,0,
富联精密电子（郑州）,2023,废气-全厂合计,全厂合计,,,,VOCs,吨,3,2023-03,0.14,0.14,
富联精密电子（郑州）,2023,废气-全厂合计,全厂合计,,,,VOCs,吨,4,2023-04,0.13,0.13,
富联精密电子（郑州）,2023,废气-全厂合计,全厂合计,,,,VOCs,吨,5,2023-05,0.14,0.14,
富联精密电子（郑州）,2023,废气-全厂合计,全厂合计,,,,VOCs,吨,6,2023-06,0.13,0.13,
富联精密电子（郑州）,2023,废气-全厂合计,全厂合计,,,,VOCs,吨,7,2023-07,3.26,3.26,
富联精密电子（郑州）,2023,废气-全厂合计,全厂合计,,,,VOCs,吨,8,2023-08,3.26,3.26,
富联精密电子（郑州）,2023,废气-全厂合计,全厂合计,,,,VOCs,吨,9,2023-09,3.26,3.26,
富联精密电子（郑州）,2023,废气-全厂合计,全厂合计,,,,VOCs,吨,10,2023-10,2.94,2.94,
富联精密电子（郑州）,2023,废气-全厂合计,全厂合计,,,,VOCs,吨,11,2023-11,3.15,3.15,
富联精密电子（郑州）,2023,废气-全厂合计,全厂合计,,,,VOCs,吨,12,2023-12,3.26,3.26,
富联精密电子（郑州）,2023,废水-主要排放口,主要排放口,间接排放口,DW001,生产废水排放口DW035,pH值,无量纲,1,2023-01,7.67,7.67,
富联精密电子（郑州）,2023,废水-主要排放口,主要排放口,间接排放口,DW001,生产废水排放口DW035,pH值,无量纲,2,2023-02,7.36,7.36,
富联精密电子（郑州）,2023,废水-主要排放口,主要排放口,间接排放口,DW001,生产废水排放口DW035,pH值,无量纲,3,2023-03,7.17,7.17,
富联精密电子（郑州）,2023,废水-主要排放口,主要排放口,间接排放口,DW001,生产废水排放口DW035,pH值,无量纲,4,2023-04,7.04,7.04,
富联精密电子（郑州）,2023,废水-主要排放口,主要排放口,间接排放口,DW001,生产废水排放口DW035,pH值,无量纲,5,2023-05,6.87,6.87,
富联精密电子（郑州）,2023,废水-主要排放口,主要排放口,间接排放口,DW001,生产废水排放口DW035,pH值,无量纲,6,2023-06,6.64,6.64,
富联精密电子（郑州）,2023,废水-主要排放口,主要排放口,间接排放口,DW001,生产废水排放口DW035,pH值,无量纲,7,2023-07,6.6,6.6,
富联精密电子（郑州）,2023,废水-主要排放口,主要排放口,间接排放口,DW001,生产废水排放口DW035,pH值,无量纲,8,2023-08,6.65,6.65,
富联精密电子（郑州）,2023,废水-主要排放口,主要排放口,间接排放口,DW001,生产废水排放口DW035,pH值,无量纲,9,2023-09,6.62,6.62,
富联精密电子（郑州）,2023,废水-主要排放口,主要排放口,间接排放口,DW001,生产废水排放口DW035,pH值,无量纲,10,2023-10,6.53,6.53,
富联精密电子（郑州）,2023,废水-主要排放口,主要排放口,间接排放口,DW001,生产废水排放口DW035,pH值,无量纲,11,2023-11,6.69,6.69,
富联精密电子（郑州）,2023,废水-主要排放口,主要排放口,间接排放口,DW001,生产废水排放口DW035,pH值,无量纲,12,2023-12,6.82,6.82,
富联精密电子（郑州）,2023,废水-主要排放口,主要排放口,间接排放口,DW001,生产废水排放口DW035,悬浮物,吨,1,2023-01,0.0,0,
富联精密电子（郑州）,2023,废水-主要排放口,主要排放口,间接排放口,DW001,生产废水排放口DW035,悬浮物,吨,2,2023-02,0.0,0,
富联精密电子（郑州）,2023,废水-主要排放口,主要排放口,间接排放口,DW001,生产废水排放口DW035,悬浮物,吨,3,2023-03,0.0,0,
富联精密电子（郑州）,2023,废水-主要排放口,主要排放口,间接排放口,DW001,生产废水排放口DW035,悬浮物,吨,4,2023-04,0.0,0,
富联精密电子（郑州）,2023,废水-主要排放口,主要排放口,间接排放口,DW001,生产废水排放口DW035,悬浮物,吨,5,2023-05,0.0,0,
富联精密电子（郑州）,2023,废水-主要排放口,主要排放口,间接排放口,DW001,生产废水排放口DW035,悬浮物,吨,6,2023-06,0.0,0,
富联精密电子（郑州）,2023,废水-主要排放口,主要排放口,间接排放口,DW001,生产废水排放口DW035,悬浮物,吨,7,2023-07,0.0,0,
富联精密电子（郑州）,2023,废水-主要排放口,主要排放口,间接排放口,DW001,生产废水排放口DW035,悬浮物,吨,8,2023-08,0.0,0,
富联精密电子（郑州）,2023,废水-主要排放口,主要排放口,间接排放口,DW001,生产废水排放口DW035,悬浮物,吨,9,2023-09,0.0,0,
富联精密电子（郑州）,2023,废水-主要排放口,主要排放口,间接排放口,DW001,生产废水排放口DW035,悬浮物,吨,10,2023-10,0.0,0,
富联精密电子（郑州）,2023,废水-主要排放口,主要排放口,间接排放口,DW001,生产废水排放口DW035,悬浮物,吨,11,2023-11,0.0,0,
富联精密电子（郑州）,2023,废水-主要排放口,主要排放口,间接排放口,DW001,生产废水排放口DW035,悬浮物,吨,12,2023-12,0.96,0.96,
富联精密电子（郑州）,2023,废水-主要排放口,主要排放口,间接排放口,DW001,生产废水排放口DW035,五日生化需氧量,吨,1,2023-01,0.62,0.62,
富联精密电子（郑州）,2023,废水-主要排放口,主要排放口,间接排放口,DW001,生产废水排放口DW035,五日生化需氧量,吨,2,2023-02,0.46,0.46,
富联精密电子（郑州）,2023,废水-主要排放口,主要排放口,间接排放口,DW001,生产废水排放口DW035,五日生化需氧量,吨,3,2023-03,4.63,4.63,
富联精密电子（郑州）,2023,废水-主要排放口,主要排放口,间接排放口,DW001,生产废水排放口DW035,五日生化需氧量,吨,4,2023-04,2.67,2.67,
富联精密电子（郑州）,2023,废水-主要排放口,主要排放口,间接排放口,DW001,生产废水排放口DW035,五日生化需氧量,吨,5,2023-05,0.2,0.2,
富联精密电子（郑州）,2023,废水-主要排放口,主要排放口,间接排放口,DW001,生产废水排放口DW035,五日生化需氧量,吨,6,2023-06,0.0,0,
富联精密电子（郑州）,2023,废水-主要排放口,主要排放口,间接排放口,DW001,生产废水排放口DW035,五日生化需氧量,吨,7,2023-07,0.33,0.33,
富联精密电子（郑州）,2023,废水-主要排放口,主要排放口,间接排放口,DW001,生产废水排放口DW035,五日生化需氧量,吨,8,2023-08,0.43,0.43,
富联精密电子（郑州）,2023,废水-主要排放口,主要排放口,间接排放口,DW001,生产废水排放口DW035,五日生化需氧量,吨,9,2023-09,0.41,0.41,
富联精密电子（郑州）,2023,废水-主要排放口,主要排放口,间接排放口,DW001,生产废水排放口DW035,五日生化需氧量,吨,10,2023-10,0.4,0.4,
富联精密电子（郑州）,2023,废水-主要排放口,主要排放口,间接排放口,DW001,生产废水排放口DW035,五日生化需氧量,吨,11,2023-11,1.48,1.48,
富联精密电子（郑州）,2023,废水-主要排放口,主要排放口,间接排放口,DW001,生产废水排放口DW035,五日生化需氧量,吨,12,2023-12,0.62,0.62,
富联精密电子（郑州）,2023,废水-主要排放口,主要排放口,间接排放口,DW001,生产废水排放口DW035,化学需氧量,吨,1,2023-01,5.305,5.305,
富联精密电子（郑州）,2023,废水-主要排放口,主要排放口,间接排放口,DW001,生产废水排放口DW035,化学需氧量,吨,2,2023-02,5.57,5.57,
富联精密电子（郑州）,2023,废水-主要排放口,主要排放口,间接排放口,DW001,生产废水排放口DW035,化学需氧量,吨,3,2023-03,4.61,4.61,
富联精密电子（郑州）,2023,废水-主要排放口,主要排放口,间接排放口,DW001,生产废水排放口DW035,化学需氧量,吨,4,2023-04,3.641,3.641,
富联精密电子（郑州）,2023,废水-主要排放口,主要排放口,间接排放口,DW001,生产废水排放口DW035,化学需氧量,吨,5,2023-05,3.872,3.872,
富联精密电子（郑州）,2023,废水-主要排放口,主要排放口,间接排放口,DW001,生产废水排放口DW035,化学需氧量,吨,6,2023-06,2.859,2.859,
富联精密电子（郑州）,2023,废水-主要排放口,主要排放口,间接排放口,DW001,生产废水排放口DW035,化学需氧量,吨,7,2023-07,5.833,5.833,
富联精密电子（郑州）,2023,废水-主要排放口,主要排放口,间接排放口,DW001,生产废水排放口DW035,化学需氧量,吨,8,2023-08,7.4,7.4,
富联精密电子（郑州）,2023,废水-主要排放口,主要排放口,间接排放口,DW001,生产废水排放口DW035,化学需氧量,吨,9,2023-09,8.016,8.016,
富联精密电子（郑州）,2023,废水-主要排放口,主要排放口,间接排放口,DW001,生产废水排放口DW035,化学需氧量,吨,10,2023-10,8.128,8.128,
富联精密电子（郑州）,2023,废水-主要排放口,主要排放口,间接排放口,DW001,生产废水排放口DW035,化学需氧量,吨,11,2023-11,6.982,6.982,
富联精密电子（郑州）,2023,废水-主要排放口,主要排放口,间接排放口,DW001,生产废水排放口DW035,化学需氧量,吨,12,2023-12,6.123,6.123,
富联精密电子（郑州）,2023,废水-主要排放口,主要排放口,间接排放口,DW001,生产废水排放口DW035,阴离子表面活性剂,吨,1,2023-01,0.0,0,
富联精密电子（郑州）,2023,废水-主要排放口,主要排放口,间接排放口,DW001,生产废水排放口DW035,阴离子表面活性剂,吨,2,2023-02,0.0,0,
富联精密电子（郑州）,2023,废水-主要排放口,主要排放口,间接排放口,DW001,生产废水排放口DW035,阴离子表面活性剂,吨,3,2023-03,0.0,0,
富联精密电子（郑州）,2023,废水-主要排放口,主要排放口,间接排放口,DW001,生产废水排放口DW035,阴离子表面活性剂,吨,4,2023-04,0.0,0,
富联精密电子（郑州）,2023,废水-主要排放口,主要排放口,间接排放口,DW001,生产废水排放口DW035,阴离子表面活性剂,吨,5,2023-05,0.0,0,
富联精密电子（郑州）,2023,废水-主要排放口,主要排放口,间接排放口,DW001,生产废水排放口DW035,阴离子表面活性剂,吨,6,2023-06,0.0,0,
富联精密电子（郑州）,2023,废水-主要排放口,主要排放口,间接排放口,DW001,生产废水排放口DW035,阴离子表面活性剂,吨,7,2023-07,0.0,0,
富联精密电子（郑州）,2023,废水-主要排放口,主要排放口,间接排放口,DW001,生产废水排放口DW035,阴离子表面活性剂,吨,8,2023-08,0.0,0,
富联精密电子（郑州）,2023,废水-主要排放口,主要排放口,间接排放口,DW001,生产废水排放口DW035,阴离子表面活性剂,吨,9,2023-09,0.0,0,
富联精密电子（郑州）,2023,废水-主要排放口,主要排放口,间接排放口,DW001,生产废水排放口DW035,阴离子表面活性剂,吨,10,2023-10,0.0,0,
富联精密电子（郑州）,2023,废水-主要排放口,主要排放口,间接排放口,DW001,生产废水排放口DW035,阴离子表面活性剂,吨,11,2023-11,0.0,0,
富联精密电子（郑州）,2023,废水-主要排放口,主要排放口,间接排放口,DW001,生产废水排放口DW035,阴离子表面活性剂,吨,12,2023-12,,/,
富联精密电子（郑州）,2023,废水-主要排放口,主要排放口,间接排放口,DW001,生产废水排放口DW035,总氮（以N计）,吨,1,2023-01,0.521,0.521,
富联精密电子（郑州）,2023,废水-主要排放口,主要排放口,间接排放口,DW001,生产废水排放口DW035,总氮（以N计）,吨,2,2023-02,0.484,0.484,
富联精密电子（郑州）,2023,废水-主要排放口,主要排放口,间接排放口,DW001,生产废水排放口DW035,总氮（以N计）,吨,3,2023-03,1.632,1.632,
富联精密电子（郑州）,2023,废水-主要排放口,主要排放口,间接排放口,DW001,生产废水排放口DW035,总氮（以N计）,吨,4,2023-04,2.319,2.319,
富联精密电子（郑州）,2023,废水-主要排放口,主要排放口,间接排放口,DW001,生产废水排放口DW035,总氮（以N计）,吨,5,2023-05,1.872,1.872,
富联精密电子（郑州）,2023,废水-主要排放口,主要排放口,间接排放口,DW001,生产废水排放口DW035,总氮（以N计）,吨,6,2023-06,1.651,1.651,
富联精密电子（郑州）,2023,废水-主要排放口,主要排放口,间接排放口,DW001,生产废水排放口DW035,总氮（以N计）,吨,7,2023-07,0.021,0.021,
富联精密电子（郑州）,2023,废水-主要排放口,主要排放口,间接排放口,DW001,生产废水排放口DW035,总氮（以N计）,吨,8,2023-08,0.577,0.577,
富联精密电子（郑州）,2023,废水-主要排放口,主要排放口,间接排放口,DW001,生产废水排放口DW035,总氮（以N计）,吨,9,2023-09,0.613,0.613,
富联精密电子（郑州）,2023,废水-主要排放口,主要排放口,间接排放口,DW001,生产废水排放口DW035,总氮（以N计）,吨,10,2023-10,2.374,2.374,
富联精密电子（郑州）,2023,废水-主要排放口,主要排放口,间接排放口,DW001,生产废水排放口DW035,总氮（以N计）,吨,11,2023-11,2.131,2.131,
富联精密电子（郑州）,2023,废水-主要排放口,主要排放口,间接排放口,DW001,生产废水排放口DW035,总氮（以N计）,吨,12,2023-12,1.822,1.822,
富联精密电子（郑州）,2023,废水-主要排放口,主要排放口,间接排放口,DW001,生产废水排放口DW035,氨氮（NH3-N）,吨,1,2023-01,0.02,0.02,
富联精密电子（郑州）,2023,废水-主要排放口,主要排放口,间接排放口,DW001,生产废水排放口DW035,氨氮（NH3-N）,吨,2,2023-02,0.045,0.045,
富联精密电子（郑州）,2023,废水-主要排放口,主要排放口,间接排放口,DW001,生产废水排放口DW035,氨氮（NH3-N）,吨,3,2023-03,0.094,0.094,
富联精密电子（郑州）,2023,废水-主要排放口,主要排放口,间接排放口,DW001,生产废水排放口DW035,氨氮（NH3-N）,吨,4,2023-04,0.052,0.052,
富联精密电子（郑州）,2023,废水-主要排放口,主要排放口,间接排放口,DW001,生产废水排放口DW035,氨氮（NH3-N）,吨,5,2023-05,0.058,0.058,
富联精密电子（郑州）,2023,废水-主要排放口,主要排放口,间接排放口,DW001,生产废水排放口DW035,氨氮（NH3-N）,吨,6,2023-06,0.076,0.076,
富联精密电子（郑州）,2023,废水-主要排放口,主要排放口,间接排放口,DW001,生产废水排放口DW035,氨氮（NH3-N）,吨,7,2023-07,0.036,0.036,
富联精密电子（郑州）,2023,废水-主要排放口,主要排放口,间接排放口,DW001,生产废水排放口DW035,氨氮（NH3-N）,吨,8,2023-08,0.126,0.126,
富联精密电子（郑州）,2023,废水-主要排放口,主要排放口,间接排放口,DW001,生产废水排放口DW035,氨氮（NH3-N）,吨,9,2023-09,0.099,0.099,
富联精密电子（郑州）,2023,废水-主要排放口,主要排放口,间接排放口,DW001,生产废水排放口DW035,氨氮（NH3-N）,吨,10,2023-10,0.097,0.097,
富联精密电子（郑州）,2023,废水-主要排放口,主要排放口,间接排放口,DW001,生产废水排放口DW035,氨氮（NH3-N）,吨,11,2023-11,0.066,0.066,
富联精密电子（郑州）,2023,废水-主要排放口,主要排放口,间接排放口,DW001,生产废水排放口DW035,氨氮（NH3-N）,吨,12,2023-12,0.064,0.064,
富联精密电子（郑州）,2023,废水-主要排放口,主要排放口,间接排放口,DW001,生产废水排放口DW035,总磷（以P计）,吨,1,2023-01,0.02,0.02,
富联精密电子（郑州）,2023,废水-主要排放口,主要排放口,间接排放口,DW001,生产废水排放口DW035,总磷（以P计）,吨,2,2023-02,0.017,0.017,
富联精密电子（郑州）,2023,废水-主要排放口,主要排放口,间接排放口,DW001,生产废水排放口DW035,总磷（以P计）,吨,3,2023-03,0.018,0.018,
富联精密电子（郑州）,2023,废水-主要排放口,主要排放口,间接排放口,DW001,生产废水排放口DW035,总磷（以P计）,吨,4,2023-04,0.016,0.016,
富联精密电子（郑州）,2023,废水-主要排放口,主要排放口,间接排放口,DW001,生产废水排放口DW035,总磷（以P计）,吨,5,2023-05,0.025,0.025,
富联精密电子（郑州）,2023,废水-主要排放口,主要排放口,间接排放口,DW001,生产废水排放口DW035,总磷（以P计）,吨,6,2023-06,0.019,0.019,
富联精密电子（郑州）,2023,废水-主要排放口,主要排放口,间接排放口,DW001,生产废水排放口DW035,总磷（以P计）,吨,7,2023-07,0.021,0.021,
富联精密电子（郑州）,2023,废水-主要排放口,主要排放口,间接排放口,DW001,生产废水排放口DW035,总磷（以P计）,吨,8,2023-08,0.041,0.041,
富联精密电子（郑州）,2023,废水-主要排放口,主要排放口,间接排放口,DW001,生产废水排放口DW035,总磷（以P计）,吨,9,2023-09,0.045,0.045,
富联精密电子（郑州）,2023,废水-主要排放口,主要排放口,间接排放口,DW001,生产废水排放口DW035,总磷（以P计）,吨,10,2023-10,0.044,0.044,
富联精密电子（郑州）,2023,废水-主要排放口,主要排放口,间接排放口,DW001,生产废水排放口DW035,总磷（以P计）,吨,11,2023-11,0.035,0.035,
富联精密电子（郑州）,2023,废水-主要排放口,主要排放口,间接排放口,DW001,生产废水排放口DW035,总磷（以P计）,吨,12,2023-12,0.026,0.026,
富联精密电子（郑州）,2023,废水-主要排放口,主要排放口,间接排放口,DW001,生产废水排放口DW035,石油类,吨,1,2023-01,0.01,0.01,
富联精密电子（郑州）,2023,废水-主要排放口,主要排放口,间接排放口,DW001,生产废水排放口DW035,石油类,吨,2,2023-02,,/,
富联精密电子（郑州）,2023,废水-主要排放口,主要排放口,间接排放口,DW001,生产废水排放口DW035,石油类,吨,3,2023-03,0.15,0.15,
富联精密电子（郑州）,2023,废水-主要排放口,主要排放口,间接排放口,DW001,生产废水排放口DW035,石油类,吨,4,2023-04,0.0,0,
富联精密电子（郑州）,2023,废水-主要排放口,主要排放口,间接排放口,DW001,生产废水排放口DW035,石油类,吨,5,2023-05,0.23,0.23,
富联精密电子（郑州）,2023,废水-主要排放口,主要排放口,间接排放口,DW001,生产废水排放口DW035,石油类,吨,6,2023-06,0.0,0,
富联精密电子（郑州）,2023,废水-主要排放口,主要排放口,间接排放口,DW001,生产废水排放口DW035,石油类,吨,7,2023-07,0.02,0.02,
富联精密电子（郑州）,2023,废水-主要排放口,主要排放口,间接排放口,DW001,生产废水排放口DW035,石油类,吨,8,2023-08,0.11,0.11,
富联精密电子（郑州）,2023,废水-主要排放口,主要排放口,间接排放口,DW001,生产废水排放口DW035,石油类,吨,9,2023-09,0.05,0.05,
富联精密电子（郑州）,2023,废水-主要排放口,主要排放口,间接排放口,DW001,生产废水排放口DW035,石油类,吨,10,2023-10,0.22,0.22,
富联精密电子（郑州）,2023,废水-主要排放口,主要排放口,间接排放口,DW001,生产废水排放口DW035,石油类,吨,11,2023-11,0.05,0.05,
富联精密电子（郑州）,2023,废水-主要排放口,主要排放口,间接排放口,DW001,生产废水排放口DW035,石油类,吨,12,2023-12,0.42,0.42,
富联精密电子（郑州）,2023,废水-主要排放口,主要排放口,间接排放口,DW001,生产废水排放口DW035,流量,吨或m³（报告未注明）,1,2023-01,0.0,0,
富联精密电子（郑州）,2023,废水-主要排放口,主要排放口,间接排放口,DW001,生产废水排放口DW035,流量,吨或m³（报告未注明）,2,2023-02,0.0,0,
富联精密电子（郑州）,2023,废水-主要排放口,主要排放口,间接排放口,DW001,生产废水排放口DW035,流量,吨或m³（报告未注明）,3,2023-03,0.0,0,
富联精密电子（郑州）,2023,废水-主要排放口,主要排放口,间接排放口,DW001,生产废水排放口DW035,流量,吨或m³（报告未注明）,4,2023-04,0.0,0,
富联精密电子（郑州）,2023,废水-主要排放口,主要排放口,间接排放口,DW001,生产废水排放口DW035,流量,吨或m³（报告未注明）,5,2023-05,0.0,0,
富联精密电子（郑州）,2023,废水-主要排放口,主要排放口,间接排放口,DW001,生产废水排放口DW035,流量,吨或m³（报告未注明）,6,2023-06,0.0,0,
富联精密电子（郑州）,2023,废水-主要排放口,主要排放口,间接排放口,DW001,生产废水排放口DW035,流量,吨或m³（报告未注明）,7,2023-07,0.0,0,
富联精密电子（郑州）,2023,废水-主要排放口,主要排放口,间接排放口,DW001,生产废水排放口DW035,流量,吨或m³（报告未注明）,8,2023-08,0.0,0,
富联精密电子（郑州）,2023,废水-主要排放口,主要排放口,间接排放口,DW001,生产废水排放口DW035,流量,吨或m³（报告未注明）,9,2023-09,0.0,0,
富联精密电子（郑州）,2023,废水-主要排放口,主要排放口,间接排放口,DW001,生产废水排放口DW035,流量,吨或m³（报告未注明）,10,2023-10,0.0,0,
富联精密电子（郑州）,2023,废水-主要排放口,主要排放口,间接排放口,DW001,生产废水排放口DW035,流量,吨或m³（报告未注明）,11,2023-11,0.0,0,
富联精密电子（郑州）,2023,废水-主要排放口,主要排放口,间接排放口,DW001,生产废水排放口DW035,流量,吨或m³（报告未注明）,12,2023-12,152047.0,152047,
富联精密电子（郑州）,2023,废水-主要排放口,主要排放口,间接排放口,DW001,生产废水排放口DW035,总铝,吨,1,2023-01,0.0,0,
富联精密电子（郑州）,2023,废水-主要排放口,主要排放口,间接排放口,DW001,生产废水排放口DW035,总铝,吨,2,2023-02,0.0,0,
富联精密电子（郑州）,2023,废水-主要排放口,主要排放口,间接排放口,DW001,生产废水排放口DW035,总铝,吨,3,2023-03,0.0,0,
富联精密电子（郑州）,2023,废水-主要排放口,主要排放口,间接排放口,DW001,生产废水排放口DW035,总铝,吨,4,2023-04,0.0,0,
富联精密电子（郑州）,2023,废水-主要排放口,主要排放口,间接排放口,DW001,生产废水排放口DW035,总铝,吨,5,2023-05,0.0,0,
富联精密电子（郑州）,2023,废水-主要排放口,主要排放口,间接排放口,DW001,生产废水排放口DW035,总铝,吨,6,2023-06,0.0,0,
富联精密电子（郑州）,2023,废水-主要排放口,主要排放口,间接排放口,DW001,生产废水排放口DW035,总铝,吨,7,2023-07,0.0,0,
富联精密电子（郑州）,2023,废水-主要排放口,主要排放口,间接排放口,DW001,生产废水排放口DW035,总铝,吨,8,2023-08,0.0,0,
富联精密电子（郑州）,2023,废水-主要排放口,主要排放口,间接排放口,DW001,生产废水排放口DW035,总铝,吨,9,2023-09,0.0,0,
富联精密电子（郑州）,2023,废水-主要排放口,主要排放口,间接排放口,DW001,生产废水排放口DW035,总铝,吨,10,2023-10,0.0,0,
富联精密电子（郑州）,2023,废水-主要排放口,主要排放口,间接排放口,DW001,生产废水排放口DW035,总铝,吨,11,2023-11,0.0,0,
富联精密电子（郑州）,2023,废水-主要排放口,主要排放口,间接排放口,DW001,生产废水排放口DW035,总铝,吨,12,2023-12,0.007,0.007,
富联精密电子（郑州）,2023,废水-全厂合计,全厂合计,间接排放口,,,pH值,无量纲,1,2023-01,7.67,7.67,
富联精密电子（郑州）,2023,废水-全厂合计,全厂合计,间接排放口,,,pH值,无量纲,2,2023-02,7.36,7.36,
富联精密电子（郑州）,2023,废水-全厂合计,全厂合计,间接排放口,,,pH值,无量纲,3,2023-03,7.17,7.17,
富联精密电子（郑州）,2023,废水-全厂合计,全厂合计,间接排放口,,,pH值,无量纲,4,2023-04,7.04,7.04,
富联精密电子（郑州）,2023,废水-全厂合计,全厂合计,间接排放口,,,pH值,无量纲,5,2023-05,6.87,6.87,
富联精密电子（郑州）,2023,废水-全厂合计,全厂合计,间接排放口,,,pH值,无量纲,6,2023-06,6.64,6.64,
富联精密电子（郑州）,2023,废水-全厂合计,全厂合计,间接排放口,,,pH值,无量纲,7,2023-07,6.6,6.6,
富联精密电子（郑州）,2023,废水-全厂合计,全厂合计,间接排放口,,,pH值,无量纲,8,2023-08,6.65,6.65,
富联精密电子（郑州）,2023,废水-全厂合计,全厂合计,间接排放口,,,pH值,无量纲,9,2023-09,6.62,6.62,
富联精密电子（郑州）,2023,废水-全厂合计,全厂合计,间接排放口,,,pH值,无量纲,10,2023-10,6.53,6.53,
富联精密电子（郑州）,2023,废水-全厂合计,全厂合计,间接排放口,,,pH值,无量纲,11,2023-11,6.69,6.69,
富联精密电子（郑州）,2023,废水-全厂合计,全厂合计,间接排放口,,,pH值,无量纲,12,2023-12,6.82,6.82,
富联精密电子（郑州）,2023,废水-全厂合计,全厂合计,间接排放口,,,悬浮物,吨,1,2023-01,0.0,0,
富联精密电子（郑州）,2023,废水-全厂合计,全厂合计,间接排放口,,,悬浮物,吨,2,2023-02,0.0,0,
富联精密电子（郑州）,2023,废水-全厂合计,全厂合计,间接排放口,,,悬浮物,吨,3,2023-03,0.0,0,
富联精密电子（郑州）,2023,废水-全厂合计,全厂合计,间接排放口,,,悬浮物,吨,4,2023-04,0.0,0,
富联精密电子（郑州）,2023,废水-全厂合计,全厂合计,间接排放口,,,悬浮物,吨,5,2023-05,0.0,0,
富联精密电子（郑州）,2023,废水-全厂合计,全厂合计,间接排放口,,,悬浮物,吨,6,2023-06,0.0,0,
富联精密电子（郑州）,2023,废水-全厂合计,全厂合计,间接排放口,,,悬浮物,吨,7,2023-07,0.0,0,
富联精密电子（郑州）,2023,废水-全厂合计,全厂合计,间接排放口,,,悬浮物,吨,8,2023-08,0.0,0,
富联精密电子（郑州）,2023,废水-全厂合计,全厂合计,间接排放口,,,悬浮物,吨,9,2023-09,0.0,0,
富联精密电子（郑州）,2023,废水-全厂合计,全厂合计,间接排放口,,,悬浮物,吨,10,2023-10,0.0,0,
富联精密电子（郑州）,2023,废水-全厂合计,全厂合计,间接排放口,,,悬浮物,吨,11,2023-11,0.0,0,
富联精密电子（郑州）,2023,废水-全厂合计,全厂合计,间接排放口,,,悬浮物,吨,12,2023-12,0.96,0.96,
富联精密电子（郑州）,2023,废水-全厂合计,全厂合计,间接排放口,,,五日生化需氧量,吨,1,2023-01,0.62,0.62,
富联精密电子（郑州）,2023,废水-全厂合计,全厂合计,间接排放口,,,五日生化需氧量,吨,2,2023-02,0.46,0.46,
富联精密电子（郑州）,2023,废水-全厂合计,全厂合计,间接排放口,,,五日生化需氧量,吨,3,2023-03,4.63,4.63,
富联精密电子（郑州）,2023,废水-全厂合计,全厂合计,间接排放口,,,五日生化需氧量,吨,4,2023-04,2.67,2.67,
富联精密电子（郑州）,2023,废水-全厂合计,全厂合计,间接排放口,,,五日生化需氧量,吨,5,2023-05,0.2,0.2,
富联精密电子（郑州）,2023,废水-全厂合计,全厂合计,间接排放口,,,五日生化需氧量,吨,6,2023-06,0.0,0,
富联精密电子（郑州）,2023,废水-全厂合计,全厂合计,间接排放口,,,五日生化需氧量,吨,7,2023-07,0.33,0.33,
富联精密电子（郑州）,2023,废水-全厂合计,全厂合计,间接排放口,,,五日生化需氧量,吨,8,2023-08,0.43,0.43,
富联精密电子（郑州）,2023,废水-全厂合计,全厂合计,间接排放口,,,五日生化需氧量,吨,9,2023-09,0.41,0.41,
富联精密电子（郑州）,2023,废水-全厂合计,全厂合计,间接排放口,,,五日生化需氧量,吨,10,2023-10,0.4,0.4,
富联精密电子（郑州）,2023,废水-全厂合计,全厂合计,间接排放口,,,五日生化需氧量,吨,11,2023-11,1.48,1.48,
富联精密电子（郑州）,2023,废水-全厂合计,全厂合计,间接排放口,,,五日生化需氧量,吨,12,2023-12,0.62,0.62,
富联精密电子（郑州）,2023,废水-全厂合计,全厂合计,间接排放口,,,化学需氧量,吨,1,2023-01,5.305,5.305,
富联精密电子（郑州）,2023,废水-全厂合计,全厂合计,间接排放口,,,化学需氧量,吨,2,2023-02,5.57,5.57,
富联精密电子（郑州）,2023,废水-全厂合计,全厂合计,间接排放口,,,化学需氧量,吨,3,2023-03,4.61,4.61,
富联精密电子（郑州）,2023,废水-全厂合计,全厂合计,间接排放口,,,化学需氧量,吨,4,2023-04,3.641,3.641,
富联精密电子（郑州）,2023,废水-全厂合计,全厂合计,间接排放口,,,化学需氧量,吨,5,2023-05,3.872,3.872,
富联精密电子（郑州）,2023,废水-全厂合计,全厂合计,间接排放口,,,化学需氧量,吨,6,2023-06,2.859,2.859,
富联精密电子（郑州）,2023,废水-全厂合计,全厂合计,间接排放口,,,化学需氧量,吨,7,2023-07,5.833,5.833,
富联精密电子（郑州）,2023,废水-全厂合计,全厂合计,间接排放口,,,化学需氧量,吨,8,2023-08,7.4,7.4,
富联精密电子（郑州）,2023,废水-全厂合计,全厂合计,间接排放口,,,化学需氧量,吨,9,2023-09,8.016,8.016,
富联精密电子（郑州）,2023,废水-全厂合计,全厂合计,间接排放口,,,化学需氧量,吨,10,2023-10,8.128,8.128,
富联精密电子（郑州）,2023,废水-全厂合计,全厂合计,间接排放口,,,化学需氧量,吨,11,2023-11,6.982,6.982,
富联精密电子（郑州）,2023,废水-全厂合计,全厂合计,间接排放口,,,化学需氧量,吨,12,2023-12,6.123,6.123,
富联精密电子（郑州）,2023,废水-全厂合计,全厂合计,间接排放口,,,阴离子表面活性剂,吨,1,2023-01,0.0,0,
富联精密电子（郑州）,2023,废水-全厂合计,全厂合计,间接排放口,,,阴离子表面活性剂,吨,2,2023-02,0.0,0,
富联精密电子（郑州）,2023,废水-全厂合计,全厂合计,间接排放口,,,阴离子表面活性剂,吨,3,2023-03,0.0,0,
富联精密电子（郑州）,2023,废水-全厂合计,全厂合计,间接排放口,,,阴离子表面活性剂,吨,4,2023-04,0.0,0,
富联精密电子（郑州）,2023,废水-全厂合计,全厂合计,间接排放口,,,阴离子表面活性剂,吨,5,2023-05,0.0,0,
富联精密电子（郑州）,2023,废水-全厂合计,全厂合计,间接排放口,,,阴离子表面活性剂,吨,6,2023-06,0.0,0,
富联精密电子（郑州）,2023,废水-全厂合计,全厂合计,间接排放口,,,阴离子表面活性剂,吨,7,2023-07,0.0,0,
富联精密电子（郑州）,2023,废水-全厂合计,全厂合计,间接排放口,,,阴离子表面活性剂,吨,8,2023-08,0.0,0,
富联精密电子（郑州）,2023,废水-全厂合计,全厂合计,间接排放口,,,阴离子表面活性剂,吨,9,2023-09,0.0,0,
富联精密电子（郑州）,2023,废水-全厂合计,全厂合计,间接排放口,,,阴离子表面活性剂,吨,10,2023-10,0.0,0,
富联精密电子（郑州）,2023,废水-全厂合计,全厂合计,间接排放口,,,阴离子表面活性剂,吨,11,2023-11,0.0,0,
富联精密电子（郑州）,2023,废水-全厂合计,全厂合计,间接排放口,,,阴离子表面活性剂,吨,12,2023-12,0.0,0,
富联精密电子（郑州）,2023,废水-全厂合计,全厂合计,间接排放口,,,总氮（以N计）,吨,1,2023-01,0.521,0.521,
富联精密电子（郑州）,2023,废水-全厂合计,全厂合计,间接排放口,,,总氮（以N计）,吨,2,2023-02,0.484,0.484,
富联精密电子（郑州）,2023,废水-全厂合计,全厂合计,间接排放口,,,总氮（以N计）,吨,3,2023-03,1.632,1.632,
富联精密电子（郑州）,2023,废水-全厂合计,全厂合计,间接排放口,,,总氮（以N计）,吨,4,2023-04,2.319,2.319,
富联精密电子（郑州）,2023,废水-全厂合计,全厂合计,间接排放口,,,总氮（以N计）,吨,5,2023-05,1.872,1.872,
富联精密电子（郑州）,2023,废水-全厂合计,全厂合计,间接排放口,,,总氮（以N计）,吨,6,2023-06,1.651,1.651,
富联精密电子（郑州）,2023,废水-全厂合计,全厂合计,间接排放口,,,总氮（以N计）,吨,7,2023-07,0.021,0.021,
富联精密电子（郑州）,2023,废水-全厂合计,全厂合计,间接排放口,,,总氮（以N计）,吨,8,2023-08,0.577,0.577,
富联精密电子（郑州）,2023,废水-全厂合计,全厂合计,间接排放口,,,总氮（以N计）,吨,9,2023-09,0.613,0.613,
富联精密电子（郑州）,2023,废水-全厂合计,全厂合计,间接排放口,,,总氮（以N计）,吨,10,2023-10,2.374,2.374,
富联精密电子（郑州）,2023,废水-全厂合计,全厂合计,间接排放口,,,总氮（以N计）,吨,11,2023-11,2.131,2.131,
富联精密电子（郑州）,2023,废水-全厂合计,全厂合计,间接排放口,,,总氮（以N计）,吨,12,2023-12,1.822,1.822,
富联精密电子（郑州）,2023,废水-全厂合计,全厂合计,间接排放口,,,氨氮（NH3-N）,吨,1,2023-01,0.02,0.02,
富联精密电子（郑州）,2023,废水-全厂合计,全厂合计,间接排放口,,,氨氮（NH3-N）,吨,2,2023-02,0.045,0.045,
富联精密电子（郑州）,2023,废水-全厂合计,全厂合计,间接排放口,,,氨氮（NH3-N）,吨,3,2023-03,0.094,0.094,
富联精密电子（郑州）,2023,废水-全厂合计,全厂合计,间接排放口,,,氨氮（NH3-N）,吨,4,2023-04,0.052,0.052,
富联精密电子（郑州）,2023,废水-全厂合计,全厂合计,间接排放口,,,氨氮（NH3-N）,吨,5,2023-05,0.058,0.058,
富联精密电子（郑州）,2023,废水-全厂合计,全厂合计,间接排放口,,,氨氮（NH3-N）,吨,6,2023-06,0.076,0.076,
富联精密电子（郑州）,2023,废水-全厂合计,全厂合计,间接排放口,,,氨氮（NH3-N）,吨,7,2023-07,0.036,0.036,
富联精密电子（郑州）,2023,废水-全厂合计,全厂合计,间接排放口,,,氨氮（NH3-N）,吨,8,2023-08,0.126,0.126,
富联精密电子（郑州）,2023,废水-全厂合计,全厂合计,间接排放口,,,氨氮（NH3-N）,吨,9,2023-09,0.099,0.099,
富联精密电子（郑州）,2023,废水-全厂合计,全厂合计,间接排放口,,,氨氮（NH3-N）,吨,10,2023-10,0.097,0.097,
富联精密电子（郑州）,2023,废水-全厂合计,全厂合计,间接排放口,,,氨氮（NH3-N）,吨,11,2023-11,0.066,0.066,
富联精密电子（郑州）,2023,废水-全厂合计,全厂合计,间接排放口,,,氨氮（NH3-N）,吨,12,2023-12,0.064,0.064,
富联精密电子（郑州）,2023,废水-全厂合计,全厂合计,间接排放口,,,总磷（以P计）,吨,1,2023-01,0.02,0.02,
富联精密电子（郑州）,2023,废水-全厂合计,全厂合计,间接排放口,,,总磷（以P计）,吨,2,2023-02,0.017,0.017,
富联精密电子（郑州）,2023,废水-全厂合计,全厂合计,间接排放口,,,总磷（以P计）,吨,3,2023-03,0.018,0.018,
富联精密电子（郑州）,2023,废水-全厂合计,全厂合计,间接排放口,,,总磷（以P计）,吨,4,2023-04,0.016,0.016,
富联精密电子（郑州）,2023,废水-全厂合计,全厂合计,间接排放口,,,总磷（以P计）,吨,5,2023-05,0.025,0.025,
富联精密电子（郑州）,2023,废水-全厂合计,全厂合计,间接排放口,,,总磷（以P计）,吨,6,2023-06,0.019,0.019,
富联精密电子（郑州）,2023,废水-全厂合计,全厂合计,间接排放口,,,总磷（以P计）,吨,7,2023-07,0.021,0.021,
富联精密电子（郑州）,2023,废水-全厂合计,全厂合计,间接排放口,,,总磷（以P计）,吨,8,2023-08,0.041,0.041,
富联精密电子（郑州）,2023,废水-全厂合计,全厂合计,间接排放口,,,总磷（以P计）,吨,9,2023-09,0.045,0.045,
富联精密电子（郑州）,2023,废水-全厂合计,全厂合计,间接排放口,,,总磷（以P计）,吨,10,2023-10,0.044,0.044,
富联精密电子（郑州）,2023,废水-全厂合计,全厂合计,间接排放口,,,总磷（以P计）,吨,11,2023-11,0.035,0.035,
富联精密电子（郑州）,2023,废水-全厂合计,全厂合计,间接排放口,,,总磷（以P计）,吨,12,2023-12,0.026,0.026,
富联精密电子（郑州）,2023,废水-全厂合计,全厂合计,间接排放口,,,石油类,吨,1,2023-01,0.01,0.01,
富联精密电子（郑州）,2023,废水-全厂合计,全厂合计,间接排放口,,,石油类,吨,2,2023-02,0.0,0,
富联精密电子（郑州）,2023,废水-全厂合计,全厂合计,间接排放口,,,石油类,吨,3,2023-03,0.15,0.15,
富联精密电子（郑州）,2023,废水-全厂合计,全厂合计,间接排放口,,,石油类,吨,4,2023-04,0.0,0,
富联精密电子（郑州）,2023,废水-全厂合计,全厂合计,间接排放口,,,石油类,吨,5,2023-05,0.23,0.23,
富联精密电子（郑州）,2023,废水-全厂合计,全厂合计,间接排放口,,,石油类,吨,6,2023-06,0.0,0,
富联精密电子（郑州）,2023,废水-全厂合计,全厂合计,间接排放口,,,石油类,吨,7,2023-07,0.02,0.02,
富联精密电子（郑州）,2023,废水-全厂合计,全厂合计,间接排放口,,,石油类,吨,8,2023-08,0.11,0.11,
富联精密电子（郑州）,2023,废水-全厂合计,全厂合计,间接排放口,,,石油类,吨,9,2023-09,0.05,0.05,
富联精密电子（郑州）,2023,废水-全厂合计,全厂合计,间接排放口,,,石油类,吨,10,2023-10,0.22,0.22,
富联精密电子（郑州）,2023,废水-全厂合计,全厂合计,间接排放口,,,石油类,吨,11,2023-11,0.05,0.05,
富联精密电子（郑州）,2023,废水-全厂合计,全厂合计,间接排放口,,,石油类,吨,12,2023-12,0.42,0.42,
富联精密电子（郑州）,2023,废水-全厂合计,全厂合计,间接排放口,,,流量,吨或m³（报告未注明）,1,2023-01,0.0,0,
富联精密电子（郑州）,2023,废水-全厂合计,全厂合计,间接排放口,,,流量,吨或m³（报告未注明）,2,2023-02,0.0,0,
富联精密电子（郑州）,2023,废水-全厂合计,全厂合计,间接排放口,,,流量,吨或m³（报告未注明）,3,2023-03,0.0,0,
富联精密电子（郑州）,2023,废水-全厂合计,全厂合计,间接排放口,,,流量,吨或m³（报告未注明）,4,2023-04,0.0,0,
富联精密电子（郑州）,2023,废水-全厂合计,全厂合计,间接排放口,,,流量,吨或m³（报告未注明）,5,2023-05,0.0,0,
富联精密电子（郑州）,2023,废水-全厂合计,全厂合计,间接排放口,,,流量,吨或m³（报告未注明）,6,2023-06,0.0,0,
富联精密电子（郑州）,2023,废水-全厂合计,全厂合计,间接排放口,,,流量,吨或m³（报告未注明）,7,2023-07,0.0,0,
富联精密电子（郑州）,2023,废水-全厂合计,全厂合计,间接排放口,,,流量,吨或m³（报告未注明）,8,2023-08,0.0,0,
富联精密电子（郑州）,2023,废水-全厂合计,全厂合计,间接排放口,,,流量,吨或m³（报告未注明）,9,2023-09,0.0,0,
富联精密电子（郑州）,2023,废水-全厂合计,全厂合计,间接排放口,,,流量,吨或m³（报告未注明）,10,2023-10,0.0,0,
富联精密电子（郑州）,2023,废水-全厂合计,全厂合计,间接排放口,,,流量,吨或m³（报告未注明）,11,2023-11,0.0,0,
富联精密电子（郑州）,2023,废水-全厂合计,全厂合计,间接排放口,,,流量,吨或m³（报告未注明）,12,2023-12,152047.0,152047,
富联精密电子（郑州）,2023,废水-全厂合计,全厂合计,间接排放口,,,总铝,吨,1,2023-01,0.0,0,
富联精密电子（郑州）,2023,废水-全厂合计,全厂合计,间接排放口,,,总铝,吨,2,2023-02,0.0,0,
富联精密电子（郑州）,2023,废水-全厂合计,全厂合计,间接排放口,,,总铝,吨,3,2023-03,0.0,0,
富联精密电子（郑州）,2023,废水-全厂合计,全厂合计,间接排放口,,,总铝,吨,4,2023-04,0.0,0,
富联精密电子（郑州）,2023,废水-全厂合计,全厂合计,间接排放口,,,总铝,吨,5,2023-05,0.0,0,
富联精密电子（郑州）,2023,废水-全厂合计,全厂合计,间接排放口,,,总铝,吨,6,2023-06,0.0,0,
富联精密电子（郑州）,2023,废水-全厂合计,全厂合计,间接排放口,,,总铝,吨,7,2023-07,0.0,0,
富联精密电子（郑州）,2023,废水-全厂合计,全厂合计,间接排放口,,,总铝,吨,8,2023-08,0.0,0,
富联精密电子（郑州）,2023,废水-全厂合计,全厂合计,间接排放口,,,总铝,吨,9,2023-09,0.0,0,
富联精密电子（郑州）,2023,废水-全厂合计,全厂合计,间接排放口,,,总铝,吨,10,2023-10,0.0,0,
富联精密电子（郑州）,2023,废水-全厂合计,全厂合计,间接排放口,,,总铝,吨,11,2023-11,0.0,0,
富联精密电子（郑州）,2023,废水-全厂合计,全厂合计,间接排放口,,,总铝,吨,12,2023-12,0.007,0.007,
富联精密电子（郑州）,2024,废气-全厂合计,全厂合计,,,,NOx,吨,1,2024-01,0.0,0,
富联精密电子（郑州）,2024,废气-全厂合计,全厂合计,,,,NOx,吨,2,2024-02,0.0,0,
富联精密电子（郑州）,2024,废气-全厂合计,全厂合计,,,,NOx,吨,3,2024-03,0.0,0,
富联精密电子（郑州）,2024,废气-全厂合计,全厂合计,,,,NOx,吨,4,2024-04,0.0,0,
富联精密电子（郑州）,2024,废气-全厂合计,全厂合计,,,,NOx,吨,5,2024-05,0.0,0,
富联精密电子（郑州）,2024,废气-全厂合计,全厂合计,,,,NOx,吨,6,2024-06,0.0,0,
富联精密电子（郑州）,2024,废气-全厂合计,全厂合计,,,,NOx,吨,7,2024-07,0.0,0,
富联精密电子（郑州）,2024,废气-全厂合计,全厂合计,,,,NOx,吨,8,2024-08,0.0,0,
富联精密电子（郑州）,2024,废气-全厂合计,全厂合计,,,,NOx,吨,9,2024-09,0.0,0,
富联精密电子（郑州）,2024,废气-全厂合计,全厂合计,,,,NOx,吨,10,2024-10,0.0,0,
富联精密电子（郑州）,2024,废气-全厂合计,全厂合计,,,,NOx,吨,11,2024-11,0.0,0,
富联精密电子（郑州）,2024,废气-全厂合计,全厂合计,,,,NOx,吨,12,2024-12,0.0,0,
富联精密电子（郑州）,2024,废气-全厂合计,全厂合计,,,,SO2,吨,1,2024-01,,/,
富联精密电子（郑州）,2024,废气-全厂合计,全厂合计,,,,SO2,吨,2,2024-02,,/,
富联精密电子（郑州）,2024,废气-全厂合计,全厂合计,,,,SO2,吨,3,2024-03,,/,
富联精密电子（郑州）,2024,废气-全厂合计,全厂合计,,,,SO2,吨,4,2024-04,,/,
富联精密电子（郑州）,2024,废气-全厂合计,全厂合计,,,,SO2,吨,5,2024-05,,/,
富联精密电子（郑州）,2024,废气-全厂合计,全厂合计,,,,SO2,吨,6,2024-06,,/,
富联精密电子（郑州）,2024,废气-全厂合计,全厂合计,,,,SO2,吨,7,2024-07,,/,
富联精密电子（郑州）,2024,废气-全厂合计,全厂合计,,,,SO2,吨,8,2024-08,0.0,0,
富联精密电子（郑州）,2024,废气-全厂合计,全厂合计,,,,SO2,吨,9,2024-09,0.0,0,
富联精密电子（郑州）,2024,废气-全厂合计,全厂合计,,,,SO2,吨,10,2024-10,0.0,0,
富联精密电子（郑州）,2024,废气-全厂合计,全厂合计,,,,SO2,吨,11,2024-11,0.0,0,
富联精密电子（郑州）,2024,废气-全厂合计,全厂合计,,,,SO2,吨,12,2024-12,0.0,0,
富联精密电子（郑州）,2024,废气-全厂合计,全厂合计,,,,颗粒物,吨,1,2024-01,0.51,0.51,
富联精密电子（郑州）,2024,废气-全厂合计,全厂合计,,,,颗粒物,吨,2,2024-02,0.48,0.48,
富联精密电子（郑州）,2024,废气-全厂合计,全厂合计,,,,颗粒物,吨,3,2024-03,0.51,0.51,
富联精密电子（郑州）,2024,废气-全厂合计,全厂合计,,,,颗粒物,吨,4,2024-04,0.5,0.5,
富联精密电子（郑州）,2024,废气-全厂合计,全厂合计,,,,颗粒物,吨,5,2024-05,1.37,1.37,
富联精密电子（郑州）,2024,废气-全厂合计,全厂合计,,,,颗粒物,吨,6,2024-06,0.5,0.5,
富联精密电子（郑州）,2024,废气-全厂合计,全厂合计,,,,颗粒物,吨,7,2024-07,0.51,0.51,
富联精密电子（郑州）,2024,废气-全厂合计,全厂合计,,,,颗粒物,吨,8,2024-08,0.51,0.51,
富联精密电子（郑州）,2024,废气-全厂合计,全厂合计,,,,颗粒物,吨,9,2024-09,0.5,0.5,
富联精密电子（郑州）,2024,废气-全厂合计,全厂合计,,,,颗粒物,吨,10,2024-10,0.46,0.46,
富联精密电子（郑州）,2024,废气-全厂合计,全厂合计,,,,颗粒物,吨,11,2024-11,0.5,0.5,
富联精密电子（郑州）,2024,废气-全厂合计,全厂合计,,,,颗粒物,吨,12,2024-12,0.51,0.51,
富联精密电子（郑州）,2024,废气-全厂合计,全厂合计,,,,VOCs,吨,1,2024-01,3.48,3.48,
富联精密电子（郑州）,2024,废气-全厂合计,全厂合计,,,,VOCs,吨,2,2024-02,3.25,3.25,
富联精密电子（郑州）,2024,废气-全厂合计,全厂合计,,,,VOCs,吨,3,2024-03,3.48,3.48,
富联精密电子（郑州）,2024,废气-全厂合计,全厂合计,,,,VOCs,吨,4,2024-04,0.44,0.44,
富联精密电子（郑州）,2024,废气-全厂合计,全厂合计,,,,VOCs,吨,5,2024-05,0.46,0.46,
富联精密电子（郑州）,2024,废气-全厂合计,全厂合计,,,,VOCs,吨,6,2024-06,0.44,0.44,
富联精密电子（郑州）,2024,废气-全厂合计,全厂合计,,,,VOCs,吨,7,2024-07,,/,
富联精密电子（郑州）,2024,废气-全厂合计,全厂合计,,,,VOCs,吨,8,2024-08,0.46,0.46,
富联精密电子（郑州）,2024,废气-全厂合计,全厂合计,,,,VOCs,吨,9,2024-09,0.44,0.44,
富联精密电子（郑州）,2024,废气-全厂合计,全厂合计,,,,VOCs,吨,10,2024-10,0.42,0.42,
富联精密电子（郑州）,2024,废气-全厂合计,全厂合计,,,,VOCs,吨,11,2024-11,0.44,0.44,
富联精密电子（郑州）,2024,废气-全厂合计,全厂合计,,,,VOCs,吨,12,2024-12,0.46,0.46,
富联精密电子（郑州）,2024,废水-全厂合计,全厂合计,间接排放口,,,pH值,无量纲,1,2024-01,6.88,6.88,
富联精密电子（郑州）,2024,废水-全厂合计,全厂合计,间接排放口,,,pH值,无量纲,2,2024-02,6.88,6.88,
富联精密电子（郑州）,2024,废水-全厂合计,全厂合计,间接排放口,,,pH值,无量纲,3,2024-03,6.81,6.81,
富联精密电子（郑州）,2024,废水-全厂合计,全厂合计,间接排放口,,,pH值,无量纲,4,2024-04,6.74,6.74,
富联精密电子（郑州）,2024,废水-全厂合计,全厂合计,间接排放口,,,pH值,无量纲,5,2024-05,6.64,6.64,
富联精密电子（郑州）,2024,废水-全厂合计,全厂合计,间接排放口,,,pH值,无量纲,6,2024-06,7.7,7.7,
富联精密电子（郑州）,2024,废水-全厂合计,全厂合计,间接排放口,,,pH值,无量纲,7,2024-07,8.14,8.14,
富联精密电子（郑州）,2024,废水-全厂合计,全厂合计,间接排放口,,,pH值,无量纲,8,2024-08,7.283,7.283,
富联精密电子（郑州）,2024,废水-全厂合计,全厂合计,间接排放口,,,pH值,无量纲,9,2024-09,7.11,7.11,
富联精密电子（郑州）,2024,废水-全厂合计,全厂合计,间接排放口,,,pH值,无量纲,10,2024-10,7.24,7.24,
富联精密电子（郑州）,2024,废水-全厂合计,全厂合计,间接排放口,,,pH值,无量纲,11,2024-11,7.32,7.32,
富联精密电子（郑州）,2024,废水-全厂合计,全厂合计,间接排放口,,,pH值,无量纲,12,2024-12,7.6,7.6,
富联精密电子（郑州）,2024,废水-全厂合计,全厂合计,间接排放口,,,悬浮物,吨,1,2024-01,1.02,1.02,
富联精密电子（郑州）,2024,废水-全厂合计,全厂合计,间接排放口,,,悬浮物,吨,2,2024-02,0.6,0.6,
富联精密电子（郑州）,2024,废水-全厂合计,全厂合计,间接排放口,,,悬浮物,吨,3,2024-03,1.02,1.02,
富联精密电子（郑州）,2024,废水-全厂合计,全厂合计,间接排放口,,,悬浮物,吨,4,2024-04,0.95,0.95,
富联精密电子（郑州）,2024,废水-全厂合计,全厂合计,间接排放口,,,悬浮物,吨,5,2024-05,0.83,0.83,
富联精密电子（郑州）,2024,废水-全厂合计,全厂合计,间接排放口,,,悬浮物,吨,6,2024-06,0.91,0.91,
富联精密电子（郑州）,2024,废水-全厂合计,全厂合计,间接排放口,,,悬浮物,吨,7,2024-07,1.29,1.29,
富联精密电子（郑州）,2024,废水-全厂合计,全厂合计,间接排放口,,,悬浮物,吨,8,2024-08,1.92,1.92,
富联精密电子（郑州）,2024,废水-全厂合计,全厂合计,间接排放口,,,悬浮物,吨,9,2024-09,1.46,1.46,
富联精密电子（郑州）,2024,废水-全厂合计,全厂合计,间接排放口,,,悬浮物,吨,10,2024-10,1.38,1.38,
富联精密电子（郑州）,2024,废水-全厂合计,全厂合计,间接排放口,,,悬浮物,吨,11,2024-11,1.34,1.34,
富联精密电子（郑州）,2024,废水-全厂合计,全厂合计,间接排放口,,,悬浮物,吨,12,2024-12,1.15,1.15,
富联精密电子（郑州）,2024,废水-全厂合计,全厂合计,间接排放口,,,五日生化需氧量,吨,1,2024-01,0.57,0.57,
富联精密电子（郑州）,2024,废水-全厂合计,全厂合计,间接排放口,,,五日生化需氧量,吨,2,2024-02,0.0,0,
富联精密电子（郑州）,2024,废水-全厂合计,全厂合计,间接排放口,,,五日生化需氧量,吨,3,2024-03,0.0,0,
富联精密电子（郑州）,2024,废水-全厂合计,全厂合计,间接排放口,,,五日生化需氧量,吨,4,2024-04,0.6,0.6,
富联精密电子（郑州）,2024,废水-全厂合计,全厂合计,间接排放口,,,五日生化需氧量,吨,5,2024-05,0.31,0.31,
富联精密电子（郑州）,2024,废水-全厂合计,全厂合计,间接排放口,,,五日生化需氧量,吨,6,2024-06,0.88,0.88,
富联精密电子（郑州）,2024,废水-全厂合计,全厂合计,间接排放口,,,五日生化需氧量,吨,7,2024-07,0.53,0.53,
富联精密电子（郑州）,2024,废水-全厂合计,全厂合计,间接排放口,,,五日生化需氧量,吨,8,2024-08,0.92,0.92,
富联精密电子（郑州）,2024,废水-全厂合计,全厂合计,间接排放口,,,五日生化需氧量,吨,9,2024-09,0.66,0.66,
富联精密电子（郑州）,2024,废水-全厂合计,全厂合计,间接排放口,,,五日生化需氧量,吨,10,2024-10,0.52,0.52,
富联精密电子（郑州）,2024,废水-全厂合计,全厂合计,间接排放口,,,五日生化需氧量,吨,11,2024-11,0.71,0.71,
富联精密电子（郑州）,2024,废水-全厂合计,全厂合计,间接排放口,,,五日生化需氧量,吨,12,2024-12,0.62,0.62,
富联精密电子（郑州）,2024,废水-全厂合计,全厂合计,间接排放口,,,化学需氧量,吨,1,2024-01,5.031,5.031,
富联精密电子（郑州）,2024,废水-全厂合计,全厂合计,间接排放口,,,化学需氧量,吨,2,2024-02,3.049,3.049,
富联精密电子（郑州）,2024,废水-全厂合计,全厂合计,间接排放口,,,化学需氧量,吨,3,2024-03,4.025,4.025,
富联精密电子（郑州）,2024,废水-全厂合计,全厂合计,间接排放口,,,化学需氧量,吨,4,2024-04,4.74,4.74,
富联精密电子（郑州）,2024,废水-全厂合计,全厂合计,间接排放口,,,化学需氧量,吨,5,2024-05,3.578,3.578,
富联精密电子（郑州）,2024,废水-全厂合计,全厂合计,间接排放口,,,化学需氧量,吨,6,2024-06,4.202,4.202,
富联精密电子（郑州）,2024,废水-全厂合计,全厂合计,间接排放口,,,化学需氧量,吨,7,2024-07,8.352,8.352,
富联精密电子（郑州）,2024,废水-全厂合计,全厂合计,间接排放口,,,化学需氧量,吨,8,2024-08,11.913,11.913,
富联精密电子（郑州）,2024,废水-全厂合计,全厂合计,间接排放口,,,化学需氧量,吨,9,2024-09,9.8,9.8,
富联精密电子（郑州）,2024,废水-全厂合计,全厂合计,间接排放口,,,化学需氧量,吨,10,2024-10,5.804,5.804,
富联精密电子（郑州）,2024,废水-全厂合计,全厂合计,间接排放口,,,化学需氧量,吨,11,2024-11,8.93,8.93,
富联精密电子（郑州）,2024,废水-全厂合计,全厂合计,间接排放口,,,化学需氧量,吨,12,2024-12,11.417,11.417,
富联精密电子（郑州）,2024,废水-全厂合计,全厂合计,间接排放口,,,阴离子表面活性剂,吨,1,2024-01,0.0,0,
富联精密电子（郑州）,2024,废水-全厂合计,全厂合计,间接排放口,,,阴离子表面活性剂,吨,2,2024-02,0.0,0,
富联精密电子（郑州）,2024,废水-全厂合计,全厂合计,间接排放口,,,阴离子表面活性剂,吨,3,2024-03,0.0,0,
富联精密电子（郑州）,2024,废水-全厂合计,全厂合计,间接排放口,,,阴离子表面活性剂,吨,4,2024-04,0.0,0,
富联精密电子（郑州）,2024,废水-全厂合计,全厂合计,间接排放口,,,阴离子表面活性剂,吨,5,2024-05,0.0,0,
富联精密电子（郑州）,2024,废水-全厂合计,全厂合计,间接排放口,,,阴离子表面活性剂,吨,6,2024-06,0.0,0,
富联精密电子（郑州）,2024,废水-全厂合计,全厂合计,间接排放口,,,阴离子表面活性剂,吨,7,2024-07,0.0,0,
富联精密电子（郑州）,2024,废水-全厂合计,全厂合计,间接排放口,,,阴离子表面活性剂,吨,8,2024-08,0.0,0,
富联精密电子（郑州）,2024,废水-全厂合计,全厂合计,间接排放口,,,阴离子表面活性剂,吨,9,2024-09,0.0,0,
富联精密电子（郑州）,2024,废水-全厂合计,全厂合计,间接排放口,,,阴离子表面活性剂,吨,10,2024-10,0.0,0,
富联精密电子（郑州）,2024,废水-全厂合计,全厂合计,间接排放口,,,阴离子表面活性剂,吨,11,2024-11,,/,
富联精密电子（郑州）,2024,废水-全厂合计,全厂合计,间接排放口,,,阴离子表面活性剂,吨,12,2024-12,0.0,0,
富联精密电子（郑州）,2024,废水-全厂合计,全厂合计,间接排放口,,,总氮（以N计）,吨,1,2024-01,3.268,3.268,
富联精密电子（郑州）,2024,废水-全厂合计,全厂合计,间接排放口,,,总氮（以N计）,吨,2,2024-02,0.892,0.892,
富联精密电子（郑州）,2024,废水-全厂合计,全厂合计,间接排放口,,,总氮（以N计）,吨,3,2024-03,0.976,0.976,
富联精密电子（郑州）,2024,废水-全厂合计,全厂合计,间接排放口,,,总氮（以N计）,吨,4,2024-04,1.376,1.376,
富联精密电子（郑州）,2024,废水-全厂合计,全厂合计,间接排放口,,,总氮（以N计）,吨,5,2024-05,0.877,0.877,
富联精密电子（郑州）,2024,废水-全厂合计,全厂合计,间接排放口,,,总氮（以N计）,吨,6,2024-06,0.619,0.619,
富联精密电子（郑州）,2024,废水-全厂合计,全厂合计,间接排放口,,,总氮（以N计）,吨,7,2024-07,0.845,0.845,
富联精密电子（郑州）,2024,废水-全厂合计,全厂合计,间接排放口,,,总氮（以N计）,吨,8,2024-08,0.909,0.909,
富联精密电子（郑州）,2024,废水-全厂合计,全厂合计,间接排放口,,,总氮（以N计）,吨,9,2024-09,0.81,0.81,
富联精密电子（郑州）,2024,废水-全厂合计,全厂合计,间接排放口,,,总氮（以N计）,吨,10,2024-10,0.957,0.957,
富联精密电子（郑州）,2024,废水-全厂合计,全厂合计,间接排放口,,,总氮（以N计）,吨,11,2024-11,1.072,1.072,
富联精密电子（郑州）,2024,废水-全厂合计,全厂合计,间接排放口,,,总氮（以N计）,吨,12,2024-12,1.217,1.217,
富联精密电子（郑州）,2024,废水-全厂合计,全厂合计,间接排放口,,,氨氮（NH3-N）,吨,1,2024-01,0.118,0.118,
富联精密电子（郑州）,2024,废水-全厂合计,全厂合计,间接排放口,,,氨氮（NH3-N）,吨,2,2024-02,0.06,0.06,
富联精密电子（郑州）,2024,废水-全厂合计,全厂合计,间接排放口,,,氨氮（NH3-N）,吨,3,2024-03,0.157,0.157,
富联精密电子（郑州）,2024,废水-全厂合计,全厂合计,间接排放口,,,氨氮（NH3-N）,吨,4,2024-04,0.13,0.13,
富联精密电子（郑州）,2024,废水-全厂合计,全厂合计,间接排放口,,,氨氮（NH3-N）,吨,5,2024-05,0.149,0.149,
富联精密电子（郑州）,2024,废水-全厂合计,全厂合计,间接排放口,,,氨氮（NH3-N）,吨,6,2024-06,0.157,0.157,
富联精密电子（郑州）,2024,废水-全厂合计,全厂合计,间接排放口,,,氨氮（NH3-N）,吨,7,2024-07,0.251,0.251,
富联精密电子（郑州）,2024,废水-全厂合计,全厂合计,间接排放口,,,氨氮（NH3-N）,吨,8,2024-08,0.149,0.149,
富联精密电子（郑州）,2024,废水-全厂合计,全厂合计,间接排放口,,,氨氮（NH3-N）,吨,9,2024-09,0.123,0.123,
富联精密电子（郑州）,2024,废水-全厂合计,全厂合计,间接排放口,,,氨氮（NH3-N）,吨,10,2024-10,0.128,0.128,
富联精密电子（郑州）,2024,废水-全厂合计,全厂合计,间接排放口,,,氨氮（NH3-N）,吨,11,2024-11,0.149,0.149,
富联精密电子（郑州）,2024,废水-全厂合计,全厂合计,间接排放口,,,氨氮（NH3-N）,吨,12,2024-12,0.139,0.139,
富联精密电子（郑州）,2024,废水-全厂合计,全厂合计,间接排放口,,,总磷（以P计）,吨,1,2024-01,0.022,0.022,
富联精密电子（郑州）,2024,废水-全厂合计,全厂合计,间接排放口,,,总磷（以P计）,吨,2,2024-02,0.02,0.02,
富联精密电子（郑州）,2024,废水-全厂合计,全厂合计,间接排放口,,,总磷（以P计）,吨,3,2024-03,0.031,0.031,
富联精密电子（郑州）,2024,废水-全厂合计,全厂合计,间接排放口,,,总磷（以P计）,吨,4,2024-04,0.022,0.022,
富联精密电子（郑州）,2024,废水-全厂合计,全厂合计,间接排放口,,,总磷（以P计）,吨,5,2024-05,0.006,0.006,
富联精密电子（郑州）,2024,废水-全厂合计,全厂合计,间接排放口,,,总磷（以P计）,吨,6,2024-06,0.006,0.006,
富联精密电子（郑州）,2024,废水-全厂合计,全厂合计,间接排放口,,,总磷（以P计）,吨,7,2024-07,0.009,0.009,
富联精密电子（郑州）,2024,废水-全厂合计,全厂合计,间接排放口,,,总磷（以P计）,吨,8,2024-08,0.019,0.019,
富联精密电子（郑州）,2024,废水-全厂合计,全厂合计,间接排放口,,,总磷（以P计）,吨,9,2024-09,0.009,0.009,
富联精密电子（郑州）,2024,废水-全厂合计,全厂合计,间接排放口,,,总磷（以P计）,吨,10,2024-10,0.004,0.004,
富联精密电子（郑州）,2024,废水-全厂合计,全厂合计,间接排放口,,,总磷（以P计）,吨,11,2024-11,0.006,0.006,
富联精密电子（郑州）,2024,废水-全厂合计,全厂合计,间接排放口,,,总磷（以P计）,吨,12,2024-12,0.008,0.008,
富联精密电子（郑州）,2024,废水-全厂合计,全厂合计,间接排放口,,,石油类,吨,1,2024-01,0.03,0.03,
富联精密电子（郑州）,2024,废水-全厂合计,全厂合计,间接排放口,,,石油类,吨,2,2024-02,0.01,0.01,
富联精密电子（郑州）,2024,废水-全厂合计,全厂合计,间接排放口,,,石油类,吨,3,2024-03,0.01,0.01,
富联精密电子（郑州）,2024,废水-全厂合计,全厂合计,间接排放口,,,石油类,吨,4,2024-04,0.0,0,
富联精密电子（郑州）,2024,废水-全厂合计,全厂合计,间接排放口,,,石油类,吨,5,2024-05,0.0,0,
富联精密电子（郑州）,2024,废水-全厂合计,全厂合计,间接排放口,,,石油类,吨,6,2024-06,0.0,0,
富联精密电子（郑州）,2024,废水-全厂合计,全厂合计,间接排放口,,,石油类,吨,7,2024-07,0.01,0.01,
富联精密电子（郑州）,2024,废水-全厂合计,全厂合计,间接排放口,,,石油类,吨,8,2024-08,0.0,0,
富联精密电子（郑州）,2024,废水-全厂合计,全厂合计,间接排放口,,,石油类,吨,9,2024-09,0.0,0,
富联精密电子（郑州）,2024,废水-全厂合计,全厂合计,间接排放口,,,石油类,吨,10,2024-10,0.0,0,
富联精密电子（郑州）,2024,废水-全厂合计,全厂合计,间接排放口,,,石油类,吨,11,2024-11,0.01,0.01,
富联精密电子（郑州）,2024,废水-全厂合计,全厂合计,间接排放口,,,石油类,吨,12,2024-12,0.01,0.01,
富联精密电子（郑州）,2024,废水-全厂合计,全厂合计,间接排放口,,,流量,吨或m³（报告未注明）,1,2024-01,138611.0,138611,
富联精密电子（郑州）,2024,废水-全厂合计,全厂合计,间接排放口,,,流量,吨或m³（报告未注明）,2,2024-02,105737.0,105737,
富联精密电子（郑州）,2024,废水-全厂合计,全厂合计,间接排放口,,,流量,吨或m³（报告未注明）,3,2024-03,153088.0,153088,
富联精密电子（郑州）,2024,废水-全厂合计,全厂合计,间接排放口,,,流量,吨或m³（报告未注明）,4,2024-04,124024.0,124024,
富联精密电子（郑州）,2024,废水-全厂合计,全厂合计,间接排放口,,,流量,吨或m³（报告未注明）,5,2024-05,104150.0,104150,
富联精密电子（郑州）,2024,废水-全厂合计,全厂合计,间接排放口,,,流量,吨或m³（报告未注明）,6,2024-06,118597.0,118597,
富联精密电子（郑州）,2024,废水-全厂合计,全厂合计,间接排放口,,,流量,吨或m³（报告未注明）,7,2024-07,168251.0,168251,
富联精密电子（郑州）,2024,废水-全厂合计,全厂合计,间接排放口,,,流量,吨或m³（报告未注明）,8,2024-08,198131.0,198131,
富联精密电子（郑州）,2024,废水-全厂合计,全厂合计,间接排放口,,,流量,吨或m³（报告未注明）,9,2024-09,174769.0,174769,
富联精密电子（郑州）,2024,废水-全厂合计,全厂合计,间接排放口,,,流量,吨或m³（报告未注明）,10,2024-10,165642.0,165642,
富联精密电子（郑州）,2024,废水-全厂合计,全厂合计,间接排放口,,,流量,吨或m³（报告未注明）,11,2024-11,160773.0,160773,
富联精密电子（郑州）,2024,废水-全厂合计,全厂合计,间接排放口,,,流量,吨或m³（报告未注明）,12,2024-12,156509.0,156509,
富联精密电子（郑州）,2024,废水-全厂合计,全厂合计,间接排放口,,,总铝,吨,1,2024-01,0.02,0.02,
富联精密电子（郑州）,2024,废水-全厂合计,全厂合计,间接排放口,,,总铝,吨,2,2024-02,0.0,0,
富联精密电子（郑州）,2024,废水-全厂合计,全厂合计,间接排放口,,,总铝,吨,3,2024-03,0.0,0,
富联精密电子（郑州）,2024,废水-全厂合计,全厂合计,间接排放口,,,总铝,吨,4,2024-04,0.01,0.01,
富联精密电子（郑州）,2024,废水-全厂合计,全厂合计,间接排放口,,,总铝,吨,5,2024-05,0.0,0,
富联精密电子（郑州）,2024,废水-全厂合计,全厂合计,间接排放口,,,总铝,吨,6,2024-06,0.01,0.01,
富联精密电子（郑州）,2024,废水-全厂合计,全厂合计,间接排放口,,,总铝,吨,7,2024-07,0.01,0.01,
富联精密电子（郑州）,2024,废水-全厂合计,全厂合计,间接排放口,,,总铝,吨,8,2024-08,0.0,0,
富联精密电子（郑州）,2024,废水-全厂合计,全厂合计,间接排放口,,,总铝,吨,9,2024-09,0.0,0,
富联精密电子（郑州）,2024,废水-全厂合计,全厂合计,间接排放口,,,总铝,吨,10,2024-10,0.0,0,
富联精密电子（郑州）,2024,废水-全厂合计,全厂合计,间接排放口,,,总铝,吨,11,2024-11,0.0,0,
富联精密电子（郑州）,2024,废水-全厂合计,全厂合计,间接排放口,,,总铝,吨,12,2024-12,0.012,0.012,
富联精密电子（郑州）,2025,废气-一般排放口合计,一般排放口（合计）,,,,臭气浓度,无量纲（月值相加无物理意义）,1,2025-01,98.0,98,无量纲
富联精密电子（郑州）,2025,废气-一般排放口合计,一般排放口（合计）,,,,臭气浓度,无量纲（月值相加无物理意义）,2,2025-02,98.0,98,无量纲
富联精密电子（郑州）,2025,废气-一般排放口合计,一般排放口（合计）,,,,臭气浓度,无量纲（月值相加无物理意义）,3,2025-03,98.0,98,无量纲
富联精密电子（郑州）,2025,废气-一般排放口合计,一般排放口（合计）,,,,臭气浓度,无量纲（月值相加无物理意义）,4,2025-04,98.0,98,无量纲
富联精密电子（郑州）,2025,废气-一般排放口合计,一般排放口（合计）,,,,臭气浓度,无量纲（月值相加无物理意义）,5,2025-05,98.0,98,无量纲
富联精密电子（郑州）,2025,废气-一般排放口合计,一般排放口（合计）,,,,臭气浓度,无量纲（月值相加无物理意义）,6,2025-06,98.0,98,无量纲
富联精密电子（郑州）,2025,废气-一般排放口合计,一般排放口（合计）,,,,臭气浓度,无量纲（月值相加无物理意义）,7,2025-07,98.0,98,无量纲
富联精密电子（郑州）,2025,废气-一般排放口合计,一般排放口（合计）,,,,臭气浓度,无量纲（月值相加无物理意义）,8,2025-08,98.0,98,无量纲
富联精密电子（郑州）,2025,废气-一般排放口合计,一般排放口（合计）,,,,臭气浓度,无量纲（月值相加无物理意义）,9,2025-09,98.0,98,无量纲
富联精密电子（郑州）,2025,废气-一般排放口合计,一般排放口（合计）,,,,臭气浓度,无量纲（月值相加无物理意义）,10,2025-10,98.0,98,无量纲
富联精密电子（郑州）,2025,废气-一般排放口合计,一般排放口（合计）,,,,臭气浓度,无量纲（月值相加无物理意义）,11,2025-11,98.0,98,无量纲
富联精密电子（郑州）,2025,废气-一般排放口合计,一般排放口（合计）,,,,臭气浓度,无量纲（月值相加无物理意义）,12,2025-12,98.0,98,无量纲
富联精密电子（郑州）,2025,废气-一般排放口合计,一般排放口（合计）,,,,氨（氨气）,吨,1,2025-01,0.18,0.18,
富联精密电子（郑州）,2025,废气-一般排放口合计,一般排放口（合计）,,,,氨（氨气）,吨,2,2025-02,0.12,0.12,
富联精密电子（郑州）,2025,废气-一般排放口合计,一般排放口（合计）,,,,氨（氨气）,吨,3,2025-03,0.128,0.128,
富联精密电子（郑州）,2025,废气-一般排放口合计,一般排放口（合计）,,,,氨（氨气）,吨,4,2025-04,0.124,0.124,
富联精密电子（郑州）,2025,废气-一般排放口合计,一般排放口（合计）,,,,氨（氨气）,吨,5,2025-05,0.128,0.128,
富联精密电子（郑州）,2025,废气-一般排放口合计,一般排放口（合计）,,,,氨（氨气）,吨,6,2025-06,0.124,0.124,
富联精密电子（郑州）,2025,废气-一般排放口合计,一般排放口（合计）,,,,氨（氨气）,吨,7,2025-07,0.128,0.128,
富联精密电子（郑州）,2025,废气-一般排放口合计,一般排放口（合计）,,,,氨（氨气）,吨,8,2025-08,0.128,0.128,
富联精密电子（郑州）,2025,废气-一般排放口合计,一般排放口（合计）,,,,氨（氨气）,吨,9,2025-09,0.124,0.124,
富联精密电子（郑州）,2025,废气-一般排放口合计,一般排放口（合计）,,,,氨（氨气）,吨,10,2025-10,0.116,0.116,
富联精密电子（郑州）,2025,废气-一般排放口合计,一般排放口（合计）,,,,氨（氨气）,吨,11,2025-11,0.116,0.116,
富联精密电子（郑州）,2025,废气-一般排放口合计,一般排放口（合计）,,,,氨（氨气）,吨,12,2025-12,0.128,0.128,
富联精密电子（郑州）,2025,废气-一般排放口合计,一般排放口（合计）,,,,硫化氢,吨,1,2025-01,0.01,0.01,
富联精密电子（郑州）,2025,废气-一般排放口合计,一般排放口（合计）,,,,硫化氢,吨,2,2025-02,0.01,0.01,
富联精密电子（郑州）,2025,废气-一般排放口合计,一般排放口（合计）,,,,硫化氢,吨,3,2025-03,0.01,0.01,
富联精密电子（郑州）,2025,废气-一般排放口合计,一般排放口（合计）,,,,硫化氢,吨,4,2025-04,0.01,0.01,
富联精密电子（郑州）,2025,废气-一般排放口合计,一般排放口（合计）,,,,硫化氢,吨,5,2025-05,0.01,0.01,
富联精密电子（郑州）,2025,废气-一般排放口合计,一般排放口（合计）,,,,硫化氢,吨,6,2025-06,0.01,0.01,
富联精密电子（郑州）,2025,废气-一般排放口合计,一般排放口（合计）,,,,硫化氢,吨,7,2025-07,0.01,0.01,
富联精密电子（郑州）,2025,废气-一般排放口合计,一般排放口（合计）,,,,硫化氢,吨,8,2025-08,0.01,0.01,
富联精密电子（郑州）,2025,废气-一般排放口合计,一般排放口（合计）,,,,硫化氢,吨,9,2025-09,0.01,0.01,
富联精密电子（郑州）,2025,废气-一般排放口合计,一般排放口（合计）,,,,硫化氢,吨,10,2025-10,0.001,0.001,
富联精密电子（郑州）,2025,废气-一般排放口合计,一般排放口（合计）,,,,硫化氢,吨,11,2025-11,0.001,0.001,
富联精密电子（郑州）,2025,废气-一般排放口合计,一般排放口（合计）,,,,硫化氢,吨,12,2025-12,0.001,0.001,
富联精密电子（郑州）,2025,废气-一般排放口合计,一般排放口（合计）,,,,硫酸雾,吨,1,2025-01,0.6,0.6,
富联精密电子（郑州）,2025,废气-一般排放口合计,一般排放口（合计）,,,,硫酸雾,吨,2,2025-02,0.56,0.56,
富联精密电子（郑州）,2025,废气-一般排放口合计,一般排放口（合计）,,,,硫酸雾,吨,3,2025-03,0.6,0.6,
富联精密电子（郑州）,2025,废气-一般排放口合计,一般排放口（合计）,,,,硫酸雾,吨,4,2025-04,0.58,0.58,
富联精密电子（郑州）,2025,废气-一般排放口合计,一般排放口（合计）,,,,硫酸雾,吨,5,2025-05,0.06,0.06,
富联精密电子（郑州）,2025,废气-一般排放口合计,一般排放口（合计）,,,,硫酸雾,吨,6,2025-06,0.58,0.58,
富联精密电子（郑州）,2025,废气-一般排放口合计,一般排放口（合计）,,,,硫酸雾,吨,7,2025-07,0.31,0.31,
富联精密电子（郑州）,2025,废气-一般排放口合计,一般排放口（合计）,,,,硫酸雾,吨,8,2025-08,0.31,0.31,
富联精密电子（郑州）,2025,废气-一般排放口合计,一般排放口（合计）,,,,硫酸雾,吨,9,2025-09,0.3,0.3,
富联精密电子（郑州）,2025,废气-一般排放口合计,一般排放口（合计）,,,,硫酸雾,吨,10,2025-10,0.54,0.54,
富联精密电子（郑州）,2025,废气-一般排放口合计,一般排放口（合计）,,,,硫酸雾,吨,11,2025-11,0.48,0.48,
富联精密电子（郑州）,2025,废气-一般排放口合计,一般排放口（合计）,,,,硫酸雾,吨,12,2025-12,0.6,0.6,
富联精密电子（郑州）,2025,废气-一般排放口合计,一般排放口（合计）,,,,硝酸雾,吨,1,2025-01,0.0,0,
富联精密电子（郑州）,2025,废气-一般排放口合计,一般排放口（合计）,,,,硝酸雾,吨,2,2025-02,0.0,0,
富联精密电子（郑州）,2025,废气-一般排放口合计,一般排放口（合计）,,,,硝酸雾,吨,3,2025-03,0.0,0,
富联精密电子（郑州）,2025,废气-一般排放口合计,一般排放口（合计）,,,,硝酸雾,吨,4,2025-04,0.0,0,
富联精密电子（郑州）,2025,废气-一般排放口合计,一般排放口（合计）,,,,硝酸雾,吨,5,2025-05,0.0,0,
富联精密电子（郑州）,2025,废气-一般排放口合计,一般排放口（合计）,,,,硝酸雾,吨,6,2025-06,0.0,0,
富联精密电子（郑州）,2025,废气-一般排放口合计,一般排放口（合计）,,,,硝酸雾,吨,7,2025-07,0.0,0,
富联精密电子（郑州）,2025,废气-一般排放口合计,一般排放口（合计）,,,,硝酸雾,吨,8,2025-08,0.0,0,
富联精密电子（郑州）,2025,废气-一般排放口合计,一般排放口（合计）,,,,硝酸雾,吨,9,2025-09,0.0,0,
富联精密电子（郑州）,2025,废气-一般排放口合计,一般排放口（合计）,,,,硝酸雾,吨,10,2025-10,0.0,0,
富联精密电子（郑州）,2025,废气-一般排放口合计,一般排放口（合计）,,,,硝酸雾,吨,11,2025-11,0.0,0,
富联精密电子（郑州）,2025,废气-一般排放口合计,一般排放口（合计）,,,,硝酸雾,吨,12,2025-12,0.0,0,
富联精密电子（郑州）,2025,废气-一般排放口合计,一般排放口（合计）,,,,油雾,吨,1,2025-01,0.53,0.53,
富联精密电子（郑州）,2025,废气-一般排放口合计,一般排放口（合计）,,,,油雾,吨,2,2025-02,2.5,2.5,
富联精密电子（郑州）,2025,废气-一般排放口合计,一般排放口（合计）,,,,油雾,吨,3,2025-03,0.53,0.53,
富联精密电子（郑州）,2025,废气-一般排放口合计,一般排放口（合计）,,,,油雾,吨,4,2025-04,0.52,0.52,
富联精密电子（郑州）,2025,废气-一般排放口合计,一般排放口（合计）,,,,油雾,吨,5,2025-05,0.53,0.53,
富联精密电子（郑州）,2025,废气-一般排放口合计,一般排放口（合计）,,,,油雾,吨,6,2025-06,0.52,0.52,
富联精密电子（郑州）,2025,废气-一般排放口合计,一般排放口（合计）,,,,油雾,吨,7,2025-07,0.53,0.53,
富联精密电子（郑州）,2025,废气-一般排放口合计,一般排放口（合计）,,,,油雾,吨,8,2025-08,0.53,0.53,
富联精密电子（郑州）,2025,废气-一般排放口合计,一般排放口（合计）,,,,油雾,吨,9,2025-09,0.52,0.52,
富联精密电子（郑州）,2025,废气-一般排放口合计,一般排放口（合计）,,,,油雾,吨,10,2025-10,0.48,0.48,
富联精密电子（郑州）,2025,废气-一般排放口合计,一般排放口（合计）,,,,油雾,吨,11,2025-11,0.52,0.52,
富联精密电子（郑州）,2025,废气-一般排放口合计,一般排放口（合计）,,,,油雾,吨,12,2025-12,0.53,0.53,
富联精密电子（郑州）,2025,废气-一般排放口合计,一般排放口（合计）,,,,颗粒物,吨,1,2025-01,0.31,0.31,
富联精密电子（郑州）,2025,废气-一般排放口合计,一般排放口（合计）,,,,颗粒物,吨,2,2025-02,0.29,0.29,
富联精密电子（郑州）,2025,废气-一般排放口合计,一般排放口（合计）,,,,颗粒物,吨,3,2025-03,0.31,0.31,
富联精密电子（郑州）,2025,废气-一般排放口合计,一般排放口（合计）,,,,颗粒物,吨,4,2025-04,0.31,0.31,
富联精密电子（郑州）,2025,废气-一般排放口合计,一般排放口（合计）,,,,颗粒物,吨,5,2025-05,0.29,0.29,
富联精密电子（郑州）,2025,废气-一般排放口合计,一般排放口（合计）,,,,颗粒物,吨,6,2025-06,0.31,0.31,
富联精密电子（郑州）,2025,废气-一般排放口合计,一般排放口（合计）,,,,颗粒物,吨,7,2025-07,0.31,0.31,
富联精密电子（郑州）,2025,废气-一般排放口合计,一般排放口（合计）,,,,颗粒物,吨,8,2025-08,0.31,0.31,
富联精密电子（郑州）,2025,废气-一般排放口合计,一般排放口（合计）,,,,颗粒物,吨,9,2025-09,0.3,0.3,
富联精密电子（郑州）,2025,废气-一般排放口合计,一般排放口（合计）,,,,颗粒物,吨,10,2025-10,0.28,0.28,
富联精密电子（郑州）,2025,废气-一般排放口合计,一般排放口（合计）,,,,颗粒物,吨,11,2025-11,0.3,0.3,
富联精密电子（郑州）,2025,废气-一般排放口合计,一般排放口（合计）,,,,颗粒物,吨,12,2025-12,0.31,0.31,
富联精密电子（郑州）,2025,废气-一般排放口合计,一般排放口（合计）,,,,非甲烷总烃,吨,1,2025-01,0.37,0.37,
富联精密电子（郑州）,2025,废气-一般排放口合计,一般排放口（合计）,,,,非甲烷总烃,吨,2,2025-02,0.34,0.34,
富联精密电子（郑州）,2025,废气-一般排放口合计,一般排放口（合计）,,,,非甲烷总烃,吨,3,2025-03,0.37,0.37,
富联精密电子（郑州）,2025,废气-一般排放口合计,一般排放口（合计）,,,,非甲烷总烃,吨,4,2025-04,0.37,0.37,
富联精密电子（郑州）,2025,废气-一般排放口合计,一般排放口（合计）,,,,非甲烷总烃,吨,5,2025-05,0.34,0.34,
富联精密电子（郑州）,2025,废气-一般排放口合计,一般排放口（合计）,,,,非甲烷总烃,吨,6,2025-06,0.37,0.37,
富联精密电子（郑州）,2025,废气-一般排放口合计,一般排放口（合计）,,,,非甲烷总烃,吨,7,2025-07,0.37,0.37,
富联精密电子（郑州）,2025,废气-一般排放口合计,一般排放口（合计）,,,,非甲烷总烃,吨,8,2025-08,0.37,0.37,
富联精密电子（郑州）,2025,废气-一般排放口合计,一般排放口（合计）,,,,非甲烷总烃,吨,9,2025-09,0.35,0.35,
富联精密电子（郑州）,2025,废气-一般排放口合计,一般排放口（合计）,,,,非甲烷总烃,吨,10,2025-10,0.0,0,
富联精密电子（郑州）,2025,废气-一般排放口合计,一般排放口（合计）,,,,非甲烷总烃,吨,11,2025-11,0.0,0,
富联精密电子（郑州）,2025,废气-一般排放口合计,一般排放口（合计）,,,,非甲烷总烃,吨,12,2025-12,0.37,0.37,
富联精密电子（郑州）,2025,废气-全厂合计,全厂合计,,,,NOx,吨,1,2025-01,0.0,0,
富联精密电子（郑州）,2025,废气-全厂合计,全厂合计,,,,NOx,吨,2,2025-02,0.0,0,
富联精密电子（郑州）,2025,废气-全厂合计,全厂合计,,,,NOx,吨,3,2025-03,0.0,0,
富联精密电子（郑州）,2025,废气-全厂合计,全厂合计,,,,NOx,吨,4,2025-04,0.0,0,
富联精密电子（郑州）,2025,废气-全厂合计,全厂合计,,,,NOx,吨,5,2025-05,0.0,0,
富联精密电子（郑州）,2025,废气-全厂合计,全厂合计,,,,NOx,吨,6,2025-06,0.0,0,
富联精密电子（郑州）,2025,废气-全厂合计,全厂合计,,,,NOx,吨,7,2025-07,0.0,0,
富联精密电子（郑州）,2025,废气-全厂合计,全厂合计,,,,NOx,吨,8,2025-08,0.0,0,
富联精密电子（郑州）,2025,废气-全厂合计,全厂合计,,,,NOx,吨,9,2025-09,0.0,0,
富联精密电子（郑州）,2025,废气-全厂合计,全厂合计,,,,NOx,吨,10,2025-10,0.0,0,
富联精密电子（郑州）,2025,废气-全厂合计,全厂合计,,,,NOx,吨,11,2025-11,0.0,0,
富联精密电子（郑州）,2025,废气-全厂合计,全厂合计,,,,NOx,吨,12,2025-12,0.0,0,
富联精密电子（郑州）,2025,废气-全厂合计,全厂合计,,,,SO2,吨,1,2025-01,0.0,0,
富联精密电子（郑州）,2025,废气-全厂合计,全厂合计,,,,SO2,吨,2,2025-02,0.0,0,
富联精密电子（郑州）,2025,废气-全厂合计,全厂合计,,,,SO2,吨,3,2025-03,0.0,0,
富联精密电子（郑州）,2025,废气-全厂合计,全厂合计,,,,SO2,吨,4,2025-04,,/,
富联精密电子（郑州）,2025,废气-全厂合计,全厂合计,,,,SO2,吨,5,2025-05,,/,
富联精密电子（郑州）,2025,废气-全厂合计,全厂合计,,,,SO2,吨,6,2025-06,,/,
富联精密电子（郑州）,2025,废气-全厂合计,全厂合计,,,,SO2,吨,7,2025-07,,/,
富联精密电子（郑州）,2025,废气-全厂合计,全厂合计,,,,SO2,吨,8,2025-08,,/,
富联精密电子（郑州）,2025,废气-全厂合计,全厂合计,,,,SO2,吨,9,2025-09,,/,
富联精密电子（郑州）,2025,废气-全厂合计,全厂合计,,,,SO2,吨,10,2025-10,0.0,0,
富联精密电子（郑州）,2025,废气-全厂合计,全厂合计,,,,SO2,吨,11,2025-11,0.0,0,
富联精密电子（郑州）,2025,废气-全厂合计,全厂合计,,,,SO2,吨,12,2025-12,0.0,0,
富联精密电子（郑州）,2025,废气-全厂合计,全厂合计,,,,颗粒物,吨,1,2025-01,0.31,0.31,
富联精密电子（郑州）,2025,废气-全厂合计,全厂合计,,,,颗粒物,吨,2,2025-02,0.29,0.29,
富联精密电子（郑州）,2025,废气-全厂合计,全厂合计,,,,颗粒物,吨,3,2025-03,0.31,0.31,
富联精密电子（郑州）,2025,废气-全厂合计,全厂合计,,,,颗粒物,吨,4,2025-04,0.31,0.31,
富联精密电子（郑州）,2025,废气-全厂合计,全厂合计,,,,颗粒物,吨,5,2025-05,0.29,0.29,
富联精密电子（郑州）,2025,废气-全厂合计,全厂合计,,,,颗粒物,吨,6,2025-06,0.31,0.31,
富联精密电子（郑州）,2025,废气-全厂合计,全厂合计,,,,颗粒物,吨,7,2025-07,0.31,0.31,
富联精密电子（郑州）,2025,废气-全厂合计,全厂合计,,,,颗粒物,吨,8,2025-08,0.31,0.31,
富联精密电子（郑州）,2025,废气-全厂合计,全厂合计,,,,颗粒物,吨,9,2025-09,0.3,0.3,
富联精密电子（郑州）,2025,废气-全厂合计,全厂合计,,,,颗粒物,吨,10,2025-10,0.28,0.28,
富联精密电子（郑州）,2025,废气-全厂合计,全厂合计,,,,颗粒物,吨,11,2025-11,0.3,0.3,
富联精密电子（郑州）,2025,废气-全厂合计,全厂合计,,,,颗粒物,吨,12,2025-12,0.31,0.31,
富联精密电子（郑州）,2025,废气-全厂合计,全厂合计,,,,VOCs,吨,1,2025-01,0.37,0.37,
富联精密电子（郑州）,2025,废气-全厂合计,全厂合计,,,,VOCs,吨,2,2025-02,0.34,0.34,
富联精密电子（郑州）,2025,废气-全厂合计,全厂合计,,,,VOCs,吨,3,2025-03,0.37,0.37,
富联精密电子（郑州）,2025,废气-全厂合计,全厂合计,,,,VOCs,吨,4,2025-04,0.35,0.35,
富联精密电子（郑州）,2025,废气-全厂合计,全厂合计,,,,VOCs,吨,5,2025-05,0.37,0.37,
富联精密电子（郑州）,2025,废气-全厂合计,全厂合计,,,,VOCs,吨,6,2025-06,0.35,0.35,
富联精密电子（郑州）,2025,废气-全厂合计,全厂合计,,,,VOCs,吨,7,2025-07,0.37,0.37,
富联精密电子（郑州）,2025,废气-全厂合计,全厂合计,,,,VOCs,吨,8,2025-08,0.37,0.37,
富联精密电子（郑州）,2025,废气-全厂合计,全厂合计,,,,VOCs,吨,9,2025-09,0.35,0.35,
富联精密电子（郑州）,2025,废气-全厂合计,全厂合计,,,,VOCs,吨,10,2025-10,0.0,0,
富联精密电子（郑州）,2025,废气-全厂合计,全厂合计,,,,VOCs,吨,11,2025-11,0.0,0,
富联精密电子（郑州）,2025,废气-全厂合计,全厂合计,,,,VOCs,吨,12,2025-12,0.0,0,
富联精密电子（郑州）,2025,废水-主要排放口,主要排放口,间接排放口,DW001,生产废水排放口DW035,pH值,无量纲,1,2025-01,7.515,7.515,无量纲
富联精密电子（郑州）,2025,废水-主要排放口,主要排放口,间接排放口,DW001,生产废水排放口DW035,pH值,无量纲,2,2025-02,7.16,7.16,无量纲
富联精密电子（郑州）,2025,废水-主要排放口,主要排放口,间接排放口,DW001,生产废水排放口DW035,pH值,无量纲,3,2025-03,7.11,7.11,无量纲
富联精密电子（郑州）,2025,废水-主要排放口,主要排放口,间接排放口,DW001,生产废水排放口DW035,pH值,无量纲,4,2025-04,6.86,6.86,无量纲
富联精密电子（郑州）,2025,废水-主要排放口,主要排放口,间接排放口,DW001,生产废水排放口DW035,pH值,无量纲,5,2025-05,7.06,7.06,无量纲
富联精密电子（郑州）,2025,废水-主要排放口,主要排放口,间接排放口,DW001,生产废水排放口DW035,pH值,无量纲,6,2025-06,7.59,7.59,无量纲
富联精密电子（郑州）,2025,废水-主要排放口,主要排放口,间接排放口,DW001,生产废水排放口DW035,pH值,无量纲,7,2025-07,7.093,7.093,无量纲
富联精密电子（郑州）,2025,废水-主要排放口,主要排放口,间接排放口,DW001,生产废水排放口DW035,pH值,无量纲,8,2025-08,6.887,6.887,无量纲
富联精密电子（郑州）,2025,废水-主要排放口,主要排放口,间接排放口,DW001,生产废水排放口DW035,pH值,无量纲,9,2025-09,7.0,7,无量纲
富联精密电子（郑州）,2025,废水-主要排放口,主要排放口,间接排放口,DW001,生产废水排放口DW035,pH值,无量纲,10,2025-10,7.48,7.48,无量纲
富联精密电子（郑州）,2025,废水-主要排放口,主要排放口,间接排放口,DW001,生产废水排放口DW035,pH值,无量纲,11,2025-11,7.52,7.52,无量纲
富联精密电子（郑州）,2025,废水-主要排放口,主要排放口,间接排放口,DW001,生产废水排放口DW035,pH值,无量纲,12,2025-12,7.4,7.4,无量纲
富联精密电子（郑州）,2025,废水-主要排放口,主要排放口,间接排放口,DW001,生产废水排放口DW035,悬浮物,吨,1,2025-01,1.01,1.01,
富联精密电子（郑州）,2025,废水-主要排放口,主要排放口,间接排放口,DW001,生产废水排放口DW035,悬浮物,吨,2,2025-02,0.93,0.93,
富联精密电子（郑州）,2025,废水-主要排放口,主要排放口,间接排放口,DW001,生产废水排放口DW035,悬浮物,吨,3,2025-03,0.91,0.91,
富联精密电子（郑州）,2025,废水-主要排放口,主要排放口,间接排放口,DW001,生产废水排放口DW035,悬浮物,吨,4,2025-04,1.21,1.21,
富联精密电子（郑州）,2025,废水-主要排放口,主要排放口,间接排放口,DW001,生产废水排放口DW035,悬浮物,吨,5,2025-05,0.6,0.6,
富联精密电子（郑州）,2025,废水-主要排放口,主要排放口,间接排放口,DW001,生产废水排放口DW035,悬浮物,吨,6,2025-06,2.35,2.35,
富联精密电子（郑州）,2025,废水-主要排放口,主要排放口,间接排放口,DW001,生产废水排放口DW035,悬浮物,吨,7,2025-07,0.83,0.83,
富联精密电子（郑州）,2025,废水-主要排放口,主要排放口,间接排放口,DW001,生产废水排放口DW035,悬浮物,吨,8,2025-08,1.07,1.07,
富联精密电子（郑州）,2025,废水-主要排放口,主要排放口,间接排放口,DW001,生产废水排放口DW035,悬浮物,吨,9,2025-09,1.07,1.07,
富联精密电子（郑州）,2025,废水-主要排放口,主要排放口,间接排放口,DW001,生产废水排放口DW035,悬浮物,吨,10,2025-10,0.84,0.84,
富联精密电子（郑州）,2025,废水-主要排放口,主要排放口,间接排放口,DW001,生产废水排放口DW035,悬浮物,吨,11,2025-11,0.81,0.81,
富联精密电子（郑州）,2025,废水-主要排放口,主要排放口,间接排放口,DW001,生产废水排放口DW035,悬浮物,吨,12,2025-12,0.6,0.6,
富联精密电子（郑州）,2025,废水-主要排放口,主要排放口,间接排放口,DW001,生产废水排放口DW035,五日生化需氧量,吨,1,2025-01,0.53,0.53,
富联精密电子（郑州）,2025,废水-主要排放口,主要排放口,间接排放口,DW001,生产废水排放口DW035,五日生化需氧量,吨,2,2025-02,0.5,0.5,
富联精密电子（郑州）,2025,废水-主要排放口,主要排放口,间接排放口,DW001,生产废水排放口DW035,五日生化需氧量,吨,3,2025-03,0.0,0,
富联精密电子（郑州）,2025,废水-主要排放口,主要排放口,间接排放口,DW001,生产废水排放口DW035,五日生化需氧量,吨,4,2025-04,0.3,0.3,
富联精密电子（郑州）,2025,废水-主要排放口,主要排放口,间接排放口,DW001,生产废水排放口DW035,五日生化需氧量,吨,5,2025-05,0.23,0.23,
富联精密电子（郑州）,2025,废水-主要排放口,主要排放口,间接排放口,DW001,生产废水排放口DW035,五日生化需氧量,吨,6,2025-06,0.27,0.27,
富联精密电子（郑州）,2025,废水-主要排放口,主要排放口,间接排放口,DW001,生产废水排放口DW035,五日生化需氧量,吨,7,2025-07,0.32,0.32,
富联精密电子（郑州）,2025,废水-主要排放口,主要排放口,间接排放口,DW001,生产废水排放口DW035,五日生化需氧量,吨,8,2025-08,0.37,0.37,
富联精密电子（郑州）,2025,废水-主要排放口,主要排放口,间接排放口,DW001,生产废水排放口DW035,五日生化需氧量,吨,9,2025-09,0.49,0.49,
富联精密电子（郑州）,2025,废水-主要排放口,主要排放口,间接排放口,DW001,生产废水排放口DW035,五日生化需氧量,吨,10,2025-10,0.39,0.39,
富联精密电子（郑州）,2025,废水-主要排放口,主要排放口,间接排放口,DW001,生产废水排放口DW035,五日生化需氧量,吨,11,2025-11,0.53,0.53,
富联精密电子（郑州）,2025,废水-主要排放口,主要排放口,间接排放口,DW001,生产废水排放口DW035,五日生化需氧量,吨,12,2025-12,0.4,0.4,
富联精密电子（郑州）,2025,废水-主要排放口,主要排放口,间接排放口,DW001,生产废水排放口DW035,化学需氧量,吨,1,2025-01,4.96,4.96,
富联精密电子（郑州）,2025,废水-主要排放口,主要排放口,间接排放口,DW001,生产废水排放口DW035,化学需氧量,吨,2,2025-02,4.77,4.77,
富联精密电子（郑州）,2025,废水-主要排放口,主要排放口,间接排放口,DW001,生产废水排放口DW035,化学需氧量,吨,3,2025-03,5.74,5.74,
富联精密电子（郑州）,2025,废水-主要排放口,主要排放口,间接排放口,DW001,生产废水排放口DW035,化学需氧量,吨,4,2025-04,1.905,1.905,
富联精密电子（郑州）,2025,废水-主要排放口,主要排放口,间接排放口,DW001,生产废水排放口DW035,化学需氧量,吨,5,2025-05,1.498,1.498,
富联精密电子（郑州）,2025,废水-主要排放口,主要排放口,间接排放口,DW001,生产废水排放口DW035,化学需氧量,吨,6,2025-06,0.981,0.981,
富联精密电子（郑州）,2025,废水-主要排放口,主要排放口,间接排放口,DW001,生产废水排放口DW035,化学需氧量,吨,7,2025-07,1.244,1.244,
富联精密电子（郑州）,2025,废水-主要排放口,主要排放口,间接排放口,DW001,生产废水排放口DW035,化学需氧量,吨,8,2025-08,1.9,1.9,
富联精密电子（郑州）,2025,废水-主要排放口,主要排放口,间接排放口,DW001,生产废水排放口DW035,化学需氧量,吨,9,2025-09,2.029,2.029,
富联精密电子（郑州）,2025,废水-主要排放口,主要排放口,间接排放口,DW001,生产废水排放口DW035,化学需氧量,吨,10,2025-10,1.243,1.243,
富联精密电子（郑州）,2025,废水-主要排放口,主要排放口,间接排放口,DW001,生产废水排放口DW035,化学需氧量,吨,11,2025-11,0.873,0.873,
富联精密电子（郑州）,2025,废水-主要排放口,主要排放口,间接排放口,DW001,生产废水排放口DW035,化学需氧量,吨,12,2025-12,1.015,1.015,
富联精密电子（郑州）,2025,废水-主要排放口,主要排放口,间接排放口,DW001,生产废水排放口DW035,阴离子表面活性剂,吨,1,2025-01,0.0,0,
富联精密电子（郑州）,2025,废水-主要排放口,主要排放口,间接排放口,DW001,生产废水排放口DW035,阴离子表面活性剂,吨,2,2025-02,0.0,0,
富联精密电子（郑州）,2025,废水-主要排放口,主要排放口,间接排放口,DW001,生产废水排放口DW035,阴离子表面活性剂,吨,3,2025-03,0.0,0,
富联精密电子（郑州）,2025,废水-主要排放口,主要排放口,间接排放口,DW001,生产废水排放口DW035,阴离子表面活性剂,吨,4,2025-04,0.0,0,
富联精密电子（郑州）,2025,废水-主要排放口,主要排放口,间接排放口,DW001,生产废水排放口DW035,阴离子表面活性剂,吨,5,2025-05,0.0,0,
富联精密电子（郑州）,2025,废水-主要排放口,主要排放口,间接排放口,DW001,生产废水排放口DW035,阴离子表面活性剂,吨,6,2025-06,0.0,0,
富联精密电子（郑州）,2025,废水-主要排放口,主要排放口,间接排放口,DW001,生产废水排放口DW035,阴离子表面活性剂,吨,7,2025-07,0.0,0,
富联精密电子（郑州）,2025,废水-主要排放口,主要排放口,间接排放口,DW001,生产废水排放口DW035,阴离子表面活性剂,吨,8,2025-08,0.0,0,
富联精密电子（郑州）,2025,废水-主要排放口,主要排放口,间接排放口,DW001,生产废水排放口DW035,阴离子表面活性剂,吨,9,2025-09,0.0,0,
富联精密电子（郑州）,2025,废水-主要排放口,主要排放口,间接排放口,DW001,生产废水排放口DW035,阴离子表面活性剂,吨,10,2025-10,0.0,0,
富联精密电子（郑州）,2025,废水-主要排放口,主要排放口,间接排放口,DW001,生产废水排放口DW035,阴离子表面活性剂,吨,11,2025-11,0.0,0,
富联精密电子（郑州）,2025,废水-主要排放口,主要排放口,间接排放口,DW001,生产废水排放口DW035,阴离子表面活性剂,吨,12,2025-12,0.0,0,
富联精密电子（郑州）,2025,废水-主要排放口,主要排放口,间接排放口,DW001,生产废水排放口DW035,总氮（以N计）,吨,1,2025-01,0.668,0.668,
富联精密电子（郑州）,2025,废水-主要排放口,主要排放口,间接排放口,DW001,生产废水排放口DW035,总氮（以N计）,吨,2,2025-02,0.392,0.392,
富联精密电子（郑州）,2025,废水-主要排放口,主要排放口,间接排放口,DW001,生产废水排放口DW035,总氮（以N计）,吨,3,2025-03,1.045,1.045,
富联精密电子（郑州）,2025,废水-主要排放口,主要排放口,间接排放口,DW001,生产废水排放口DW035,总氮（以N计）,吨,4,2025-04,1.657,1.657,
富联精密电子（郑州）,2025,废水-主要排放口,主要排放口,间接排放口,DW001,生产废水排放口DW035,总氮（以N计）,吨,5,2025-05,1.038,1.038,
富联精密电子（郑州）,2025,废水-主要排放口,主要排放口,间接排放口,DW001,生产废水排放口DW035,总氮（以N计）,吨,6,2025-06,0.891,0.891,
富联精密电子（郑州）,2025,废水-主要排放口,主要排放口,间接排放口,DW001,生产废水排放口DW035,总氮（以N计）,吨,7,2025-07,1.091,1.091,
富联精密电子（郑州）,2025,废水-主要排放口,主要排放口,间接排放口,DW001,生产废水排放口DW035,总氮（以N计）,吨,8,2025-08,3.03,3.03,
富联精密电子（郑州）,2025,废水-主要排放口,主要排放口,间接排放口,DW001,生产废水排放口DW035,总氮（以N计）,吨,9,2025-09,4.689,4.689,
富联精密电子（郑州）,2025,废水-主要排放口,主要排放口,间接排放口,DW001,生产废水排放口DW035,总氮（以N计）,吨,10,2025-10,4.106,4.106,
富联精密电子（郑州）,2025,废水-主要排放口,主要排放口,间接排放口,DW001,生产废水排放口DW035,总氮（以N计）,吨,11,2025-11,4.332,4.332,
富联精密电子（郑州）,2025,废水-主要排放口,主要排放口,间接排放口,DW001,生产废水排放口DW035,总氮（以N计）,吨,12,2025-12,4.121,4.121,
富联精密电子（郑州）,2025,废水-主要排放口,主要排放口,间接排放口,DW001,生产废水排放口DW035,氨氮（NH3-N）,吨,1,2025-01,0.326,0.326,
富联精密电子（郑州）,2025,废水-主要排放口,主要排放口,间接排放口,DW001,生产废水排放口DW035,氨氮（NH3-N）,吨,2,2025-02,0.061,0.061,
富联精密电子（郑州）,2025,废水-主要排放口,主要排放口,间接排放口,DW001,生产废水排放口DW035,氨氮（NH3-N）,吨,3,2025-03,0.066,0.066,
富联精密电子（郑州）,2025,废水-主要排放口,主要排放口,间接排放口,DW001,生产废水排放口DW035,氨氮（NH3-N）,吨,4,2025-04,0.052,0.052,
富联精密电子（郑州）,2025,废水-主要排放口,主要排放口,间接排放口,DW001,生产废水排放口DW035,氨氮（NH3-N）,吨,5,2025-05,0.009,0.009,
富联精密电子（郑州）,2025,废水-主要排放口,主要排放口,间接排放口,DW001,生产废水排放口DW035,氨氮（NH3-N）,吨,6,2025-06,0.067,0.067,
富联精密电子（郑州）,2025,废水-主要排放口,主要排放口,间接排放口,DW001,生产废水排放口DW035,氨氮（NH3-N）,吨,7,2025-07,0.013,0.013,
富联精密电子（郑州）,2025,废水-主要排放口,主要排放口,间接排放口,DW001,生产废水排放口DW035,氨氮（NH3-N）,吨,8,2025-08,0.03,0.03,
富联精密电子（郑州）,2025,废水-主要排放口,主要排放口,间接排放口,DW001,生产废水排放口DW035,氨氮（NH3-N）,吨,9,2025-09,0.01,0.01,
富联精密电子（郑州）,2025,废水-主要排放口,主要排放口,间接排放口,DW001,生产废水排放口DW035,氨氮（NH3-N）,吨,10,2025-10,0.004,0.004,
富联精密电子（郑州）,2025,废水-主要排放口,主要排放口,间接排放口,DW001,生产废水排放口DW035,氨氮（NH3-N）,吨,11,2025-11,0.014,0.014,
富联精密电子（郑州）,2025,废水-主要排放口,主要排放口,间接排放口,DW001,生产废水排放口DW035,氨氮（NH3-N）,吨,12,2025-12,0.007,0.007,
富联精密电子（郑州）,2025,废水-主要排放口,主要排放口,间接排放口,DW001,生产废水排放口DW035,总磷（以P计）,吨,1,2025-01,0.006,0.006,
富联精密电子（郑州）,2025,废水-主要排放口,主要排放口,间接排放口,DW001,生产废水排放口DW035,总磷（以P计）,吨,2,2025-02,0.392,0.392,
富联精密电子（郑州）,2025,废水-主要排放口,主要排放口,间接排放口,DW001,生产废水排放口DW035,总磷（以P计）,吨,3,2025-03,0.011,0.011,
富联精密电子（郑州）,2025,废水-主要排放口,主要排放口,间接排放口,DW001,生产废水排放口DW035,总磷（以P计）,吨,4,2025-04,0.003,0.003,
富联精密电子（郑州）,2025,废水-主要排放口,主要排放口,间接排放口,DW001,生产废水排放口DW035,总磷（以P计）,吨,5,2025-05,0.008,0.008,
富联精密电子（郑州）,2025,废水-主要排放口,主要排放口,间接排放口,DW001,生产废水排放口DW035,总磷（以P计）,吨,6,2025-06,0.012,0.012,
富联精密电子（郑州）,2025,废水-主要排放口,主要排放口,间接排放口,DW001,生产废水排放口DW035,总磷（以P计）,吨,7,2025-07,0.009,0.009,
富联精密电子（郑州）,2025,废水-主要排放口,主要排放口,间接排放口,DW001,生产废水排放口DW035,总磷（以P计）,吨,8,2025-08,0.021,0.021,
富联精密电子（郑州）,2025,废水-主要排放口,主要排放口,间接排放口,DW001,生产废水排放口DW035,总磷（以P计）,吨,9,2025-09,0.02,0.02,
富联精密电子（郑州）,2025,废水-主要排放口,主要排放口,间接排放口,DW001,生产废水排放口DW035,总磷（以P计）,吨,10,2025-10,0.009,0.009,
富联精密电子（郑州）,2025,废水-主要排放口,主要排放口,间接排放口,DW001,生产废水排放口DW035,总磷（以P计）,吨,11,2025-11,0.021,0.021,
富联精密电子（郑州）,2025,废水-主要排放口,主要排放口,间接排放口,DW001,生产废水排放口DW035,总磷（以P计）,吨,12,2025-12,0.015,0.015,
富联精密电子（郑州）,2025,废水-主要排放口,主要排放口,间接排放口,DW001,生产废水排放口DW035,石油类,吨,1,2025-01,0.0,0,
富联精密电子（郑州）,2025,废水-主要排放口,主要排放口,间接排放口,DW001,生产废水排放口DW035,石油类,吨,2,2025-02,0.01,0.01,
富联精密电子（郑州）,2025,废水-主要排放口,主要排放口,间接排放口,DW001,生产废水排放口DW035,石油类,吨,3,2025-03,0.0,0,
富联精密电子（郑州）,2025,废水-主要排放口,主要排放口,间接排放口,DW001,生产废水排放口DW035,石油类,吨,4,2025-04,0.0,0,
富联精密电子（郑州）,2025,废水-主要排放口,主要排放口,间接排放口,DW001,生产废水排放口DW035,石油类,吨,5,2025-05,0.0,0,
富联精密电子（郑州）,2025,废水-主要排放口,主要排放口,间接排放口,DW001,生产废水排放口DW035,石油类,吨,6,2025-06,0.0,0,
富联精密电子（郑州）,2025,废水-主要排放口,主要排放口,间接排放口,DW001,生产废水排放口DW035,石油类,吨,7,2025-07,0.06,0.06,
富联精密电子（郑州）,2025,废水-主要排放口,主要排放口,间接排放口,DW001,生产废水排放口DW035,石油类,吨,8,2025-08,0.0,0,
富联精密电子（郑州）,2025,废水-主要排放口,主要排放口,间接排放口,DW001,生产废水排放口DW035,石油类,吨,9,2025-09,0.0,0,
富联精密电子（郑州）,2025,废水-主要排放口,主要排放口,间接排放口,DW001,生产废水排放口DW035,石油类,吨,10,2025-10,0.01,0.01,
富联精密电子（郑州）,2025,废水-主要排放口,主要排放口,间接排放口,DW001,生产废水排放口DW035,石油类,吨,11,2025-11,0.04,0.04,
富联精密电子（郑州）,2025,废水-主要排放口,主要排放口,间接排放口,DW001,生产废水排放口DW035,石油类,吨,12,2025-12,0.0,0,
富联精密电子（郑州）,2025,废水-主要排放口,主要排放口,间接排放口,DW001,生产废水排放口DW035,流量,吨或m³（报告未注明）,1,2025-01,131863.0,131863,
富联精密电子（郑州）,2025,废水-主要排放口,主要排放口,间接排放口,DW001,生产废水排放口DW035,流量,吨或m³（报告未注明）,2,2025-02,127491.0,127491,
富联精密电子（郑州）,2025,废水-主要排放口,主要排放口,间接排放口,DW001,生产废水排放口DW035,流量,吨或m³（报告未注明）,3,2025-03,118899.0,118899,
富联精密电子（郑州）,2025,废水-主要排放口,主要排放口,间接排放口,DW001,生产废水排放口DW035,流量,吨或m³（报告未注明）,4,2025-04,101130.0,101130,
富联精密电子（郑州）,2025,废水-主要排放口,主要排放口,间接排放口,DW001,生产废水排放口DW035,流量,吨或m³（报告未注明）,5,2025-05,81833.0,81833,
富联精密电子（郑州）,2025,废水-主要排放口,主要排放口,间接排放口,DW001,生产废水排放口DW035,流量,吨或m³（报告未注明）,6,2025-06,85951.0,85951,
富联精密电子（郑州）,2025,废水-主要排放口,主要排放口,间接排放口,DW001,生产废水排放口DW035,流量,吨或m³（报告未注明）,7,2025-07,107779.0,107779,
富联精密电子（郑州）,2025,废水-主要排放口,主要排放口,间接排放口,DW001,生产废水排放口DW035,流量,吨或m³（报告未注明）,8,2025-08,133637.0,133637,
富联精密电子（郑州）,2025,废水-主要排放口,主要排放口,间接排放口,DW001,生产废水排放口DW035,流量,吨或m³（报告未注明）,9,2025-09,139652.0,139652,
富联精密电子（郑州）,2025,废水-主要排放口,主要排放口,间接排放口,DW001,生产废水排放口DW035,流量,吨或m³（报告未注明）,10,2025-10,124351.0,124351,
富联精密电子（郑州）,2025,废水-主要排放口,主要排放口,间接排放口,DW001,生产废水排放口DW035,流量,吨或m³（报告未注明）,11,2025-11,110296.0,110296,
富联精密电子（郑州）,2025,废水-主要排放口,主要排放口,间接排放口,DW001,生产废水排放口DW035,流量,吨或m³（报告未注明）,12,2025-12,106029.0,106029,
富联精密电子（郑州）,2025,废水-主要排放口,主要排放口,间接排放口,DW001,生产废水排放口DW035,总铝,吨,1,2025-01,0.01,0.01,
富联精密电子（郑州）,2025,废水-主要排放口,主要排放口,间接排放口,DW001,生产废水排放口DW035,总铝,吨,2,2025-02,0.0,0,
富联精密电子（郑州）,2025,废水-主要排放口,主要排放口,间接排放口,DW001,生产废水排放口DW035,总铝,吨,3,2025-03,0.0,0,
富联精密电子（郑州）,2025,废水-主要排放口,主要排放口,间接排放口,DW001,生产废水排放口DW035,总铝,吨,4,2025-04,0.02,0.02,
富联精密电子（郑州）,2025,废水-主要排放口,主要排放口,间接排放口,DW001,生产废水排放口DW035,总铝,吨,5,2025-05,0.0,0,
富联精密电子（郑州）,2025,废水-主要排放口,主要排放口,间接排放口,DW001,生产废水排放口DW035,总铝,吨,6,2025-06,0.01,0.01,
富联精密电子（郑州）,2025,废水-主要排放口,主要排放口,间接排放口,DW001,生产废水排放口DW035,总铝,吨,7,2025-07,0.02,0.02,
富联精密电子（郑州）,2025,废水-主要排放口,主要排放口,间接排放口,DW001,生产废水排放口DW035,总铝,吨,8,2025-08,0.02,0.02,
富联精密电子（郑州）,2025,废水-主要排放口,主要排放口,间接排放口,DW001,生产废水排放口DW035,总铝,吨,9,2025-09,0.01,0.01,
富联精密电子（郑州）,2025,废水-主要排放口,主要排放口,间接排放口,DW001,生产废水排放口DW035,总铝,吨,10,2025-10,0.02,0.02,
富联精密电子（郑州）,2025,废水-主要排放口,主要排放口,间接排放口,DW001,生产废水排放口DW035,总铝,吨,11,2025-11,0.002,0.002,
富联精密电子（郑州）,2025,废水-主要排放口,主要排放口,间接排放口,DW001,生产废水排放口DW035,总铝,吨,12,2025-12,0.018,0.018,
富联精密电子（郑州）,2025,废水-全厂合计,全厂合计,间接排放口,,,pH值,无量纲,1,2025-01,7.515,7.515,
富联精密电子（郑州）,2025,废水-全厂合计,全厂合计,间接排放口,,,pH值,无量纲,2,2025-02,7.16,7.16,
富联精密电子（郑州）,2025,废水-全厂合计,全厂合计,间接排放口,,,pH值,无量纲,3,2025-03,7.11,7.11,
富联精密电子（郑州）,2025,废水-全厂合计,全厂合计,间接排放口,,,pH值,无量纲,4,2025-04,6.86,6.86,
富联精密电子（郑州）,2025,废水-全厂合计,全厂合计,间接排放口,,,pH值,无量纲,5,2025-05,7.06,7.06,
富联精密电子（郑州）,2025,废水-全厂合计,全厂合计,间接排放口,,,pH值,无量纲,6,2025-06,7.59,7.59,
富联精密电子（郑州）,2025,废水-全厂合计,全厂合计,间接排放口,,,pH值,无量纲,7,2025-07,7.093,7.093,
富联精密电子（郑州）,2025,废水-全厂合计,全厂合计,间接排放口,,,pH值,无量纲,8,2025-08,6.887,6.887,
富联精密电子（郑州）,2025,废水-全厂合计,全厂合计,间接排放口,,,pH值,无量纲,9,2025-09,7.0,7,
富联精密电子（郑州）,2025,废水-全厂合计,全厂合计,间接排放口,,,pH值,无量纲,10,2025-10,7.48,7.48,
富联精密电子（郑州）,2025,废水-全厂合计,全厂合计,间接排放口,,,pH值,无量纲,11,2025-11,7.52,7.52,
富联精密电子（郑州）,2025,废水-全厂合计,全厂合计,间接排放口,,,pH值,无量纲,12,2025-12,7.4,7.4,
富联精密电子（郑州）,2025,废水-全厂合计,全厂合计,间接排放口,,,悬浮物,吨,1,2025-01,1.01,1.01,
富联精密电子（郑州）,2025,废水-全厂合计,全厂合计,间接排放口,,,悬浮物,吨,2,2025-02,0.93,0.93,
富联精密电子（郑州）,2025,废水-全厂合计,全厂合计,间接排放口,,,悬浮物,吨,3,2025-03,0.91,0.91,
富联精密电子（郑州）,2025,废水-全厂合计,全厂合计,间接排放口,,,悬浮物,吨,4,2025-04,1.21,1.21,
富联精密电子（郑州）,2025,废水-全厂合计,全厂合计,间接排放口,,,悬浮物,吨,5,2025-05,0.6,0.6,
富联精密电子（郑州）,2025,废水-全厂合计,全厂合计,间接排放口,,,悬浮物,吨,6,2025-06,2.35,2.35,
富联精密电子（郑州）,2025,废水-全厂合计,全厂合计,间接排放口,,,悬浮物,吨,7,2025-07,0.83,0.83,
富联精密电子（郑州）,2025,废水-全厂合计,全厂合计,间接排放口,,,悬浮物,吨,8,2025-08,1.07,1.07,
富联精密电子（郑州）,2025,废水-全厂合计,全厂合计,间接排放口,,,悬浮物,吨,9,2025-09,1.07,1.07,
富联精密电子（郑州）,2025,废水-全厂合计,全厂合计,间接排放口,,,悬浮物,吨,10,2025-10,0.84,0.84,
富联精密电子（郑州）,2025,废水-全厂合计,全厂合计,间接排放口,,,悬浮物,吨,11,2025-11,0.81,0.81,
富联精密电子（郑州）,2025,废水-全厂合计,全厂合计,间接排放口,,,悬浮物,吨,12,2025-12,0.6,0.6,
富联精密电子（郑州）,2025,废水-全厂合计,全厂合计,间接排放口,,,五日生化需氧量,吨,1,2025-01,0.53,0.53,
富联精密电子（郑州）,2025,废水-全厂合计,全厂合计,间接排放口,,,五日生化需氧量,吨,2,2025-02,0.5,0.5,
富联精密电子（郑州）,2025,废水-全厂合计,全厂合计,间接排放口,,,五日生化需氧量,吨,3,2025-03,0.0,0,
富联精密电子（郑州）,2025,废水-全厂合计,全厂合计,间接排放口,,,五日生化需氧量,吨,4,2025-04,0.3,0.3,
富联精密电子（郑州）,2025,废水-全厂合计,全厂合计,间接排放口,,,五日生化需氧量,吨,5,2025-05,0.23,0.23,
富联精密电子（郑州）,2025,废水-全厂合计,全厂合计,间接排放口,,,五日生化需氧量,吨,6,2025-06,0.27,0.27,
富联精密电子（郑州）,2025,废水-全厂合计,全厂合计,间接排放口,,,五日生化需氧量,吨,7,2025-07,0.32,0.32,
富联精密电子（郑州）,2025,废水-全厂合计,全厂合计,间接排放口,,,五日生化需氧量,吨,8,2025-08,0.37,0.37,
富联精密电子（郑州）,2025,废水-全厂合计,全厂合计,间接排放口,,,五日生化需氧量,吨,9,2025-09,0.49,0.49,
富联精密电子（郑州）,2025,废水-全厂合计,全厂合计,间接排放口,,,五日生化需氧量,吨,10,2025-10,0.39,0.39,
富联精密电子（郑州）,2025,废水-全厂合计,全厂合计,间接排放口,,,五日生化需氧量,吨,11,2025-11,0.53,0.53,
富联精密电子（郑州）,2025,废水-全厂合计,全厂合计,间接排放口,,,五日生化需氧量,吨,12,2025-12,0.4,0.4,
富联精密电子（郑州）,2025,废水-全厂合计,全厂合计,间接排放口,,,化学需氧量,吨,1,2025-01,4.96,4.96,
富联精密电子（郑州）,2025,废水-全厂合计,全厂合计,间接排放口,,,化学需氧量,吨,2,2025-02,4.77,4.77,
富联精密电子（郑州）,2025,废水-全厂合计,全厂合计,间接排放口,,,化学需氧量,吨,3,2025-03,5.74,5.74,
富联精密电子（郑州）,2025,废水-全厂合计,全厂合计,间接排放口,,,化学需氧量,吨,4,2025-04,1.905,1.905,
富联精密电子（郑州）,2025,废水-全厂合计,全厂合计,间接排放口,,,化学需氧量,吨,5,2025-05,1.498,1.498,
富联精密电子（郑州）,2025,废水-全厂合计,全厂合计,间接排放口,,,化学需氧量,吨,6,2025-06,0.981,0.981,
富联精密电子（郑州）,2025,废水-全厂合计,全厂合计,间接排放口,,,化学需氧量,吨,7,2025-07,1.244,1.244,
富联精密电子（郑州）,2025,废水-全厂合计,全厂合计,间接排放口,,,化学需氧量,吨,8,2025-08,1.9,1.9,
富联精密电子（郑州）,2025,废水-全厂合计,全厂合计,间接排放口,,,化学需氧量,吨,9,2025-09,2.029,2.029,
富联精密电子（郑州）,2025,废水-全厂合计,全厂合计,间接排放口,,,化学需氧量,吨,10,2025-10,1.243,1.243,
富联精密电子（郑州）,2025,废水-全厂合计,全厂合计,间接排放口,,,化学需氧量,吨,11,2025-11,0.873,0.873,
富联精密电子（郑州）,2025,废水-全厂合计,全厂合计,间接排放口,,,化学需氧量,吨,12,2025-12,1.015,1.015,
富联精密电子（郑州）,2025,废水-全厂合计,全厂合计,间接排放口,,,阴离子表面活性剂,吨,1,2025-01,0.0,0,
富联精密电子（郑州）,2025,废水-全厂合计,全厂合计,间接排放口,,,阴离子表面活性剂,吨,2,2025-02,0.0,0,
富联精密电子（郑州）,2025,废水-全厂合计,全厂合计,间接排放口,,,阴离子表面活性剂,吨,3,2025-03,0.0,0,
富联精密电子（郑州）,2025,废水-全厂合计,全厂合计,间接排放口,,,阴离子表面活性剂,吨,4,2025-04,0.0,0,
富联精密电子（郑州）,2025,废水-全厂合计,全厂合计,间接排放口,,,阴离子表面活性剂,吨,5,2025-05,0.0,0,
富联精密电子（郑州）,2025,废水-全厂合计,全厂合计,间接排放口,,,阴离子表面活性剂,吨,6,2025-06,0.0,0,
富联精密电子（郑州）,2025,废水-全厂合计,全厂合计,间接排放口,,,阴离子表面活性剂,吨,7,2025-07,0.0,0,
富联精密电子（郑州）,2025,废水-全厂合计,全厂合计,间接排放口,,,阴离子表面活性剂,吨,8,2025-08,0.0,0,
富联精密电子（郑州）,2025,废水-全厂合计,全厂合计,间接排放口,,,阴离子表面活性剂,吨,9,2025-09,0.0,0,
富联精密电子（郑州）,2025,废水-全厂合计,全厂合计,间接排放口,,,阴离子表面活性剂,吨,10,2025-10,0.0,0,
富联精密电子（郑州）,2025,废水-全厂合计,全厂合计,间接排放口,,,阴离子表面活性剂,吨,11,2025-11,0.0,0,
富联精密电子（郑州）,2025,废水-全厂合计,全厂合计,间接排放口,,,阴离子表面活性剂,吨,12,2025-12,0.0,0,
富联精密电子（郑州）,2025,废水-全厂合计,全厂合计,间接排放口,,,总氮（以N计）,吨,1,2025-01,0.668,0.668,
富联精密电子（郑州）,2025,废水-全厂合计,全厂合计,间接排放口,,,总氮（以N计）,吨,2,2025-02,0.392,0.392,
富联精密电子（郑州）,2025,废水-全厂合计,全厂合计,间接排放口,,,总氮（以N计）,吨,3,2025-03,1.045,1.045,
富联精密电子（郑州）,2025,废水-全厂合计,全厂合计,间接排放口,,,总氮（以N计）,吨,4,2025-04,1.657,1.657,
富联精密电子（郑州）,2025,废水-全厂合计,全厂合计,间接排放口,,,总氮（以N计）,吨,5,2025-05,1.038,1.038,
富联精密电子（郑州）,2025,废水-全厂合计,全厂合计,间接排放口,,,总氮（以N计）,吨,6,2025-06,0.891,0.891,
富联精密电子（郑州）,2025,废水-全厂合计,全厂合计,间接排放口,,,总氮（以N计）,吨,7,2025-07,1.091,1.091,
富联精密电子（郑州）,2025,废水-全厂合计,全厂合计,间接排放口,,,总氮（以N计）,吨,8,2025-08,3.03,3.03,
富联精密电子（郑州）,2025,废水-全厂合计,全厂合计,间接排放口,,,总氮（以N计）,吨,9,2025-09,4.689,4.689,
富联精密电子（郑州）,2025,废水-全厂合计,全厂合计,间接排放口,,,总氮（以N计）,吨,10,2025-10,4.106,4.106,
富联精密电子（郑州）,2025,废水-全厂合计,全厂合计,间接排放口,,,总氮（以N计）,吨,11,2025-11,4.332,4.332,
富联精密电子（郑州）,2025,废水-全厂合计,全厂合计,间接排放口,,,总氮（以N计）,吨,12,2025-12,4.121,4.121,
富联精密电子（郑州）,2025,废水-全厂合计,全厂合计,间接排放口,,,氨氮（NH3-N）,吨,1,2025-01,0.326,0.326,
富联精密电子（郑州）,2025,废水-全厂合计,全厂合计,间接排放口,,,氨氮（NH3-N）,吨,2,2025-02,0.061,0.061,
富联精密电子（郑州）,2025,废水-全厂合计,全厂合计,间接排放口,,,氨氮（NH3-N）,吨,3,2025-03,0.066,0.066,
富联精密电子（郑州）,2025,废水-全厂合计,全厂合计,间接排放口,,,氨氮（NH3-N）,吨,4,2025-04,0.052,0.052,
富联精密电子（郑州）,2025,废水-全厂合计,全厂合计,间接排放口,,,氨氮（NH3-N）,吨,5,2025-05,0.009,0.009,
富联精密电子（郑州）,2025,废水-全厂合计,全厂合计,间接排放口,,,氨氮（NH3-N）,吨,6,2025-06,0.067,0.067,
富联精密电子（郑州）,2025,废水-全厂合计,全厂合计,间接排放口,,,氨氮（NH3-N）,吨,7,2025-07,0.013,0.013,
富联精密电子（郑州）,2025,废水-全厂合计,全厂合计,间接排放口,,,氨氮（NH3-N）,吨,8,2025-08,0.03,0.03,
富联精密电子（郑州）,2025,废水-全厂合计,全厂合计,间接排放口,,,氨氮（NH3-N）,吨,9,2025-09,0.01,0.01,
富联精密电子（郑州）,2025,废水-全厂合计,全厂合计,间接排放口,,,氨氮（NH3-N）,吨,10,2025-10,0.004,0.004,
富联精密电子（郑州）,2025,废水-全厂合计,全厂合计,间接排放口,,,氨氮（NH3-N）,吨,11,2025-11,0.014,0.014,
富联精密电子（郑州）,2025,废水-全厂合计,全厂合计,间接排放口,,,氨氮（NH3-N）,吨,12,2025-12,0.007,0.007,
富联精密电子（郑州）,2025,废水-全厂合计,全厂合计,间接排放口,,,总磷（以P计）,吨,1,2025-01,0.006,0.006,
富联精密电子（郑州）,2025,废水-全厂合计,全厂合计,间接排放口,,,总磷（以P计）,吨,2,2025-02,0.392,0.392,
富联精密电子（郑州）,2025,废水-全厂合计,全厂合计,间接排放口,,,总磷（以P计）,吨,3,2025-03,0.011,0.011,
富联精密电子（郑州）,2025,废水-全厂合计,全厂合计,间接排放口,,,总磷（以P计）,吨,4,2025-04,0.003,0.003,
富联精密电子（郑州）,2025,废水-全厂合计,全厂合计,间接排放口,,,总磷（以P计）,吨,5,2025-05,0.008,0.008,
富联精密电子（郑州）,2025,废水-全厂合计,全厂合计,间接排放口,,,总磷（以P计）,吨,6,2025-06,0.012,0.012,
富联精密电子（郑州）,2025,废水-全厂合计,全厂合计,间接排放口,,,总磷（以P计）,吨,7,2025-07,0.009,0.009,
富联精密电子（郑州）,2025,废水-全厂合计,全厂合计,间接排放口,,,总磷（以P计）,吨,8,2025-08,0.021,0.021,
富联精密电子（郑州）,2025,废水-全厂合计,全厂合计,间接排放口,,,总磷（以P计）,吨,9,2025-09,0.02,0.02,
富联精密电子（郑州）,2025,废水-全厂合计,全厂合计,间接排放口,,,总磷（以P计）,吨,10,2025-10,0.009,0.009,
富联精密电子（郑州）,2025,废水-全厂合计,全厂合计,间接排放口,,,总磷（以P计）,吨,11,2025-11,0.021,0.021,
富联精密电子（郑州）,2025,废水-全厂合计,全厂合计,间接排放口,,,总磷（以P计）,吨,12,2025-12,0.015,0.015,
富联精密电子（郑州）,2025,废水-全厂合计,全厂合计,间接排放口,,,石油类,吨,1,2025-01,0.0,0,
富联精密电子（郑州）,2025,废水-全厂合计,全厂合计,间接排放口,,,石油类,吨,2,2025-02,0.01,0.01,
富联精密电子（郑州）,2025,废水-全厂合计,全厂合计,间接排放口,,,石油类,吨,3,2025-03,0.0,0,
富联精密电子（郑州）,2025,废水-全厂合计,全厂合计,间接排放口,,,石油类,吨,4,2025-04,0.0,0,
富联精密电子（郑州）,2025,废水-全厂合计,全厂合计,间接排放口,,,石油类,吨,5,2025-05,0.0,0,
富联精密电子（郑州）,2025,废水-全厂合计,全厂合计,间接排放口,,,石油类,吨,6,2025-06,0.0,0,
富联精密电子（郑州）,2025,废水-全厂合计,全厂合计,间接排放口,,,石油类,吨,7,2025-07,0.06,0.06,
富联精密电子（郑州）,2025,废水-全厂合计,全厂合计,间接排放口,,,石油类,吨,8,2025-08,0.0,0,
富联精密电子（郑州）,2025,废水-全厂合计,全厂合计,间接排放口,,,石油类,吨,9,2025-09,0.0,0,
富联精密电子（郑州）,2025,废水-全厂合计,全厂合计,间接排放口,,,石油类,吨,10,2025-10,0.01,0.01,
富联精密电子（郑州）,2025,废水-全厂合计,全厂合计,间接排放口,,,石油类,吨,11,2025-11,0.04,0.04,
富联精密电子（郑州）,2025,废水-全厂合计,全厂合计,间接排放口,,,石油类,吨,12,2025-12,0.0,0,
富联精密电子（郑州）,2025,废水-全厂合计,全厂合计,间接排放口,,,流量,吨或m³（报告未注明）,1,2025-01,131863.0,131863,
富联精密电子（郑州）,2025,废水-全厂合计,全厂合计,间接排放口,,,流量,吨或m³（报告未注明）,2,2025-02,127491.0,127491,
富联精密电子（郑州）,2025,废水-全厂合计,全厂合计,间接排放口,,,流量,吨或m³（报告未注明）,3,2025-03,118899.0,118899,
富联精密电子（郑州）,2025,废水-全厂合计,全厂合计,间接排放口,,,流量,吨或m³（报告未注明）,4,2025-04,101130.0,101130,
富联精密电子（郑州）,2025,废水-全厂合计,全厂合计,间接排放口,,,流量,吨或m³（报告未注明）,5,2025-05,81833.0,81833,
富联精密电子（郑州）,2025,废水-全厂合计,全厂合计,间接排放口,,,流量,吨或m³（报告未注明）,6,2025-06,85951.0,85951,
富联精密电子（郑州）,2025,废水-全厂合计,全厂合计,间接排放口,,,流量,吨或m³（报告未注明）,7,2025-07,107779.0,107779,
富联精密电子（郑州）,2025,废水-全厂合计,全厂合计,间接排放口,,,流量,吨或m³（报告未注明）,8,2025-08,133637.0,133637,
富联精密电子（郑州）,2025,废水-全厂合计,全厂合计,间接排放口,,,流量,吨或m³（报告未注明）,9,2025-09,139652.0,139652,
富联精密电子（郑州）,2025,废水-全厂合计,全厂合计,间接排放口,,,流量,吨或m³（报告未注明）,10,2025-10,124351.0,124351,
富联精密电子（郑州）,2025,废水-全厂合计,全厂合计,间接排放口,,,流量,吨或m³（报告未注明）,11,2025-11,110296.0,110296,
富联精密电子（郑州）,2025,废水-全厂合计,全厂合计,间接排放口,,,流量,吨或m³（报告未注明）,12,2025-12,106029.0,106029,
富联精密电子（郑州）,2025,废水-全厂合计,全厂合计,间接排放口,,,总铝,吨,1,2025-01,0.01,0.01,
富联精密电子（郑州）,2025,废水-全厂合计,全厂合计,间接排放口,,,总铝,吨,2,2025-02,0.0,0,
富联精密电子（郑州）,2025,废水-全厂合计,全厂合计,间接排放口,,,总铝,吨,3,2025-03,0.0,0,
富联精密电子（郑州）,2025,废水-全厂合计,全厂合计,间接排放口,,,总铝,吨,4,2025-04,0.02,0.02,
富联精密电子（郑州）,2025,废水-全厂合计,全厂合计,间接排放口,,,总铝,吨,5,2025-05,0.0,0,
富联精密电子（郑州）,2025,废水-全厂合计,全厂合计,间接排放口,,,总铝,吨,6,2025-06,0.01,0.01,
富联精密电子（郑州）,2025,废水-全厂合计,全厂合计,间接排放口,,,总铝,吨,7,2025-07,0.02,0.02,
富联精密电子（郑州）,2025,废水-全厂合计,全厂合计,间接排放口,,,总铝,吨,8,2025-08,0.02,0.02,
富联精密电子（郑州）,2025,废水-全厂合计,全厂合计,间接排放口,,,总铝,吨,9,2025-09,0.01,0.01,
富联精密电子（郑州）,2025,废水-全厂合计,全厂合计,间接排放口,,,总铝,吨,10,2025-10,0.02,0.02,
富联精密电子（郑州）,2025,废水-全厂合计,全厂合计,间接排放口,,,总铝,吨,11,2025-11,0.002,0.002,
富联精密电子（郑州）,2025,废水-全厂合计,全厂合计,间接排放口,,,总铝,吨,12,2025-12,0.018,0.018,
