文章ID,日期,year,keyword_type,keyword,quote,body_used,链接
1308,2013-08-15,2013,direct_hire_language,直招,郑州富士康最新招聘信息：年龄16-40岁，官方免费直招 郑州富士康厂区最新招聘信息：郑州富士康招聘要求：1、年龄16-40岁,False,https://www.fskzpw.com/cms/show-1308.html
1347,2014-07-04,2014,direct_hire_language,直招,7月5日郑州富士康招聘：23-40周岁以上，官方直招，信誉保证 7月5日招聘通知，7月招聘年龄改为23-40周岁。16至2,False,https://www.fskzpw.com/cms/show-1347.html
1347,2014-07-04,2014,direct_hire_language,官方直招,7月5日郑州富士康招聘：23-40周岁以上，官方直招，信誉保证 7月5日招聘通知，7月招聘年龄改为23-40周岁。16至2,False,https://www.fskzpw.com/cms/show-1347.html
1538,2015-06-01,2015,direct_hire_language,直招,6月郑州富士康最新招聘信息：郑州唯一直招点 大招普工 各位求职者：近期一些非法中介假借富士康郑州招工名义，欺,False,https://www.fskzpw.com/cms/show-1538.html
1541,2015-09-04,2015,direct_hire_language,直招,9月郑州富士康最新招聘信息：官方免费直招，当天进厂 当天下午2点之前赶不到的，可以提前一天来，安排住宿，第二天,False,https://www.fskzpw.com/cms/show-1541.html
1728,2016-09-26,2016,direct_hire_language,直招,康继续招聘面试，当天进厂。请尽快网上报名，报名后请直接到我们郑州富士康直招中心报到面试，我们将一如既往的为大家做好进厂的服务工作。10月郑州富士,False,https://www.fskzpw.com/cms/show-1728.html
1943,2019-06-11,2019,student,暑假工,郑州富士康招聘年龄20-45岁，暑假工要求23岁以上，请抓紧时间报名 郑州富士康招聘年龄20-45岁，暑假工,False,https://www.fskzpw.com/cms/show-1943.html
1946,2019-09-05,2019,direct_hire_language,正式工,"富士康正式工2019年9月7日面试起，招募政策,打卡35天返费奖金4500 好消息",False,https://www.fskzpw.com/cms/show-1946.html
1956,2019-11-19,2019,student,寒假工,2019年春节寒假工正式开始预约报名，报名时请备注放假时间 2019年春节寒假工正式开始预,False,https://www.fskzpw.com/cms/show-1956.html
1957,2019-12-22,2019,student,寒假工,涨价了：短期工，寒假工，小时工每小时20元，直接到厂里面试，工资富士康直接打款 涨价了：短期,False,https://www.fskzpw.com/cms/show-1957.html
1957,2019-12-22,2019,shortterm,短期工,涨价了：短期工，寒假工，小时工每小时20元，直接到厂里面试，工资富士康直接打款 涨价,False,https://www.fskzpw.com/cms/show-1957.html
1959,2019-12-23,2019,student,学生工,小时工，短期工，学生工，寒假工政策： 20元每小时 小时工，短期工，学生工，寒假工政策：1、,False,https://www.fskzpw.com/cms/show-1959.html
1959,2019-12-23,2019,student,寒假工,小时工，短期工，学生工，寒假工政策： 20元每小时 小时工，短期工，学生工，寒假工政策：1、20元每,False,https://www.fskzpw.com/cms/show-1959.html
1959,2019-12-23,2019,shortterm,短期工,小时工，短期工，学生工，寒假工政策： 20元每小时 小时工，短期工，学生工，寒假工政,False,https://www.fskzpw.com/cms/show-1959.html
1969,2019-12-28,2019,student,学生工,小时工，短期工，学生工，寒假工政策 1、20元每小时 小时工，短期工，学生工，寒假工政策1,False,https://www.fskzpw.com/cms/show-1969.html
1969,2019-12-28,2019,student,寒假工,小时工，短期工，学生工，寒假工政策 1、20元每小时 小时工，短期工，学生工，寒假工政策1、20元,False,https://www.fskzpw.com/cms/show-1969.html
1969,2019-12-28,2019,shortterm,短期工,小时工，短期工，学生工，寒假工政策 1、20元每小时 小时工，短期工，学生工，寒假,False,https://www.fskzpw.com/cms/show-1969.html
1970,2019-12-29,2019,student,学生工,最新政策:小时工，短期工，学生工，寒假工政策： 1、19元每小时 小时工，短期工，学生工，寒假工政策,False,https://www.fskzpw.com/cms/show-1970.html
1970,2019-12-29,2019,student,寒假工,最新政策:小时工，短期工，学生工，寒假工政策： 1、19元每小时 小时工，短期工，学生工，寒假工政策：1、1,False,https://www.fskzpw.com/cms/show-1970.html
1970,2019-12-29,2019,shortterm,短期工,最新政策:小时工，短期工，学生工，寒假工政策： 1、19元每小时 小时工，短期工，学生工，寒,False,https://www.fskzpw.com/cms/show-1970.html
2111,2020-07-08,2020,student,暑假工,港区富士康，暑假工明天(7/10)为最后一天报到不卡学籍，周六日不招募不面试 接最新通知,False,https://www.fskzpw.com/cms/show-2111.html
2112,2020-07-15,2020,student,学生工,学生工需要登录学信网，显示无学籍或已经毕业，并截图 学生工需要登录学信网，显,False,https://www.fskzpw.com/cms/show-2112.html
2113,2020-07-19,2020,student,学生工,富士康大量招学生，能干满一个月的学生工大量接收，每人持有短信即可面试 郑州富士康招聘学生工，能干满一个月的学,False,https://www.fskzpw.com/cms/show-2113.html
2115,2020-07-31,2020,direct_hire_language,正式工,郑州富士康8月大量招收正式工，实习生，年龄18-45 返费4000元，综合收入6000元以上 普通,False,https://www.fskzpw.com/cms/show-2115.html
2116,2020-08-10,2020,direct_hire_language,直招,高返费75天返费9000元！因为名额有限需要提前报名！直招的，收到通知直接到厂里面试，不通过中介，直接打款，有保障！ 高返费75,False,https://www.fskzpw.com/cms/show-2116.html
2118,2020-08-14,2020,direct_hire_language,直招,费9000元！ 高返费75天返费9000元！因为名额有限需要提前报名！直招的，收到通知直接到厂里面试，不通过中介，厂里直接打款，有保障！！郑州富,False,https://www.fskzpw.com/cms/show-2118.html
2122,2020-08-25,2020,direct_hire_language,直招,发放8500元 高返费55天返费8500元！因为名额有限需要提前报名！直招的，收到通知直接到厂里面试，不通过中介，厂里直接打款，有保障！！（求职,False,https://www.fskzpw.com/cms/show-2122.html
2129,2020-09-17,2020,direct_hire_language,直招,重磅！郑州富士康打卡55天，高返费10000元！明天（9月18）开始！直招的，收到通知直接到厂里面试，不通过中介，直接打款，有保障！ 重磅！郑州,False,https://www.fskzpw.com/cms/show-2129.html
2144,2021-01-04,2021,direct_hire_language,直招,会难得 寒假工政策，2.5-2.26按公司要求加班奖励2500元。通过直招进厂的同学，过年回家2.26号在职有500元补贴2021年郑州富士康招,False,https://www.fskzpw.com/cms/show-2144.html
2144,2021-01-04,2021,student,寒假工,2021年寒假工郑州富士康最新招聘信息，高额奖金激励3000元，机会难得 寒假工政策，,False,https://www.fskzpw.com/cms/show-2144.html
2147,2021-01-30,2021,student,寒假工,2021年2月郑州富士康最新招聘安排，寒假工最后一天，内部推荐正常面试 各位同仁：富士康科技园iDPBG事业群内部,False,https://www.fskzpw.com/cms/show-2147.html
2148,2021-02-14,2021,direct_hire_language,正式工,郑州富士康招聘2021年正月初八火热开招，正式工离职返聘正月初八开招 郑州富士康招聘2021年正月初八火热开招，正式工,False,https://www.fskzpw.com/cms/show-2148.html
2172,2021-03-11,2021,direct_hire_language,正式工,郑州富士康2021年3月正式工火热开启，返费待遇优厚，火速报名 郑州富士康2021年3月正式工火热开,False,https://www.fskzpw.com/cms/show-2172.html
2173,2021-03-27,2021,direct_hire_language,正式工,郑州富士康2021年4月正式工继续招聘，高额返费待遇优厚，在线快速报名 1、港区富士康只招正式工，年,False,https://www.fskzpw.com/cms/show-2173.html
2178,2021-06-07,2021,student,暑假工,郑州富士康暑假工政策：年龄18-25岁，底薪2100+300综合工资4500-5000,False,https://www.fskzpw.com/cms/show-2178.html
2180,2021-06-11,2021,student,暑假工,暑假工综合收入：4500-5000元，郑州富士康返费工涨价了，干满四个月返费,False,https://www.fskzpw.com/cms/show-2180.html
2182,2021-06-24,2021,student,学生工,紧急通知：学生工、暑假工开放100个名额，这两天能来的同学抓紧时间报名 紧急通知：学生,False,https://www.fskzpw.com/cms/show-2182.html
2182,2021-06-24,2021,student,暑假工,紧急通知：学生工、暑假工开放100个名额，这两天能来的同学抓紧时间报名 紧急通知：学生工、暑假,False,https://www.fskzpw.com/cms/show-2182.html
2184,2021-07-31,2021,dispatch,同工同酬,，每小时28元，没来的小伙伴不要错过吆！2.发放条件：a.每月7号发放同工同酬，7月和8月份差价9/25一次性发放，9月份差价10/25发放b.发放,False,https://www.fskzpw.com/cms/show-2184.html
2191,2022-01-03,2022,direct_hire_language,正式工,郑州富士康2022年1月4号开始招募正式工，年龄18-45岁，仅有1000人名额 郑州富士康2022年1月4号开,False,https://www.fskzpw.com/cms/show-2191.html
2191,2022-01-03,2022,student,学生工,0人名额，收到短信的工友请及时过来面试，请注意，本次招募不要学生，后期学生工会限制名额面试，请扫描下方二维码报名，以免..,False,https://www.fskzpw.com/cms/show-2191.html
2195,2022-02-16,2022,dispatch,同工同酬,8周岁小时工模式：1.员工费用：26元/H2.发放条件a.每月7号发放同工同酬，每月15号发放上..,False,https://www.fskzpw.com/cms/show-2195.html
2197,2022-03-06,2022,direct_hire_language,正式工,郑州富士康最新招募：小时工：20.5元/小时，正式工返费8500元 郑州富士康最新招募：小时工：20.5元/小时，正式工返,False,https://www.fskzpw.com/cms/show-2197.html
2198,2022-05-21,2022,student,学生工,郑州富士康开启大规模普工招聘，同时招募大量招聘学生工，暑假工 郑州富士康开启大规模普工招聘，同时招募大量招聘学生工，暑假工,False,https://www.fskzpw.com/cms/show-2198.html
2198,2022-05-21,2022,student,暑假工,郑州富士康开启大规模普工招聘，同时招募大量招聘学生工，暑假工 郑州富士康开启大规模普工招聘，同时招募大量招聘学生工，暑假工薪资待遇,False,https://www.fskzpw.com/cms/show-2198.html
2199,2022-05-24,2022,student,学生工,郑州富士康经开区、港区富士康普工招聘，同时招聘学生工，暑假工 郑州富士康经开区、港区富士康普工招聘，同时招聘学生工，暑假工,False,https://www.fskzpw.com/cms/show-2199.html
2199,2022-05-24,2022,student,暑假工,郑州富士康经开区、港区富士康普工招聘，同时招聘学生工，暑假工 郑州富士康经开区、港区富士康普工招聘，同时招聘学生工，暑假工薪资待遇,False,https://www.fskzpw.com/cms/show-2199.html
2231,2022-05-29,2022,student,学生工,郑州富士康招聘暑假工，学生工，暑假见习生，紧急报名！ 郑州富士康招聘暑假工，学生工，暑假见习生，今,False,https://www.fskzpw.com/cms/show-2231.html
2231,2022-05-29,2022,student,暑假工,郑州富士康招聘暑假工，学生工，暑假见习生，紧急报名！ 郑州富士康招聘暑假工，学生工，暑假见,False,https://www.fskzpw.com/cms/show-2231.html
2232,2022-06-01,2022,student,学生工,倒计时！郑州富士康、新郑富士康、港区富士康、经开区富士康招聘暑假工，学生工，暑假见习生 倒计时！郑州富士康、新郑富士康、港区富士康、经开区富士康,False,https://www.fskzpw.com/cms/show-2232.html
2232,2022-06-01,2022,student,暑假工,倒计时！郑州富士康、新郑富士康、港区富士康、经开区富士康招聘暑假工，学生工，暑假见习生 倒计时！郑州富士康、新郑富士康、港区富士康、经开,False,https://www.fskzpw.com/cms/show-2232.html
2234,2022-06-06,2022,student,学生工,名倒计时！郑州富士康、新郑富士康、港区富士康、经开区富士康招聘暑假工，学生工，暑假见习生 紧急通知暑假工报名倒计时！郑州富士康、新郑富士康、港区富,False,https://www.fskzpw.com/cms/show-2234.html
2234,2022-06-06,2022,student,暑假工,暑假工报名倒计时！郑州富士康、新郑富士康、港区富士康、经开区富士康招聘暑假工,False,https://www.fskzpw.com/cms/show-2234.html
2235,2022-06-08,2022,direct_hire_language,正式工,重磅！正式工招聘提高返费！郑州富士康、新郑港区富士康、经开区富士康 重要！郑州富士,False,https://www.fskzpw.com/cms/show-2235.html
2236,2022-06-10,2022,student,学生工,进厂名额，郑州富士康、新郑富士康、港区富士康、经开区富士康招聘暑假工，学生工，暑假见习生 紧急通知暑假工提前报名锁定进厂名额！郑州富士康、新郑富士,False,https://www.fskzpw.com/cms/show-2236.html
2236,2022-06-10,2022,student,暑假工,暑假工提前报名锁定进厂名额，郑州富士康、新郑富士康、港区富士康、经开区富士康,False,https://www.fskzpw.com/cms/show-2236.html
2237,2022-06-20,2022,direct_hire_language,正式工,重奖8500元！正式工招聘提高返费！郑州富士康、新郑港区富士康、经开区富士康 重奖8500元,False,https://www.fskzpw.com/cms/show-2237.html
2239,2022-06-30,2022,direct_hire_language,正式工,高价返费正式工、小时工、返费工郑州富士康、新郑港区富士康、经开区富士康 重奖8500,False,https://www.fskzpw.com/cms/show-2239.html
2242,2022-08-01,2022,student,学生工,学生工、暑假工招募5天，小时工薪资暴涨，返费10000元，机会难得，错过等一,False,https://www.fskzpw.com/cms/show-2242.html
2242,2022-08-01,2022,student,暑假工,学生工、暑假工招募5天，小时工薪资暴涨，返费10000元，机会难得，错过等一年 学生,False,https://www.fskzpw.com/cms/show-2242.html
2255,2022-12-04,2022,dispatch,派遣,2023年郑州富士康小时工（派遣工）开招，每月13000元以上，名额有限，网上报名优先 年前最后的挣钱,False,https://www.fskzpw.com/cms/show-2255.html
2282,2022-12-25,2022,dispatch,派遣,2023年郑州富士康派遣工正式开招，入职奖励8000元，新年大礼包最高6000元，当月发放（小,False,https://www.fskzpw.com/cms/show-2282.html
2286,2023-01-20,2023,direct_hire_language,正式工,2023年郑州富士康最新招聘：郑州经开区富士康初六开始招募正式工 自主报名，因应人力需求每日排配招募计划，先到先得，招满即停。①试用期,False,https://www.fskzpw.com/cms/show-2286.html
2351,2023-05-05,2023,direct_hire_language,正式工,新政策，新起点！广大工友的福音来了，郑州富士康5月5号开始，正式工返费5400元，大量招聘 员工政策1.一次性返费，在职满90天【制造部,False,https://www.fskzpw.com/cms/show-2351.html
2374,2023-06-22,2023,student,学生工,郑州富士康两大厂区，端午节后继续招聘，小时工、返费工、短期学生工持续招聘中 郑州富士康两大厂区，端午节后继续招聘，小时工、返费工、短期,False,https://www.fskzpw.com/cms/show-2374.html
2376,2023-07-02,2023,student,学生工,郑州富士康小时工社会工涨价了，24元每小时，学生工少量，需要抢名额 港区 iDPBG 事业群7/2招募政策，好消息，工期,False,https://www.fskzpw.com/cms/show-2376.html
2376,2023-07-02,2023,student,暑假工,抢名额 港区 iDPBG 事业群7/2招募政策，好消息，工期延长，少量暑假工，需要抢名额，不要眼高手低，错过这个机会，整个暑假很难找到工作。员工政,False,https://www.fskzpw.com/cms/show-2376.html
2378,2023-07-07,2023,student,暑假工,惜机会 港区 iDPBG 事业群7/2招募政策，好消息，工期延长，少量暑假工，需要抢名额，不要眼高手低，错过这个机会，整个暑假很难找到工作。员工政,False,https://www.fskzpw.com/cms/show-2378.html
2381,2023-07-24,2023,student,学生工,18-20岁的学生工可以入职的，纯小时工，21元每小时，要求至少干15天，能来的同学抓紧时,False,https://www.fskzpw.com/cms/show-2381.html
2389,2023-10-22,2023,shortterm,短期工,"郑州富士康短期工调整工期至 11月30 日,市场各大企业降价风波已开始,已有多企业开始",False,https://www.fskzpw.com/cms/show-2389.html
2410,2024-03-08,2024,dispatch,派遣,重磅利好！！！郑州富士康港区富士康，返费工，新、老派遣工开始招募，挣钱要趁早 重磅利好！！！郑州富士康港区富士康，返费工，新,False,https://www.fskzpw.com/cms/show-2410.html
2411,2024-03-30,2024,dispatch,派遣,"0招募政策员工政策一、返费模式 在职满90天【制造部门-关键工站】 新派遣工:3,500元(含税) 老派遣工:4,000元(含税)【..",False,https://www.fskzpw.com/cms/show-2411.html
2412,2024-04-05,2024,student,暑假工,"郑州富士康清明假期招聘不停，返费工小时工，暑假工返费最高 郑州富士康 A事业群，年龄18-45岁,名额有限，先报先得员",False,https://www.fskzpw.com/cms/show-2412.html
2413,2024-04-21,2024,direct_hire_language,直招,"模式 在职满90天【制造部门-关键工站】 新员工:3,500元+300直招补贴(含税) 老员工:4,000元+300直招补贴(含税)【制造部门-",False,https://www.fskzpw.com/cms/show-2413.html
2414,2024-04-22,2024,direct_hire_language,直招,"模式 在职满90天【制造部门-关键工站】 新员工:3,500元+300直招补贴(含税) 老员工:4,000元+300直招补贴(含税)【制造部门-",False,https://www.fskzpw.com/cms/show-2414.html
2419,2024-06-29,2024,student,学生工,重磅！郑州富士康暑假工、学生工、短期工，开招，名额非常稀缺，提前报名锁定名额 重磅！郑州富士康暑假工,False,https://www.fskzpw.com/cms/show-2419.html
2419,2024-06-29,2024,student,暑假工,重磅！郑州富士康暑假工、学生工、短期工，开招，名额非常稀缺，提前报名锁定名额 重磅！郑州富士,False,https://www.fskzpw.com/cms/show-2419.html
2419,2024-06-29,2024,shortterm,短期工,重磅！郑州富士康暑假工、学生工、短期工，开招，名额非常稀缺，提前报名锁定名额 重磅！郑州富士康暑假工、学生工,False,https://www.fskzpw.com/cms/show-2419.html
2420,2024-06-29,2024,dispatch,派遣,")招募政策员工政策一、返费模式 在职满90天【制造部门-关键工站】 新派遣工:5,500元(含税) 老派遣工:6,000元(含税)【制造部门-一",False,https://www.fskzpw.com/cms/show-2420.html
2420,2024-06-29,2024,student,学生工,刚改的政策！工友们跟上节奏，郑州富士康暑假工、学生工、短期工，机会是拿抢来的，不是等来的 郑州富士康 A事业群火热开招中7,False,https://www.fskzpw.com/cms/show-2420.html
2420,2024-06-29,2024,student,暑假工,刚改的政策！工友们跟上节奏，郑州富士康暑假工、学生工、短期工，机会是拿抢来的，不是等来的 郑州富士康 A事业群火热,False,https://www.fskzpw.com/cms/show-2420.html
2420,2024-06-29,2024,shortterm,短期工,刚改的政策！工友们跟上节奏，郑州富士康暑假工、学生工、短期工，机会是拿抢来的，不是等来的 郑州富士康 A事业群火热开招中7/1(周,False,https://www.fskzpw.com/cms/show-2420.html
2421,2024-07-09,2024,dispatch,派遣,康年龄18-48岁一、返费模式 在职满90天【制造部门-关键工站】 新派遣工:7500元 老派遣工:8000元【制造部门-一般工站】 新派遣工:,False,https://www.fskzpw.com/cms/show-2421.html
2422,2024-07-15,2024,dispatch,派遣,紧找客服咨询报名。一、返费模式 在职满90天【制造部门-关键工站】 新派遣工:7500元 老派遣工:8000元【..,False,https://www.fskzpw.com/cms/show-2422.html
2423,2024-07-18,2024,dispatch,派遣,"会港区富士康招募：一、返费模式 在职满90天【制造部门-关键工站】 新派遣工:6,500元直招补贴 老派遣工:7,000元直招补贴【制造部门-一",False,https://www.fskzpw.com/cms/show-2423.html
2423,2024-07-18,2024,direct_hire_language,直招,"、返费模式 在职满90天【制造部门-关键工站】 新派遣工:6,500元直招补贴 老派遣工:7,000元直招补贴【制造部门-一般工站】 新派遣工:",False,https://www.fskzpw.com/cms/show-2423.html
2426,2024-08-03,2024,direct_hire_language,直招,"明天又涨价了，直招补贴8000元，小时工26元,郑州富士康最新招聘信息今天 明天又涨价了",False,https://www.fskzpw.com/cms/show-2426.html
2427,2024-08-07,2024,direct_hire_language,直招,不查验学籍了，也就是说学生也可以进厂打工了。赶紧报名。还可以干20天。直招补贴8000元，小时工26元港区富士康明日起新政策：年龄18-48岁一,False,https://www.fskzpw.com/cms/show-2427.html
2477,2024-10-14,2024,direct_hire_language,直招,2024年周一，郑州富士康继续直招，入职奖励维持高价，赶紧报名啦！ 郑州富士康薪资待遇：一、返费工模式1,False,https://www.fskzpw.com/cms/show-2477.html
2478,2024-10-15,2024,dispatch,派遣,富士康招聘，返费奖励政策更新，请及时查看报名 郑州富士康薪资待遇（返费派遣、小时工）：一、返费工模式1、郑州富士康招聘：制造部门-关键工站新员工,False,https://www.fskzpw.com/cms/show-2478.html
2478,2024-10-15,2024,direct_hire_language,直招,1、郑州富士康招聘：制造部门-关键工站新员工:返费5000元+300元直招补贴。老员工:返费5500元+300元直招补贴。2、郑州富士康招聘：.,False,https://www.fskzpw.com/cms/show-2478.html
2479,2024-10-20,2024,dispatch,派遣,请提前找客服报名排队，开招后可以第一时间入职 郑州富士康薪资待遇（返费派遣、小时工）：一、返费工模式1、郑州富士康招聘：制造部门-关键工站新员工,False,https://www.fskzpw.com/cms/show-2479.html
2479,2024-10-20,2024,direct_hire_language,直招,1、郑州富士康招聘：制造部门-关键工站新员工:返费5000元+300元直招补贴。老员工:返费5500元+300元直招补贴。2、郑州富士康招聘：.,False,https://www.fskzpw.com/cms/show-2479.html
2483,2024-12-12,2024,direct_hire_language,直招,"费模式 在职满90天【制造部门-关键工站】新员工:4,500元+300直招..",False,https://www.fskzpw.com/cms/show-2483.html
2484,2024-12-14,2024,dispatch,派遣,2025年郑州富士康留任政策，老员工薪资待遇丰厚 派遣工留任政策说明两种模式任您选结合用工单位生产及员工需求，现针对派遣政策,False,https://www.fskzpw.com/cms/show-2484.html
2485,2024-12-15,2024,direct_hire_language,直招,"费模式 在职满90天【制造部门-关键工站】新员工:4,500元+300直招补贴老员工:5,000元+300直招补贴【制造部门-一般工..",False,https://www.fskzpw.com/cms/show-2485.html
2485,2024-12-15,2024,student,学生工,2025年前郑州富士康港区富士康小时工返费工16号火热开招，学生工请加微信群 郑州富士康 A事业群火热招募中12月16日（周一）起招募政,False,https://www.fskzpw.com/cms/show-2485.html
2486,2024-12-20,2024,direct_hire_language,直招,": 要求在职满90天【制造部门-关键工站】新员工:4,500元+300直招补贴。老员工:5,000元+300直招补贴。【制造部门-一般工站】新员",False,https://www.fskzpw.com/cms/show-2486.html
2487,2024-12-21,2024,direct_hire_language,直招,富士康大幅上调返费高达6300元，小时工最高达25元每小时短期工也享有直招补贴，政策随时会变动，能来的抓紧时间入职！明日（12.22）起招募政策,False,https://www.fskzpw.com/cms/show-2487.html
2487,2024-12-21,2024,shortterm,短期工,大利好！郑州富士康大幅上调返费高达6300元，小时工最高达25元每小时短期工也享有直招补贴，政策随时会变动，能来的抓紧时间入职！明日（12.22）,False,https://www.fskzpw.com/cms/show-2487.html
2488,2024-12-23,2024,shortterm,短期工,5年前来郑州富士康？一、政策优势三种模式可以任意选择，返费工，小时工，短期工。二、地缘优势离家近，不影响回家过年。如果选择省外就业，春运开始后回家,False,https://www.fskzpw.com/cms/show-2488.html
2490,2024-12-25,2024,direct_hire_language,直招,"费模式 在职满90天【制造部门-关键工站】新员工:5,500元+500直招补贴老员工:6,000元+500直招补贴【制造部门-一般工站】新..",False,https://www.fskzpw.com/cms/show-2490.html
2525,2025-01-01,2025,dispatch,派遣,州富士康招聘线上AI面试流程、入职进厂流程（最新）2、郑州富士康新、老派遣工定义：① 老员工(派遣工)定义：2023/1/1至今入职过A事业群(,True,https://www.fskzpw.com/cms/show-2525.html
2525,2025-01-01,2025,dispatch,同工同酬,100路费补贴。小时工最高价：25元/H+2元直招补贴。短期工最高价：同工同酬+500元。寒假工最高价：同工同酬+500元。郑州富士.. 郑州港区富,True,https://www.fskzpw.com/cms/show-2525.html
2525,2025-01-01,2025,direct_hire_language,直招,住机会。 郑州港区富士康A事业群：返费工最高价：奖金7000元+500直招补贴+100路费补贴。小时工最高价：25元/H+2元直招补贴。短期工最,True,https://www.fskzpw.com/cms/show-2525.html
2525,2025-01-01,2025,direct_hire_language,正式工,员工（派遣工）。3、郑州富士康同工同酬是什么意思？同工同酬就是和富士康正式工工作一样，工资标准一样工资标准如下：底薪2350元，加班另算，综合工资,True,https://www.fskzpw.com/cms/show-2525.html
2525,2025-01-01,2025,student,寒假工,工最高价：25元/H+2元直招补贴。短期工最高价：同工同酬+500元。寒假工最高价：同工同酬+500元。郑州富士.. 郑州港区富士康A事业群：返费,True,https://www.fskzpw.com/cms/show-2525.html
2525,2025-01-01,2025,shortterm,短期工,00直招补贴+100路费补贴。小时工最高价：25元/H+2元直招补贴。短期工最高价：同工同酬+500元。寒假工最高价：同工同酬+500元。郑州富士,True,https://www.fskzpw.com/cms/show-2525.html
2524,2025-01-01,2025,dispatch,派遣,州富士康招聘线上AI面试流程、入职进厂流程（最新）2、郑州富士康新、老派遣工定义：① 老员工(派遣工)定义：2023/1/1至今入职过A事业群(,True,https://www.fskzpw.com/cms/show-2524.html
2524,2025-01-01,2025,dispatch,同工同酬,"二、小时模式差价补贴至2025/2/28,自2025/3/1起，仅享有同工同酬。【制造部门－关键工站】老员工：25元/H+2元直招补贴+100路费补",True,https://www.fskzpw.com/cms/show-2524.html
2524,2025-01-01,2025,direct_hire_language,直招,，额外补贴如下：【制造部门-关键工站】老员工: 奖金7000元+500直招补贴+100路费补贴。 新员工：奖金6500元+500直招补贴+100,True,https://www.fskzpw.com/cms/show-2524.html
2524,2025-01-01,2025,direct_hire_language,正式工,员工（派遣工）。3、郑州富士康同工同酬是什么意思？同工同酬就是和富士康正式工工作一样，工资标准一样工资标准如下：底薪2350元，加班另算，综合工资,True,https://www.fskzpw.com/cms/show-2524.html
2526,2025-01-02,2025,dispatch,派遣,州富士康招聘线上AI面试流程、入职进厂流程（最新）2、郑州富士康新、老派遣工定义：① 老员工(派遣工)定义：2023/1/1至今入职过A事业群(,True,https://www.fskzpw.com/cms/show-2526.html
2526,2025-01-02,2025,dispatch,同工同酬,100路费补贴。小时工最高价：25元/H+2元直招补贴。短期工最高价：同工同酬+500元。寒假工最高价：同工同酬+500元。郑州富士.. 郑州港区富,True,https://www.fskzpw.com/cms/show-2526.html
2526,2025-01-02,2025,direct_hire_language,直招,，莫等闲 郑州港区富士康A事业群：返费工最高价：奖金7000元+500直招补贴+100路费补贴。小时工最高价：25元/H+2元直招补贴。短期工最,True,https://www.fskzpw.com/cms/show-2526.html
2526,2025-01-02,2025,direct_hire_language,正式工,员工（派遣工）。3、郑州富士康同工同酬是什么意思？同工同酬就是和富士康正式工工作一样，工资标准一样工资标准如下：底薪2350元，加班另算，综合工资,True,https://www.fskzpw.com/cms/show-2526.html
2526,2025-01-02,2025,student,寒假工,工最高价：25元/H+2元直招补贴。短期工最高价：同工同酬+500元。寒假工最高价：同工同酬+500元。郑州富士.. 郑州港区富士康A事业群：返费,True,https://www.fskzpw.com/cms/show-2526.html
2526,2025-01-02,2025,shortterm,短期工,00直招补贴+100路费补贴。小时工最高价：25元/H+2元直招补贴。短期工最高价：同工同酬+500元。寒假工最高价：同工同酬+500元。郑州富士,True,https://www.fskzpw.com/cms/show-2526.html
2527,2025-01-03,2025,dispatch,派遣,州富士康招聘线上AI面试流程、入职进厂流程（最新）2、郑州富士康新、老派遣工定义：① 老员工(派遣工)定义：2023/1/1至今入职过A事业群(,True,https://www.fskzpw.com/cms/show-2527.html
2527,2025-01-03,2025,dispatch,同工同酬,100路费补贴。小时工最高价：25元/H+2元直招补贴。短期工最高价：同工同酬+500元。寒假工最高价：同工同酬+500元。郑州港区.. 郑州港区富,True,https://www.fskzpw.com/cms/show-2527.html
2527,2025-01-03,2025,direct_hire_language,直招,后几天！ 郑州港区富士康A事业群：返费工最高价：奖金7000元+500直招补贴+100路费补贴。小时工最高价：25元/H+2元直招补贴。短期工最,True,https://www.fskzpw.com/cms/show-2527.html
2527,2025-01-03,2025,direct_hire_language,正式工,员工（派遣工）。3、郑州富士康同工同酬是什么意思？同工同酬就是和富士康正式工工作一样，工资标准一样工资标准如下：底薪2350元，加班另算，综合工资,True,https://www.fskzpw.com/cms/show-2527.html
2527,2025-01-03,2025,student,寒假工,工最高价：25元/H+2元直招补贴。短期工最高价：同工同酬+500元。寒假工最高价：同工同酬+500元。郑州港区.. 郑州港区富士康A事业群：返费,True,https://www.fskzpw.com/cms/show-2527.html
2527,2025-01-03,2025,shortterm,短期工,00直招补贴+100路费补贴。小时工最高价：25元/H+2元直招补贴。短期工最高价：同工同酬+500元。寒假工最高价：同工同酬+500元。郑州港区,True,https://www.fskzpw.com/cms/show-2527.html
2528,2025-01-04,2025,dispatch,派遣,生工)招聘，现在可预约面试。富士康招募政策问题汇总1、郑州富士康新、老派遣工定义：① 老员工(派遣工)定义：2021/1/1至今入职过A事业群(,True,https://www.fskzpw.com/cms/show-2528.html
2528,2025-01-04,2025,dispatch,同工同酬,小时工最高价：26元/H+1元直招补贴+200路费补贴。短期工最高价：同工同酬+800元。寒假工最高价：同工同酬+800元。郑州港区富士康A事业群具,True,https://www.fskzpw.com/cms/show-2528.html
2528,2025-01-04,2025,direct_hire_language,直招,招满即停。郑州港区富士康A事业群：返费工最高价：奖金8000元+500直招补贴+200路费补贴。小时工最高价：26元/H.. 突发！限时政策87,True,https://www.fskzpw.com/cms/show-2528.html
2528,2025-01-04,2025,direct_hire_language,正式工,体均视为新员工（派遣工）。2、同工同酬是什么意思？同工同酬就是和富士康正式工工作一样，工资标准一样工资标准如下：底薪2100，周一到周五每天加班2,True,https://www.fskzpw.com/cms/show-2528.html
2528,2025-01-04,2025,student,学生工,报名后请注意添加添加客服时请备注：已报名+自己名字三、短期工(寒假工，学生工)1、薪资待遇：短期工工资：同工同酬 + 额外800元补贴；尽量干到1,True,https://www.fskzpw.com/cms/show-2528.html
2528,2025-01-04,2025,student,寒假工,/H+1元直招补贴+200路费补贴。短期工最高价：同工同酬+800元。寒假工最高价：同工同酬+800元。郑州港区富士康A事业群具体薪资政策如下：一,True,https://www.fskzpw.com/cms/show-2528.html
2528,2025-01-04,2025,shortterm,短期工,00路费补贴。小时工最高价：26元/H+1元直招补贴+200路费补贴。短期工最高价：同工同酬+800元。寒假工最高价：同工同酬+800元。郑州港区,True,https://www.fskzpw.com/cms/show-2528.html
2529,2025-01-07,2025,dispatch,派遣,生工)招聘，现在可预约面试。富士康招募政策问题汇总1、郑州富士康新、老派遣工定义：① 老员工(派遣工)定义：2021/1/1至今入职过A事业群(,True,https://www.fskzpw.com/cms/show-2529.html
2529,2025-01-07,2025,dispatch,同工同酬,小时工最高价：26元/H+1元直招补贴+200路费补贴。短期工最高价：同工同酬+800元。寒假工最高价：同工同酬+800.. 郑州港区富士康A事业群,True,https://www.fskzpw.com/cms/show-2529.html
2529,2025-01-07,2025,direct_hire_language,直招,满即停！ 郑州港区富士康A事业群：返费工最高价：奖金8000元+500直招补贴+200路费补贴。小时工最高价：26元/H+1元直招补贴+200路,True,https://www.fskzpw.com/cms/show-2529.html
2529,2025-01-07,2025,direct_hire_language,正式工,体均视为新员工（派遣工）。2、同工同酬是什么意思？同工同酬就是和富士康正式工工作一样，工资标准一样工资标准如下：底薪2100，周一到周五每天加班2,True,https://www.fskzpw.com/cms/show-2529.html
2529,2025-01-07,2025,student,学生工,报名后请注意添加添加客服时请备注：已报名+自己名字三、短期工(寒假工，学生工)1、薪资待遇：短期工工资：同工同酬 + 额外800元补贴；尽量干到1,True,https://www.fskzpw.com/cms/show-2529.html
2529,2025-01-07,2025,student,寒假工,/H+1元直招补贴+200路费补贴。短期工最高价：同工同酬+800元。寒假工最高价：同工同酬+800.. 郑州港区富士康A事业群：返费工最高价：奖,True,https://www.fskzpw.com/cms/show-2529.html
2529,2025-01-07,2025,shortterm,短期工,00路费补贴。小时工最高价：26元/H+1元直招补贴+200路费补贴。短期工最高价：同工同酬+800元。寒假工最高价：同工同酬+800.. 郑州港,True,https://www.fskzpw.com/cms/show-2529.html
2530,2025-01-08,2025,dispatch,派遣,生工)招聘，现在可预约面试。富士康招募政策问题汇总1、郑州富士康新、老派遣工定义：① 老员工(派遣工)定义：2021/1/1至今入职过A事业群(,True,https://www.fskzpw.com/cms/show-2530.html
2530,2025-01-08,2025,dispatch,同工同酬,返费工、小时工继续高价8700元郑州港区富士康A事业群：短期工最高价：同工同酬+800元。寒假工最高价：同工同酬+800.. 寒假工重磅来袭，额外补,True,https://www.fskzpw.com/cms/show-2530.html
2530,2025-01-08,2025,direct_hire_language,直招,寒假工最高价：同工同酬+800元。返费工最高价：奖金8000元+500直招补贴+200路费补贴。小时工最高价：26元/H+1元直招补贴+200路,True,https://www.fskzpw.com/cms/show-2530.html
2530,2025-01-08,2025,direct_hire_language,正式工,体均视为新员工（派遣工）。2、同工同酬是什么意思？同工同酬就是和富士康正式工工作一样，工资标准一样工资标准如下：底薪2100，周一到周五每天加班2,True,https://www.fskzpw.com/cms/show-2530.html
2530,2025-01-08,2025,student,学生工,路费补贴。郑州港区富士康A事业群具体薪资政策如下：一、短期工(寒假工，学生工)1️、薪资待遇：短期工工资：同工同酬 + 额外800元补贴；尽量干到,True,https://www.fskzpw.com/cms/show-2530.html
2530,2025-01-08,2025,student,寒假工,8号寒假工重磅来袭，额外补贴800元，2025年郑州富士康寒假工最新招募政策，返,True,https://www.fskzpw.com/cms/show-2530.html
2530,2025-01-08,2025,shortterm,短期工,最新招募政策，返费工、小时工继续高价8700元郑州港区富士康A事业群：短期工最高价：同工同酬+800元。寒假工最高价：同工同酬+800.. 寒假工,True,https://www.fskzpw.com/cms/show-2530.html
2531,2025-01-09,2025,dispatch,派遣,生工)招聘，现在可预约面试。富士康招募政策问题汇总1、郑州富士康新、老派遣工定义：① 老员工(派遣工)定义：2021/1/1至今入职过A事业群(,True,https://www.fskzpw.com/cms/show-2531.html
2531,2025-01-09,2025,dispatch,同工同酬,抓住本周入职最佳机会，赶快入职。郑州港区富士康A事业群：短期工最高价：同工同酬+800元。寒假工最高价：同工同酬+800元。返费工最高价：奖金800,True,https://www.fskzpw.com/cms/show-2531.html
2531,2025-01-09,2025,direct_hire_language,直招,寒假工最高价：同工同酬+800元。返费工最高价：奖金8000元+500直招补贴+200路费补贴。小时工最高价：26元/H+1元直招补贴+200路,True,https://www.fskzpw.com/cms/show-2531.html
2531,2025-01-09,2025,direct_hire_language,正式工,体均视为新员工（派遣工）。2、同工同酬是什么意思？同工同酬就是和富士康正式工工作一样，工资标准一样工资标准如下：底薪2100，周一到周五每天加班2,True,https://www.fskzpw.com/cms/show-2531.html
2531,2025-01-09,2025,student,学生工,路费补贴。郑州港区富士康A事业群具体薪资政策如下：一、短期工(寒假工，学生工)1️、薪资待遇：短期工工资：同工同酬 + 额外800元补贴；尽量干到,True,https://www.fskzpw.com/cms/show-2531.html
2531,2025-01-09,2025,student,寒假工,紧急！寒假工赶紧入职！河南高校放假，放假人数310万，受此影响，市场价格即将下调,True,https://www.fskzpw.com/cms/show-2531.html
2531,2025-01-09,2025,shortterm,短期工,还没入职的工友抓住本周入职最佳机会，赶快入职。郑州港区富士康A事业群：短期工最高价：同工同酬+800元。寒假工最高价：同工同酬+800元。返费工最,True,https://www.fskzpw.com/cms/show-2531.html
2533,2025-01-11,2025,dispatch,派遣,州富士康招聘线上AI面试流程、入职进厂流程（最新）2、郑州富士康新、老派遣工定义：① 老员工(派遣工)定义：2023/1/1至今入职过A事业群(,True,https://www.fskzpw.com/cms/show-2533.html
2533,2025-01-11,2025,dispatch,同工同酬,"史最高价,郑州富士康良心大企业，快来薅羊毛，就几天时间。短期工最高价：同工同酬+2400元。寒假工最高价：同工同酬+2400元。郑州.. 爆涨240",True,https://www.fskzpw.com/cms/show-2533.html
2533,2025-01-11,2025,direct_hire_language,直招,0天以上，额外发放返费最高8000元（区分新老员工&部门）+ 300元直招补贴；额外返费具体如下：郑州富士康招聘：《制造部门-关键工站》新员工:,True,https://www.fskzpw.com/cms/show-2533.html
2533,2025-01-11,2025,direct_hire_language,正式工,员工（派遣工）。3、郑州富士康同工同酬是什么意思？同工同酬就是和富士康正式工工作一样，工资标准一样工资标准如下：底薪2350元，加班另算，综合工资,True,https://www.fskzpw.com/cms/show-2533.html
2533,2025-01-11,2025,student,学生工,400元。郑州港区富士康A事业群具体薪资政策如下：一、短期工(寒假工，学生工)1️、薪资待遇：短期工工资：同工同酬 + 额外2400元补贴；尽量干,True,https://www.fskzpw.com/cms/show-2533.html
2533,2025-01-11,2025,student,寒假工,寒假工补贴大涨价2400元！2025年郑州富士康寒假工补贴突然暴涨，工友们不,True,https://www.fskzpw.com/cms/show-2533.html
2533,2025-01-11,2025,shortterm,短期工,"贴突然暴涨，工友们不要再等了，跟上节奏 爆涨2400元！郑州富士康寒假短期工大涨价,补贴2400元，历史最高价,郑州富士康良心大企业，快来薅羊毛，",True,https://www.fskzpw.com/cms/show-2533.html
2534,2025-01-13,2025,dispatch,派遣,州富士康招聘线上AI面试流程、入职进厂流程（最新）2、郑州富士康新、老派遣工定义：① 老员工(派遣工)定义：2023/1/1至今入职过A事业群(,True,https://www.fskzpw.com/cms/show-2534.html
2534,2025-01-13,2025,dispatch,同工同酬,"史最高价,郑州富士康良心大企业，快来薅羊毛，就几天时间。短期工最高价：同工同酬+2400元。寒假工最高价：同工同酬+2400元。郑州.. 爆涨240",True,https://www.fskzpw.com/cms/show-2534.html
2534,2025-01-13,2025,direct_hire_language,直招,0天以上，额外发放返费最高8000元（区分新老员工&部门）+ 300元直招补贴；额外返费具体如下：郑州富士康招聘：《制造部门-关键工站》新员工:,True,https://www.fskzpw.com/cms/show-2534.html
2534,2025-01-13,2025,direct_hire_language,正式工,员工（派遣工）。3、郑州富士康同工同酬是什么意思？同工同酬就是和富士康正式工工作一样，工资标准一样工资标准如下：底薪2350元，加班另算，综合工资,True,https://www.fskzpw.com/cms/show-2534.html
2534,2025-01-13,2025,student,学生工,400元。郑州港区富士康A事业群具体薪资政策如下：一、短期工(寒假工，学生工)1️、薪资待遇：短期工工资：同工同酬 + 额外2400元补贴；尽量干,True,https://www.fskzpw.com/cms/show-2534.html
2534,2025-01-13,2025,student,寒假工,2025年郑州富士康最新招聘信息：寒假工补贴暴涨2400元，工友们能入职的尽快报名 爆涨2400元！郑州富士康,True,https://www.fskzpw.com/cms/show-2534.html
2534,2025-01-13,2025,shortterm,短期工,"暴涨2400元，工友们能入职的尽快报名 爆涨2400元！郑州富士康寒假短期工大涨价,补贴2400元，历史最高价,郑州富士康良心大企业，快来薅羊毛，",True,https://www.fskzpw.com/cms/show-2534.html
2536,2025-01-15,2025,dispatch,派遣,州富士康招聘线上AI面试流程、入职进厂流程（最新）2、郑州富士康新、老派遣工定义：① 老员工(派遣工)定义：2023/1/1至今入职过A事业群(,True,https://www.fskzpw.com/cms/show-2536.html
2536,2025-01-15,2025,dispatch,同工同酬,赚钱回家过年。郑州港区富士康A事业群：打卡7天200元。短期工最高价：同工同酬+1000元。寒假工最高价：同工同酬+1000元。郑州港区富士康A事业,True,https://www.fskzpw.com/cms/show-2536.html
2536,2025-01-15,2025,direct_hire_language,直招,的县市区地方所谓的招募招聘接待中心都是些小中介，并不是富士康签约指定的直招渠道人力资源公司，信誉良莠不齐，都不能保证正常的补贴和返费，请工友仔细,True,https://www.fskzpw.com/cms/show-2536.html
2536,2025-01-15,2025,direct_hire_language,正式工,员工（派遣工）。3、郑州富士康同工同酬是什么意思？同工同酬就是和富士康正式工工作一样，工资标准一样工资标准如下：底薪2350元，加班另算，综合工资,True,https://www.fskzpw.com/cms/show-2536.html
2536,2025-01-15,2025,student,学生工,爆了！郑州富士康短期工（学生工，社会工都可以）大涨价！补贴1000元，历史最高价！ 爆了！郑州富士康,True,https://www.fskzpw.com/cms/show-2536.html
2536,2025-01-15,2025,student,寒假工,心大企业，快来薅羊毛，就几天时间。想入职的就，赶紧报名，别错过了。想做寒假工的学生，.. 爆了！郑州富士康短期工（学生工，社会工都可以）大涨价！补,True,https://www.fskzpw.com/cms/show-2536.html
2536,2025-01-15,2025,shortterm,短期工,爆了！郑州富士康短期工（学生工，社会工都可以）大涨价！补贴1000元，历史最高价！ 爆了！郑,True,https://www.fskzpw.com/cms/show-2536.html
2532,2025-01-16,2025,dispatch,派遣,州富士康招聘线上AI面试流程、入职进厂流程（最新）2、郑州富士康新、老派遣工定义：① 老员工(派遣工)定义：2023/1/1至今入职过A事业群(,True,https://www.fskzpw.com/cms/show-2532.html
2532,2025-01-16,2025,dispatch,同工同酬,"史最高价,郑州富士康良心大企业，快来薅羊毛，就几天时间。短期工最高价：同工同酬+2400元。寒假工最高价：同工同酬+2400元。郑州.. 爆涨240",True,https://www.fskzpw.com/cms/show-2532.html
2532,2025-01-16,2025,direct_hire_language,直招,郑州富士康招聘：《制造部门-关键工站》新员工: 奖金7500元+500直招补贴+200路费补贴老员工: 奖金8000元+500直招补贴+200路,True,https://www.fskzpw.com/cms/show-2532.html
2532,2025-01-16,2025,direct_hire_language,正式工,员工（派遣工）。3、郑州富士康同工同酬是什么意思？同工同酬就是和富士康正式工工作一样，工资标准一样工资标准如下：底薪2350元，加班另算，综合工资,True,https://www.fskzpw.com/cms/show-2532.html
2532,2025-01-16,2025,student,学生工,2025年郑州富士康招聘寒假工、学生工，价格暴涨，能入职的赶紧报名，年前最后机会 爆涨2400元！郑州富士康,True,https://www.fskzpw.com/cms/show-2532.html
2532,2025-01-16,2025,student,寒假工,2025年郑州富士康招聘寒假工、学生工，价格暴涨，能入职的赶紧报名，年前最后机会 爆涨2400元！郑,True,https://www.fskzpw.com/cms/show-2532.html
2532,2025-01-16,2025,shortterm,短期工,"格暴涨，能入职的赶紧报名，年前最后机会 爆涨2400元！郑州富士康寒假短期工大涨价,补贴2400元，历史最高价,郑州富士康良心大企业，快来薅羊毛，",True,https://www.fskzpw.com/cms/show-2532.html
2537,2025-01-16,2025,dispatch,派遣,州富士康招聘线上AI面试流程、入职进厂流程（最新）2、郑州富士康新、老派遣工定义：① 老员工(派遣工)定义：2023/1/1至今入职过A事业群(,True,https://www.fskzpw.com/cms/show-2537.html
2537,2025-01-16,2025,dispatch,同工同酬,"史最高价,郑州富士康良心大企业，快来薅羊毛，就几天时间。短期工最高价：同工同酬+2400元。寒假工最高价：同工同酬+2400元。郑州.. 爆涨240",True,https://www.fskzpw.com/cms/show-2537.html
2537,2025-01-16,2025,direct_hire_language,直招,0天以上，额外发放返费最高8000元（区分新老员工&部门）+ 300元直招补贴；额外返费具体如下：郑州富士康招聘：《制造部门-关键工站》新员工:,True,https://www.fskzpw.com/cms/show-2537.html
2537,2025-01-16,2025,direct_hire_language,正式工,员工（派遣工）。3、郑州富士康同工同酬是什么意思？同工同酬就是和富士康正式工工作一样，工资标准一样工资标准如下：底薪2350元，加班另算，综合工资,True,https://www.fskzpw.com/cms/show-2537.html
2537,2025-01-16,2025,student,学生工,400元。郑州港区富士康A事业群具体薪资政策如下：一、短期工(寒假工，学生工)1️、薪资待遇：短期工工资：同工同酬 + 额外2400元补贴；尽量干,True,https://www.fskzpw.com/cms/show-2537.html
2537,2025-01-16,2025,student,寒假工,寒假工爆涨2400元！年龄放宽到50岁，郑州富士康寒假短期工大涨价补贴240,True,https://www.fskzpw.com/cms/show-2537.html
2537,2025-01-16,2025,shortterm,短期工,寒假工爆涨2400元！年龄放宽到50岁，郑州富士康寒假短期工大涨价补贴2400元！快来薅羊毛，就几天时间 爆涨2400元！郑州富士,True,https://www.fskzpw.com/cms/show-2537.html
2541,2025-01-18,2025,dispatch,派遣,州富士康招聘线上AI面试流程、入职进厂流程（最新）2、郑州富士康新、老派遣工定义：① 老员工(派遣工)定义：2023/1/1至今入职过A事业群(,True,https://www.fskzpw.com/cms/show-2541.html
2541,2025-01-18,2025,dispatch,同工同酬,各种福利待遇一应俱全，在郑州富士康过大年，赚大钱两不误。短期工最高价：同工同酬+1800元。（年龄18-50周岁）寒假工最高价：同工同酬+1800元,True,https://www.fskzpw.com/cms/show-2541.html
2541,2025-01-18,2025,direct_hire_language,直招,的县市区地方所谓的招募招聘接待中心都是些小中介，并不是富士康签约指定的直招渠道人力资源公司，信誉良莠不齐，都不能保证正常的补贴和返费，请工友仔细,True,https://www.fskzpw.com/cms/show-2541.html
2541,2025-01-18,2025,direct_hire_language,正式工,员工（派遣工）。3、郑州富士康同工同酬是什么意思？同工同酬就是和富士康正式工工作一样，工资标准一样工资标准如下：底薪2350元，加班另算，综合工资,True,https://www.fskzpw.com/cms/show-2541.html
2541,2025-01-18,2025,student,学生工,6元/小时郑州港区富士康A事业群具体薪资政策如下：一、短期工(寒假工，学生工)（年龄18-50周岁）1️、薪资待遇：短期工工资：同工同酬 + 额外,True,https://www.fskzpw.com/cms/show-2541.html
2541,2025-01-18,2025,student,寒假工,郑州富士康招聘短期工、寒假工、返费工、小时工最新政策，寒假工补贴1800元，返费工高达8000元,True,https://www.fskzpw.com/cms/show-2541.html
2541,2025-01-18,2025,shortterm,短期工,郑州富士康招聘短期工、寒假工、返费工、小时工最新政策，寒假工补贴1800元，返费工高达80,True,https://www.fskzpw.com/cms/show-2541.html
2544,2025-01-25,2025,dispatch,派遣,州富士康招聘线上AI面试流程、入职进厂流程（最新）2、郑州富士康新、老派遣工定义：① 老员工(派遣工)定义：2023/1/1至今入职过A事业群(,True,https://www.fskzpw.com/cms/show-2544.html
2544,2025-01-25,2025,dispatch,同工同酬,遣工)定义：不符合上述定义的群体均视为新员工（派遣工）。3、郑州富士康同工同酬是什么意思？同工同酬就是和富士康正式工工作一样，工资标准一样工资标准如,True,https://www.fskzpw.com/cms/show-2544.html
2544,2025-01-25,2025,direct_hire_language,直招,的县市区地方所谓的招募招聘接待中心都是些小中介，并不是富士康签约指定的直招渠道人力资源公司，信誉良莠不齐，都不能保证正常的补贴和返费，请工友仔细,True,https://www.fskzpw.com/cms/show-2544.html
2544,2025-01-25,2025,direct_hire_language,正式工,员工（派遣工）。3、郑州富士康同工同酬是什么意思？同工同酬就是和富士康正式工工作一样，工资标准一样工资标准如下：底薪2350元，加班另算，综合工资,True,https://www.fskzpw.com/cms/show-2544.html
2546,2025-01-31,2025,dispatch,派遣,州富士康招聘线上AI面试流程、入职进厂流程（最新）2、郑州富士康新、老派遣工定义：① 老员工(派遣工)定义：2023/1/1至今入职过A事业群(,True,https://www.fskzpw.com/cms/show-2546.html
2546,2025-01-31,2025,dispatch,同工同酬,时工模式差价补贴至2025年3月31日，自2025年4月1日起，仅享有同工同酬。1. 制造部门：关键工站新员工：24.5元/小时 + 1元直招补贴老,True,https://www.fskzpw.com/cms/show-2546.html
2546,2025-01-31,2025,direct_hire_language,直招,"2025年郑州富士康春节最新招募政策： 返费工直招补贴7800元,小时工最高26元/小时 2025年郑州富士康春节最新招",True,https://www.fskzpw.com/cms/show-2546.html
2546,2025-01-31,2025,direct_hire_language,正式工,员工（派遣工）。3、郑州富士康同工同酬是什么意思？同工同酬就是和富士康正式工工作一样，工资标准一样工资标准如下：底薪2350元，加班另算，综合工资,True,https://www.fskzpw.com/cms/show-2546.html
2548,2025-02-06,2025,dispatch,派遣,州富士康招聘线上AI面试流程、入职进厂流程（最新）2、郑州富士康新、老派遣工定义：① 老员工(派遣工)定义：2023/1/1至今入职过A事业群(,True,https://www.fskzpw.com/cms/show-2548.html
2548,2025-02-06,2025,dispatch,同工同酬,号起按底薪和加班费计算工资。（2）小时工薪资发放方式：① 每月7号发放同工同酬(底薪、加班费和各种补贴)，不交五险一金。② 25号在职，28号补发上,True,https://www.fskzpw.com/cms/show-2548.html
2548,2025-02-06,2025,direct_hire_language,直招,① 郑州富士康制造部门：关键工站新员工：返费7000元 + 300元直招补贴老员工：返费7500元 + 300元直招补贴 ② 郑州富士康制造部,True,https://www.fskzpw.com/cms/show-2548.html
2548,2025-02-06,2025,direct_hire_language,正式工,员工（派遣工）。3、郑州富士康同工同酬是什么意思？同工同酬就是和富士康正式工工作一样，工资标准一样工资标准如下：底薪2350元，加班另算，综合工资,True,https://www.fskzpw.com/cms/show-2548.html
2549,2025-02-08,2025,dispatch,派遣,州富士康招聘线上AI面试流程、入职进厂流程（最新）2、郑州富士康新、老派遣工定义：① 老员工(派遣工)定义：2023/1/1至今入职过A事业群(,True,https://www.fskzpw.com/cms/show-2549.html
2549,2025-02-08,2025,dispatch,同工同酬,号起按底薪和加班费计算工资。（2）小时工薪资发放方式：① 每月7号发放同工同酬(底薪、加班费和各种补贴)，不交五险一金。② 25号在职，28号补发上,True,https://www.fskzpw.com/cms/show-2549.html
2549,2025-02-08,2025,direct_hire_language,直招,① 郑州富士康制造部门：关键工站新员工：返费7000元 + 300元直招补贴老员工：返费7500元 + 300元直招补贴 ② 郑州富士康制造部,True,https://www.fskzpw.com/cms/show-2549.html
2549,2025-02-08,2025,direct_hire_language,正式工,员工（派遣工）。3、郑州富士康同工同酬是什么意思？同工同酬就是和富士康正式工工作一样，工资标准一样工资标准如下：底薪2350元，加班另算，综合工资,True,https://www.fskzpw.com/cms/show-2549.html
2550,2025-02-10,2025,dispatch,派遣,州富士康招聘线上AI面试流程、入职进厂流程（最新）2、郑州富士康新、老派遣工定义：① 老员工(派遣工)定义：2023/1/1至今入职过A事业群(,True,https://www.fskzpw.com/cms/show-2550.html
2550,2025-02-10,2025,dispatch,同工同酬,号起按底薪和加班费计算工资。（2）小时工薪资发放方式：① 每月7号发放同工同酬(底薪、加班费和各种补贴)，不交五险一金。② 25号在职，28号补发上,True,https://www.fskzpw.com/cms/show-2550.html
2550,2025-02-10,2025,direct_hire_language,直招,① 郑州富士康制造部门：关键工站新员工：返费7000元 + 300元直招补贴老员工：返费7500元 + 300元直招补贴 ② 郑州富士康制造部,True,https://www.fskzpw.com/cms/show-2550.html
2550,2025-02-10,2025,direct_hire_language,正式工,员工（派遣工）。3、郑州富士康同工同酬是什么意思？同工同酬就是和富士康正式工工作一样，工资标准一样工资标准如下：底薪2350元，加班另算，综合工资,True,https://www.fskzpw.com/cms/show-2550.html
2551,2025-02-11,2025,dispatch,派遣,州富士康招聘线上AI面试流程、入职进厂流程（最新）2、郑州富士康新、老派遣工定义：① 老员工(派遣工)定义：2023/1/1至今入职过A事业群(,True,https://www.fskzpw.com/cms/show-2551.html
2551,2025-02-11,2025,dispatch,同工同酬,号起按底薪和加班费计算工资。（2）小时工薪资发放方式：① 每月7号发放同工同酬(底薪、加班费和各种补贴)，不交五险一金。② 25号在职，28号补发上,True,https://www.fskzpw.com/cms/show-2551.html
2551,2025-02-11,2025,direct_hire_language,直招,① 郑州富士康制造部门：关键工站新员工：返费7000元 + 300元直招补贴老员工：返费7500元 + 300元直招补贴 ② 郑州富士康制造部,True,https://www.fskzpw.com/cms/show-2551.html
2551,2025-02-11,2025,direct_hire_language,正式工,员工（派遣工）。3、郑州富士康同工同酬是什么意思？同工同酬就是和富士康正式工工作一样，工资标准一样工资标准如下：底薪2350元，加班另算，综合工资,True,https://www.fskzpw.com/cms/show-2551.html
2552,2025-02-12,2025,dispatch,派遣,州富士康招聘线上AI面试流程、入职进厂流程（最新）2、郑州富士康新、老派遣工定义：① 老员工(派遣工)定义：2023/1/1至今入职过A事业群(,True,https://www.fskzpw.com/cms/show-2552.html
2552,2025-02-12,2025,dispatch,同工同酬,号起按底薪和加班费计算工资。（2）小时工薪资发放方式：① 每月7号发放同工同酬(底薪、加班费和各种补贴)，不交五险一金。② 25号在职，28号补发上,True,https://www.fskzpw.com/cms/show-2552.html
2552,2025-02-12,2025,direct_hire_language,直招,① 郑州富士康制造部门：关键工站新员工：返费7000元 + 300元直招补贴老员工：返费7500元 + 300元直招补贴 ② 郑州富士康制造部,True,https://www.fskzpw.com/cms/show-2552.html
2552,2025-02-12,2025,direct_hire_language,正式工,员工（派遣工）。3、郑州富士康同工同酬是什么意思？同工同酬就是和富士康正式工工作一样，工资标准一样工资标准如下：底薪2350元，加班另算，综合工资,True,https://www.fskzpw.com/cms/show-2552.html
2554,2025-02-13,2025,dispatch,派遣,州富士康招聘线上AI面试流程、入职进厂流程（最新）2、郑州富士康新、老派遣工定义：① 老员工(派遣工)定义：2023/1/1至今入职过A事业群(,True,https://www.fskzpw.com/cms/show-2554.html
2554,2025-02-13,2025,dispatch,同工同酬,号起按底薪和加班费计算工资。（2）小时工薪资发放方式：① 每月7号发放同工同酬(底薪、加班费和各种补贴)，不交五险一金。② 25号在职，28号补发上,True,https://www.fskzpw.com/cms/show-2554.html
2554,2025-02-13,2025,direct_hire_language,直招,① 郑州富士康制造部门：关键工站新员工：返费6500元 + 300元直招补贴老员工：返费7000元 + 300元直招补贴 ② 郑州富士康制造部,True,https://www.fskzpw.com/cms/show-2554.html
2554,2025-02-13,2025,direct_hire_language,正式工,员工（派遣工）。3、郑州富士康同工同酬是什么意思？同工同酬就是和富士康正式工工作一样，工资标准一样工资标准如下：底薪2350元，加班另算，综合工资,True,https://www.fskzpw.com/cms/show-2554.html
2555,2025-02-14,2025,dispatch,派遣,州富士康招聘线上AI面试流程、入职进厂流程（最新）2、郑州富士康新、老派遣工定义：① 老员工(派遣工)定义：2023/1/1至今入职过A事业群(,True,https://www.fskzpw.com/cms/show-2555.html
2555,2025-02-14,2025,dispatch,同工同酬,号起按底薪和加班费计算工资。（2）小时工薪资发放方式：① 每月7号发放同工同酬(底薪、加班费和各种补贴)，不交五险一金。② 25号在职，28号补发上,True,https://www.fskzpw.com/cms/show-2555.html
2555,2025-02-14,2025,direct_hire_language,直招,① 郑州富士康制造部门：关键工站新员工：返费6500元 + 300元直招补贴老员工：返费7000元 + 300元直招补贴 ② 郑州富士康制造部,True,https://www.fskzpw.com/cms/show-2555.html
2555,2025-02-14,2025,direct_hire_language,正式工,员工（派遣工）。3、郑州富士康同工同酬是什么意思？同工同酬就是和富士康正式工工作一样，工资标准一样工资标准如下：底薪2350元，加班另算，综合工资,True,https://www.fskzpw.com/cms/show-2555.html
2561,2025-02-16,2025,dispatch,派遣,州富士康招聘线上AI面试流程、入职进厂流程（最新）2、郑州富士康新、老派遣工定义：① 老员工(派遣工)定义：2023/1/1至今入职过A事业群(,True,https://www.fskzpw.com/cms/show-2561.html
2561,2025-02-16,2025,dispatch,同工同酬,号起按底薪和加班费计算工资。（2）小时工薪资发放方式：① 每月7号发放同工同酬(底薪、加班费和各种补贴)，不交五险一金。② 25号在职，28号补发上,True,https://www.fskzpw.com/cms/show-2561.html
2561,2025-02-16,2025,direct_hire_language,直招,① 郑州富士康制造部门：关键工站新员工：返费6000元 + 300元直招补贴老员工：返费6500元 + 300元直招补贴 ② 郑州富士康制造部,True,https://www.fskzpw.com/cms/show-2561.html
2561,2025-02-16,2025,direct_hire_language,正式工,员工（派遣工）。3、郑州富士康同工同酬是什么意思？同工同酬就是和富士康正式工工作一样，工资标准一样工资标准如下：底薪2350元，加班另算，综合工资,True,https://www.fskzpw.com/cms/show-2561.html
2563,2025-02-19,2025,dispatch,派遣,州富士康招聘线上AI面试流程、入职进厂流程（最新）2、郑州富士康新、老派遣工定义：① 老员工(派遣工)定义：2023/1/1至今入职过A事业群(,True,https://www.fskzpw.com/cms/show-2563.html
2563,2025-02-19,2025,dispatch,同工同酬,号起按底薪和加班费计算工资。（2）小时工薪资发放方式：① 每月7号发放同工同酬(底薪、加班费和各种补贴)，不交五险一金。② 25号在职，28号补发上,True,https://www.fskzpw.com/cms/show-2563.html
2563,2025-02-19,2025,direct_hire_language,直招,① 郑州富士康制造部门：关键工站新员工：返费4500元 + 300元直招补贴老员工：返费5000元 + 300元直招补贴 ② 郑州富士康制造部,True,https://www.fskzpw.com/cms/show-2563.html
2563,2025-02-19,2025,direct_hire_language,正式工,员工（派遣工）。3、郑州富士康同工同酬是什么意思？同工同酬就是和富士康正式工工作一样，工资标准一样工资标准如下：底薪2350元，加班另算，综合工资,True,https://www.fskzpw.com/cms/show-2563.html
2564,2025-02-23,2025,dispatch,派遣,州富士康招聘线上AI面试流程、入职进厂流程（最新）2、郑州富士康新、老派遣工定义：① 老员工(派遣工)定义：2023/1/1至今入职过A事业群(,True,https://www.fskzpw.com/cms/show-2564.html
2564,2025-02-23,2025,dispatch,同工同酬,遣工)定义：不符合上述定义的群体均视为新员工（派遣工）。3、郑州富士康同工同酬是什么意思？同工同酬就是和富士康正式工工作一样，工资标准一样工资标准如,True,https://www.fskzpw.com/cms/show-2564.html
2564,2025-02-23,2025,direct_hire_language,直招,的县市区地方所谓的招募招聘接待中心都是些小中介，并不是富士康签约指定的直招渠道人力资源公司，信誉良莠不齐，都不能保证正常的补贴和返费，请工友仔细,True,https://www.fskzpw.com/cms/show-2564.html
2564,2025-02-23,2025,direct_hire_language,正式工,员工（派遣工）。3、郑州富士康同工同酬是什么意思？同工同酬就是和富士康正式工工作一样，工资标准一样工资标准如下：底薪2350元，加班另算，综合工资,True,https://www.fskzpw.com/cms/show-2564.html
2567,2025-03-15,2025,dispatch,派遣,州富士康招聘线上AI面试流程、入职进厂流程（最新）2、郑州富士康新、老派遣工定义：① 老员工(派遣工)定义：2023/1/1至今入职过A事业群(,True,https://www.fskzpw.com/cms/show-2567.html
2567,2025-03-15,2025,dispatch,同工同酬,遣工)定义：不符合上述定义的群体均视为新员工（派遣工）。3、郑州富士康同工同酬是什么意思？同工同酬就是和富士康正式工工作一样，工资标准一样工资标准如,True,https://www.fskzpw.com/cms/show-2567.html
2567,2025-03-15,2025,direct_hire_language,直招,① 郑州富士康制造部门：关键工站新员工：返费2000元 + 200元直招补贴老员工：返费2500元 + 200元直招补贴 ② 郑州富士康制造部,True,https://www.fskzpw.com/cms/show-2567.html
2567,2025-03-15,2025,direct_hire_language,正式工,员工（派遣工）。3、郑州富士康同工同酬是什么意思？同工同酬就是和富士康正式工工作一样，工资标准一样工资标准如下：底薪2350元，加班另算，综合工资,True,https://www.fskzpw.com/cms/show-2567.html
2570,2025-03-23,2025,dispatch,派遣,州富士康招聘线上AI面试流程、入职进厂流程（最新）2、郑州富士康新、老派遣工定义：① 老员工(派遣工)定义：2023/1/1至今入职过A事业群(,True,https://www.fskzpw.com/cms/show-2570.html
2570,2025-03-23,2025,dispatch,同工同酬,，具体以签订电子确认书为准。（2）小时工薪资发放方式：① 每月7号发放同工同酬(底薪、加班费和各种补贴)，不交五险一金。② 25号在职，28号补发上,True,https://www.fskzpw.com/cms/show-2570.html
2570,2025-03-23,2025,direct_hire_language,直招,① 郑州富士康制造部门：关键工站新员工：返费2000元 + 300元直招补贴老员工：返费2500元 + 300元直招补贴 ② 郑州富士康制造部,True,https://www.fskzpw.com/cms/show-2570.html
2570,2025-03-23,2025,direct_hire_language,正式工,员工（派遣工）。3、郑州富士康同工同酬是什么意思？同工同酬就是和富士康正式工工作一样，工资标准一样工资标准如下：底薪2350元，加班另算，综合工资,True,https://www.fskzpw.com/cms/show-2570.html
2571,2025-04-25,2025,dispatch,派遣,州富士康招聘线上AI面试流程、入职进厂流程（最新）2、郑州富士康新、老派遣工定义：① 老员工(派遣工)定义：2023/1/1至今入职过A事业群(,True,https://www.fskzpw.com/cms/show-2571.html
2571,2025-04-25,2025,dispatch,同工同酬,高价小时工：差价补贴至2025/6/30，自2025/7/1起，仅享有同工同酬；提醒：入职郑州富士康请务必提前在线预约报名，客服免费协助进行线上AI,True,https://www.fskzpw.com/cms/show-2571.html
2571,2025-04-25,2025,direct_hire_language,直招,① 郑州富士康制造部门：关键工站新员工：返费2000元 + 300元直招补贴老员工：返费2500元 + 300元直招补贴 ② 郑州富士康制造部,True,https://www.fskzpw.com/cms/show-2571.html
2571,2025-04-25,2025,direct_hire_language,正式工,员工（派遣工）。3、郑州富士康同工同酬是什么意思？同工同酬就是和富士康正式工工作一样，工资标准一样工资标准如下：底薪2350元，加班另算，综合工资,True,https://www.fskzpw.com/cms/show-2571.html
2572,2025-04-26,2025,dispatch,派遣,州富士康招聘线上AI面试流程、入职进厂流程（最新）2、郑州富士康新、老派遣工定义：① 老员工(派遣工)定义：2023/1/1至今入职过A事业群(,True,https://www.fskzpw.com/cms/show-2572.html
2572,2025-04-26,2025,dispatch,同工同酬,高价小时工：差价补贴至2025/6/30，自2025/7/1起，仅享有同工同酬；提醒：入职郑州富士康请务必提前在线预约报名，客服免费协助进行线上AI,True,https://www.fskzpw.com/cms/show-2572.html
2572,2025-04-26,2025,direct_hire_language,直招,① 郑州富士康制造部门：关键工站新员工：返费2000元 + 300元直招补贴老员工：返费2500元 + 300元直招补贴 ② 郑州富士康制造部,True,https://www.fskzpw.com/cms/show-2572.html
2572,2025-04-26,2025,direct_hire_language,正式工,员工（派遣工）。3、郑州富士康同工同酬是什么意思？同工同酬就是和富士康正式工工作一样，工资标准一样工资标准如下：底薪2350元，加班另算，综合工资,True,https://www.fskzpw.com/cms/show-2572.html
2574,2025-05-03,2025,dispatch,派遣,州富士康招聘线上AI面试流程、入职进厂流程（最新）2、郑州富士康新、老派遣工定义：① 老员工(派遣工)定义：2022/1/1至今入职过A事业群(,True,https://www.fskzpw.com/cms/show-2574.html
2574,2025-05-03,2025,dispatch,同工同酬,高价小时工：差价补贴至2025/6/30，自2025/7/1起，仅享有同工同酬；提醒：入职郑州富士康请务必提前在线预约报名，客服免费协助进行线上AI,True,https://www.fskzpw.com/cms/show-2574.html
2574,2025-05-03,2025,direct_hire_language,直招,① 郑州富士康制造部门：关键工站新员工：返费2000元 + 300元直招补贴老员工：返费2500元 + 300元直招补贴 ② 郑州富士康制造部,True,https://www.fskzpw.com/cms/show-2574.html
2574,2025-05-03,2025,direct_hire_language,正式工,员工（派遣工）。3、郑州富士康同工同酬是什么意思？同工同酬就是和富士康正式工工作一样，工资标准一样工资标准如下：底薪2100，周一到周五每天加班2,True,https://www.fskzpw.com/cms/show-2574.html
2574,2025-05-03,2025,student,学生工,学历，烟疤大面积纹身不行。目前有返费工、高价纯小时工、短期工(寒假工、学生工)招聘，现在可预约面试。12、郑州富士康防诈骗提醒富士康招聘招募报名与,True,https://www.fskzpw.com/cms/show-2574.html
2574,2025-05-03,2025,student,寒假工,初中以上学历，烟疤大面积纹身不行。目前有返费工、高价纯小时工、短期工(寒假工、学生工)招聘，现在可预约面试。12、郑州富士康防诈骗提醒富士康招聘招,True,https://www.fskzpw.com/cms/show-2574.html
2574,2025-05-03,2025,shortterm,短期工,间必须间隔1个月。6、郑州富士康24岁以下查验标准：① 港区A事业群（短期工模式无需查验）。② 18＜年龄≤24周岁入职高价小时工、返费工模式需查,True,https://www.fskzpw.com/cms/show-2574.html
2575,2025-05-15,2025,dispatch,派遣,州富士康招聘线上AI面试流程、入职进厂流程（最新）2、郑州富士康新、老派遣工定义：① 老员工(派遣工)定义：2022/1/1至今入职过A事业群(,True,https://www.fskzpw.com/cms/show-2575.html
2575,2025-05-15,2025,dispatch,同工同酬,，具体以签订电子确认书为准。（2）小时工薪资发放方式：① 每月7号发放同工同酬(底薪、加班费和各种补贴)，不交五险一金。② 25号在职，28号补发上,True,https://www.fskzpw.com/cms/show-2575.html
2575,2025-05-15,2025,direct_hire_language,直招,① 郑州富士康制造部门：关键工站新员工：返费3000元 + 300元直招补贴老员工：返费3500元 + 300元直招补贴 ② 郑州富士康制造部,True,https://www.fskzpw.com/cms/show-2575.html
2575,2025-05-15,2025,direct_hire_language,正式工,员工（派遣工）。3、郑州富士康同工同酬是什么意思？同工同酬就是和富士康正式工工作一样，工资标准一样工资标准如下：底薪2100，周一到周五每天加班2,True,https://www.fskzpw.com/cms/show-2575.html
2575,2025-05-15,2025,student,学生工,学历，烟疤大面积纹身不行。目前有返费工、高价纯小时工、短期工(寒假工、学生工)招聘，现在可预约面试。12、郑州富士康防诈骗提醒富士康招聘招募报名与,True,https://www.fskzpw.com/cms/show-2575.html
2575,2025-05-15,2025,student,寒假工,初中以上学历，烟疤大面积纹身不行。目前有返费工、高价纯小时工、短期工(寒假工、学生工)招聘，现在可预约面试。12、郑州富士康防诈骗提醒富士康招聘招,True,https://www.fskzpw.com/cms/show-2575.html
2575,2025-05-15,2025,shortterm,短期工,间必须间隔1个月。6、郑州富士康24岁以下查验标准：① 港区A事业群（短期工模式无需查验）。② 18＜年龄≤24周岁入职高价小时工、返费工模式需查,True,https://www.fskzpw.com/cms/show-2575.html
2576,2025-05-16,2025,dispatch,派遣,州富士康招聘线上AI面试流程、入职进厂流程（最新）2、郑州富士康新、老派遣工定义：① 老员工(派遣工)定义：2022/1/1至今入职过A事业群(,True,https://www.fskzpw.com/cms/show-2576.html
2576,2025-05-16,2025,dispatch,同工同酬,，具体以签订电子确认书为准。（2）小时工薪资发放方式：① 每月7号发放同工同酬(底薪、加班费和各种补贴)，不交五险一金。② 25号在职，28号补发上,True,https://www.fskzpw.com/cms/show-2576.html
2576,2025-05-16,2025,direct_hire_language,直招,① 郑州富士康制造部门：关键工站新员工：返费3000元 + 300元直招补贴老员工：返费3500元 + 300元直招补贴 ② 郑州富士康制造部,True,https://www.fskzpw.com/cms/show-2576.html
2576,2025-05-16,2025,direct_hire_language,正式工,员工（派遣工）。3、郑州富士康同工同酬是什么意思？同工同酬就是和富士康正式工工作一样，工资标准一样工资标准如下：底薪2100，周一到周五每天加班2,True,https://www.fskzpw.com/cms/show-2576.html
2576,2025-05-16,2025,student,学生工,学历，烟疤大面积纹身不行。目前有返费工、高价纯小时工、短期工(寒假工、学生工)招聘，现在可预约面试。12、郑州富士康防诈骗提醒富士康招聘招募报名与,True,https://www.fskzpw.com/cms/show-2576.html
2576,2025-05-16,2025,student,寒假工,初中以上学历，烟疤大面积纹身不行。目前有返费工、高价纯小时工、短期工(寒假工、学生工)招聘，现在可预约面试。12、郑州富士康防诈骗提醒富士康招聘招,True,https://www.fskzpw.com/cms/show-2576.html
2576,2025-05-16,2025,shortterm,短期工,间必须间隔1个月。6、郑州富士康24岁以下查验标准：① 港区A事业群（短期工模式无需查验）。② 18＜年龄≤24周岁入职高价小时工、返费工模式需查,True,https://www.fskzpw.com/cms/show-2576.html
2577,2025-05-19,2025,dispatch,派遣,州富士康招聘线上AI面试流程、入职进厂流程（最新）2、郑州富士康新、老派遣工定义：① 老员工(派遣工)定义：2022/1/1至今入职过A事业群(,True,https://www.fskzpw.com/cms/show-2577.html
2577,2025-05-19,2025,dispatch,同工同酬,，具体以签订电子确认书为准。（2）小时工薪资发放方式：① 每月7号发放同工同酬(底薪、加班费和各种补贴)，不交五险一金。② 25号在职，28号补发上,True,https://www.fskzpw.com/cms/show-2577.html
2577,2025-05-19,2025,direct_hire_language,直招,① 郑州富士康制造部门：关键工站新员工：返费3000元 + 300元直招补贴老员工：返费3500元 + 300元直招补贴 ② 郑州富士康制造部,True,https://www.fskzpw.com/cms/show-2577.html
2577,2025-05-19,2025,direct_hire_language,正式工,员工（派遣工）。3、郑州富士康同工同酬是什么意思？同工同酬就是和富士康正式工工作一样，工资标准一样工资标准如下：底薪2100，周一到周五每天加班2,True,https://www.fskzpw.com/cms/show-2577.html
2577,2025-05-19,2025,student,学生工,学历，烟疤大面积纹身不行。目前有返费工、高价纯小时工、短期工(寒假工、学生工)招聘，现在可预约面试。12、郑州富士康防诈骗提醒富士康招聘招募报名与,True,https://www.fskzpw.com/cms/show-2577.html
2577,2025-05-19,2025,student,寒假工,初中以上学历，烟疤大面积纹身不行。目前有返费工、高价纯小时工、短期工(寒假工、学生工)招聘，现在可预约面试。12、郑州富士康防诈骗提醒富士康招聘招,True,https://www.fskzpw.com/cms/show-2577.html
2577,2025-05-19,2025,shortterm,短期工,间必须间隔1个月。6、郑州富士康24岁以下查验标准：① 港区A事业群（短期工模式无需查验）。② 18＜年龄≤24周岁入职高价小时工、返费工模式需查,True,https://www.fskzpw.com/cms/show-2577.html
2578,2025-06-02,2025,dispatch,派遣,州富士康招聘线上AI面试流程、入职进厂流程（最新）2、郑州富士康新、老派遣工定义：① 老员工(派遣工)定义：2022/1/1至今入职过A事业群(,True,https://www.fskzpw.com/cms/show-2578.html
2578,2025-06-02,2025,dispatch,同工同酬,，具体以签订电子确认书为准。（2）小时工薪资发放方式：① 每月7号发放同工同酬(底薪、加班费和各种补贴)，不交五险一金。② 25号在职，28号补发上,True,https://www.fskzpw.com/cms/show-2578.html
2578,2025-06-02,2025,direct_hire_language,直招,① 郑州富士康制造部门：关键工站新员工：返费4000元 + 300元直招补贴老员工：返费4500元 + 300元直招补贴 ② 郑州富士康制造部,True,https://www.fskzpw.com/cms/show-2578.html
2578,2025-06-02,2025,direct_hire_language,正式工,员工（派遣工）。3、郑州富士康同工同酬是什么意思？同工同酬就是和富士康正式工工作一样，工资标准一样工资标准如下：底薪2100，周一到周五每天加班2,True,https://www.fskzpw.com/cms/show-2578.html
2578,2025-06-02,2025,student,学生工,学历，烟疤大面积纹身不行。目前有返费工、高价纯小时工、短期工(寒假工、学生工)招聘，现在可预约面试。12、郑州富士康防诈骗提醒富士康招聘招募报名与,True,https://www.fskzpw.com/cms/show-2578.html
2578,2025-06-02,2025,student,寒假工,初中以上学历，烟疤大面积纹身不行。目前有返费工、高价纯小时工、短期工(寒假工、学生工)招聘，现在可预约面试。12、郑州富士康防诈骗提醒富士康招聘招,True,https://www.fskzpw.com/cms/show-2578.html
2578,2025-06-02,2025,shortterm,短期工,间必须间隔1个月。6、郑州富士康24岁以下查验标准：① 港区A事业群（短期工模式无需查验）。② 18＜年龄≤24周岁入职高价小时工、返费工模式需查,True,https://www.fskzpw.com/cms/show-2578.html
2579,2025-06-02,2025,dispatch,派遣,州富士康招聘线上AI面试流程、入职进厂流程（最新）2、郑州富士康新、老派遣工定义：① 老员工(派遣工)定义：2022/1/1至今入职过A事业群(,True,https://www.fskzpw.com/cms/show-2579.html
2579,2025-06-02,2025,dispatch,同工同酬,，具体以签订电子确认书为准。（2）小时工薪资发放方式：① 每月7号发放同工同酬(底薪、加班费和各种补贴)，不交五险一金。② 25号在职，28号补发上,True,https://www.fskzpw.com/cms/show-2579.html
2579,2025-06-02,2025,direct_hire_language,直招,① 郑州富士康制造部门：关键工站新员工：返费4000元 + 300元直招补贴老员工：返费4500元 + 300元直招补贴 ② 郑州富士康制造部,True,https://www.fskzpw.com/cms/show-2579.html
2579,2025-06-02,2025,direct_hire_language,正式工,员工（派遣工）。3、郑州富士康同工同酬是什么意思？同工同酬就是和富士康正式工工作一样，工资标准一样工资标准如下：底薪2100，周一到周五每天加班2,True,https://www.fskzpw.com/cms/show-2579.html
2579,2025-06-02,2025,student,学生工,学历，烟疤大面积纹身不行。目前有返费工、高价纯小时工、短期工(寒假工、学生工)招聘，现在可预约面试。12、郑州富士康防诈骗提醒富士康招聘招募报名与,True,https://www.fskzpw.com/cms/show-2579.html
2579,2025-06-02,2025,student,寒假工,初中以上学历，烟疤大面积纹身不行。目前有返费工、高价纯小时工、短期工(寒假工、学生工)招聘，现在可预约面试。12、郑州富士康防诈骗提醒富士康招聘招,True,https://www.fskzpw.com/cms/show-2579.html
2579,2025-06-02,2025,shortterm,短期工,间必须间隔1个月。6、郑州富士康24岁以下查验标准：① 港区A事业群（短期工模式无需查验）。② 18＜年龄≤24周岁入职高价小时工、返费工模式需查,True,https://www.fskzpw.com/cms/show-2579.html
2580,2025-06-02,2025,dispatch,派遣,"/30,自2025/7/1起，仅享有同工同酬【制造部门－关键工站】 新派遣工:21元/H+1元直招补贴 老派遣工:22元/H+1元直招补贴【制造",True,https://www.fskzpw.com/cms/show-2580.html
2580,2025-06-02,2025,dispatch,同工同酬,"短期小时模式差价补贴至2025/6/30,自2025/7/1起，仅享有同工同酬【制造部门－关键工站】 新派遣工:21元/H+1元直招补贴 老派遣工:",True,https://www.fskzpw.com/cms/show-2580.html
2580,2025-06-02,2025,direct_hire_language,直招,① 郑州富士康制造部门：关键工站新员工：返费4000元 + 300元直招补贴老员工：返费4500元 + 300元直招补贴 ② 郑州富士康制造部,True,https://www.fskzpw.com/cms/show-2580.html
2580,2025-06-02,2025,direct_hire_language,正式工,员工（派遣工）。3、郑州富士康同工同酬是什么意思？同工同酬就是和富士康正式工工作一样，工资标准一样工资标准如下：底薪2100，周一到周五每天加班2,True,https://www.fskzpw.com/cms/show-2580.html
2580,2025-06-02,2025,student,学生工,学历，烟疤大面积纹身不行。目前有返费工、高价纯小时工、短期工(寒假工、学生工)招聘，现在可预约面试。12、郑州富士康防诈骗提醒富士康招聘招募报名与,True,https://www.fskzpw.com/cms/show-2580.html
2580,2025-06-02,2025,student,寒假工,初中以上学历，烟疤大面积纹身不行。目前有返费工、高价纯小时工、短期工(寒假工、学生工)招聘，现在可预约面试。12、郑州富士康防诈骗提醒富士康招聘招,True,https://www.fskzpw.com/cms/show-2580.html
2580,2025-06-02,2025,shortterm,短期工,"5月30号,短期工开招！最新政策发布，郑州富士康最新普工招聘招募返费工、小时工，富士康招",True,https://www.fskzpw.com/cms/show-2580.html
2581,2025-06-02,2025,dispatch,派遣,"/30,自2025/7/1起，仅享有同工同酬【制造部门－关键工站】 新派遣工:21元/H+1元直招补贴 老派遣工:22元/H+1元直招补贴【制造",True,https://www.fskzpw.com/cms/show-2581.html
2581,2025-06-02,2025,dispatch,同工同酬,"短期小时模式差价补贴至2025/6/30,自2025/7/1起，仅享有同工同酬【制造部门－关键工站】 新派遣工:21元/H+1元直招补贴 老派遣工:",True,https://www.fskzpw.com/cms/show-2581.html
2581,2025-06-02,2025,direct_hire_language,直招,① 郑州富士康制造部门：关键工站新员工：返费4000元 + 300元直招补贴老员工：返费4500元 + 300元直招补贴 ② 郑州富士康制造部,True,https://www.fskzpw.com/cms/show-2581.html
2581,2025-06-02,2025,direct_hire_language,正式工,员工（派遣工）。3、郑州富士康同工同酬是什么意思？同工同酬就是和富士康正式工工作一样，工资标准一样工资标准如下：底薪2100，周一到周五每天加班2,True,https://www.fskzpw.com/cms/show-2581.html
2581,2025-06-02,2025,student,学生工,学历，烟疤大面积纹身不行。目前有返费工、高价纯小时工、短期工(寒假工、学生工)招聘，现在可预约面试。12、郑州富士康防诈骗提醒富士康招聘招募报名与,True,https://www.fskzpw.com/cms/show-2581.html
2581,2025-06-02,2025,student,寒假工,初中以上学历，烟疤大面积纹身不行。目前有返费工、高价纯小时工、短期工(寒假工、学生工)招聘，现在可预约面试。12、郑州富士康防诈骗提醒富士康招聘招,True,https://www.fskzpw.com/cms/show-2581.html
2581,2025-06-02,2025,shortterm,短期工,"端午节不休息！6月1号,短期工继续大招！郑州富士康最新普工招聘招募返费工、小时工，富士康招募中心郑州",True,https://www.fskzpw.com/cms/show-2581.html
2583,2025-06-05,2025,dispatch,派遣,"/30,自2025/7/1起，仅享有同工同酬【制造部门－关键工站】 新派遣工:21元/H+1元直招补贴 老派遣工:22元/H+1元直招补贴【制造",True,https://www.fskzpw.com/cms/show-2583.html
2583,2025-06-05,2025,dispatch,同工同酬,"模式（暂停）差价补贴至2025/6/30,自2025/7/1起，仅享有同工同酬【制造部门－关键工站】 新派遣工:21元/H+1元直招补贴 老派遣工:",True,https://www.fskzpw.com/cms/show-2583.html
2583,2025-06-05,2025,direct_hire_language,直招,① 郑州富士康制造部门：关键工站新员工：返费4000元 + 300元直招补贴老员工：返费4500元 + 300元直招补贴 ② 郑州富士康制造部,True,https://www.fskzpw.com/cms/show-2583.html
2583,2025-06-05,2025,direct_hire_language,正式工,员工（派遣工）。3、郑州富士康同工同酬是什么意思？同工同酬就是和富士康正式工工作一样，工资标准一样工资标准如下：底薪2100，周一到周五每天加班2,True,https://www.fskzpw.com/cms/show-2583.html
2583,2025-06-05,2025,student,学生工,学历，烟疤大面积纹身不行。目前有返费工、高价纯小时工、短期工(寒假工、学生工)招聘，现在可预约面试。12、郑州富士康防诈骗提醒富士康招聘招募报名与,True,https://www.fskzpw.com/cms/show-2583.html
2583,2025-06-05,2025,student,寒假工,初中以上学历，烟疤大面积纹身不行。目前有返费工、高价纯小时工、短期工(寒假工、学生工)招聘，现在可预约面试。12、郑州富士康防诈骗提醒富士康招聘招,True,https://www.fskzpw.com/cms/show-2583.html
2583,2025-06-05,2025,shortterm,短期工,间必须间隔1个月。6、郑州富士康24岁以下查验标准：① 港区A事业群（短期工模式无需查验）。② 18＜年龄≤24周岁入职高价小时工、返费工模式需查,True,https://www.fskzpw.com/cms/show-2583.html
2584,2025-06-09,2025,dispatch,派遣,"/30,自2025/7/1起，仅享有同工同酬【制造部门－关键工站】 新派遣工:21元/H+1元直招补贴 老派遣工:22元/H+1元直招补贴【制造",True,https://www.fskzpw.com/cms/show-2584.html
2584,2025-06-09,2025,dispatch,同工同酬,"短期小时模式差价补贴至2025/6/30,自2025/7/1起，仅享有同工同酬【制造部门－关键工站】 新派遣工:21元/H+1元直招补贴 老派遣工:",True,https://www.fskzpw.com/cms/show-2584.html
2584,2025-06-09,2025,direct_hire_language,直招,① 郑州富士康制造部门：关键工站新员工：返费4000元 + 300元直招补贴老员工：返费4500元 + 300元直招补贴 ② 郑州富士康制造部,True,https://www.fskzpw.com/cms/show-2584.html
2584,2025-06-09,2025,direct_hire_language,正式工,员工（派遣工）。3、郑州富士康同工同酬是什么意思？同工同酬就是和富士康正式工工作一样，工资标准一样工资标准如下：底薪2100，周一到周五每天加班2,True,https://www.fskzpw.com/cms/show-2584.html
2584,2025-06-09,2025,student,学生工,学历，烟疤大面积纹身不行。目前有返费工、高价纯小时工、短期工(寒假工、学生工)招聘，现在可预约面试。12、郑州富士康防诈骗提醒富士康招聘招募报名与,True,https://www.fskzpw.com/cms/show-2584.html
2584,2025-06-09,2025,student,暑假工,"6月9号,返费工小时工继续招募！暑假工返费工小时工，不过需要提前报名抢名额，郑州富士康最新普工招聘招募返费工",True,https://www.fskzpw.com/cms/show-2584.html
2584,2025-06-09,2025,student,寒假工,初中以上学历，烟疤大面积纹身不行。目前有返费工、高价纯小时工、短期工(寒假工、学生工)招聘，现在可预约面试。12、郑州富士康防诈骗提醒富士康招聘招,True,https://www.fskzpw.com/cms/show-2584.html
2584,2025-06-09,2025,shortterm,短期工,间必须间隔1个月。6、郑州富士康24岁以下查验标准：① 港区A事业群（短期工模式无需查验）。② 18＜年龄≤24周岁入职高价小时工、返费工模式需查,True,https://www.fskzpw.com/cms/show-2584.html
2586,2025-06-14,2025,dispatch,派遣,"/30,自2025/7/1起，仅享有同工同酬【制造部门－关键工站】 新派遣工:21元/H+1元直招补贴 老派遣工:22元/H+1元直招补贴【制造",True,https://www.fskzpw.com/cms/show-2586.html
2586,2025-06-14,2025,dispatch,同工同酬,"短期小时模式差价补贴至2025/6/30,自2025/7/1起，仅享有同工同酬【制造部门－关键工站】 新派遣工:21元/H+1元直招补贴 老派遣工:",True,https://www.fskzpw.com/cms/show-2586.html
2586,2025-06-14,2025,direct_hire_language,直招,① 郑州富士康制造部门：关键工站新员工：返费4000元 + 300元直招补贴老员工：返费4500元 + 300元直招补贴 ② 郑州富士康制造部,True,https://www.fskzpw.com/cms/show-2586.html
2586,2025-06-14,2025,direct_hire_language,正式工,员工（派遣工）。3、郑州富士康同工同酬是什么意思？同工同酬就是和富士康正式工工作一样，工资标准一样工资标准如下：底薪2100，周一到周五每天加班2,True,https://www.fskzpw.com/cms/show-2586.html
2586,2025-06-14,2025,student,学生工,学历，烟疤大面积纹身不行。目前有返费工、高价纯小时工、短期工(寒假工、学生工)招聘，现在可预约面试。12、郑州富士康防诈骗提醒富士康招聘招募报名与,True,https://www.fskzpw.com/cms/show-2586.html
2586,2025-06-14,2025,student,暑假工,"6月15号,暑假工返费工小时工，能来的赶紧联系客服，政策随时变化，郑州富士康最新普工招聘",True,https://www.fskzpw.com/cms/show-2586.html
2586,2025-06-14,2025,student,寒假工,初中以上学历，烟疤大面积纹身不行。目前有返费工、高价纯小时工、短期工(寒假工、学生工)招聘，现在可预约面试。12、郑州富士康防诈骗提醒富士康招聘招,True,https://www.fskzpw.com/cms/show-2586.html
2586,2025-06-14,2025,shortterm,短期工,间必须间隔1个月。6、郑州富士康24岁以下查验标准：① 港区A事业群（短期工模式无需查验）。② 18＜年龄≤24周岁入职高价小时工、返费工模式需查,True,https://www.fskzpw.com/cms/show-2586.html
2589,2025-06-24,2025,dispatch,派遣,州富士康招聘线上AI面试流程、入职进厂流程（最新）2、郑州富士康新、老派遣工定义：① 老员工(派遣工)定义：2022/1/1至今入职过A事业群(,True,https://www.fskzpw.com/cms/show-2589.html
2589,2025-06-24,2025,dispatch,同工同酬,整，机会不容错过。一、郑州富士康招聘模式说明：1. 短期工模式：员工【同工同酬】2. 返费工模式3. 小时工模式提醒：入职郑州富士康请务必提前在线预,True,https://www.fskzpw.com/cms/show-2589.html
2589,2025-06-24,2025,direct_hire_language,直招,① 郑州富士康制造部门：关键工站新员工：返费4000元 + 300元直招补贴老员工：返费4500元 + 300元直招补贴 ② 郑州富士康制造部,True,https://www.fskzpw.com/cms/show-2589.html
2589,2025-06-24,2025,direct_hire_language,正式工,员工（派遣工）。3、郑州富士康同工同酬是什么意思？同工同酬就是和富士康正式工工作一样，工资标准一样工资标准如下：底薪2100，周一到周五每天加班2,True,https://www.fskzpw.com/cms/show-2589.html
2589,2025-06-24,2025,student,学生工,"6月24号最新,郑州富士康招聘招募学生工暑假工短期工，需要提前报名抢名额,报名联系客服 今天最新返费补贴政策发",True,https://www.fskzpw.com/cms/show-2589.html
2589,2025-06-24,2025,student,暑假工,"6月24号最新,郑州富士康招聘招募学生工暑假工短期工，需要提前报名抢名额,报名联系客服 今天最新返费补贴政策发布……",True,https://www.fskzpw.com/cms/show-2589.html
2589,2025-06-24,2025,student,寒假工,初中以上学历，烟疤大面积纹身不行。目前有返费工、高价纯小时工、短期工(寒假工、学生工)招聘，现在可预约面试。12、郑州富士康防诈骗提醒富士康招聘招,True,https://www.fskzpw.com/cms/show-2589.html
2589,2025-06-24,2025,shortterm,短期工,"6月24号最新,郑州富士康招聘招募学生工暑假工短期工，需要提前报名抢名额,报名联系客服 今天最新返费补贴政策发布……6月2",True,https://www.fskzpw.com/cms/show-2589.html
2590,2025-07-02,2025,dispatch,派遣,州富士康招聘线上AI面试流程、入职进厂流程（最新）2、郑州富士康新、老派遣工定义：① 老员工(派遣工)定义：2022/1/1至今入职过A事业群(,True,https://www.fskzpw.com/cms/show-2590.html
2590,2025-07-02,2025,dispatch,同工同酬,整，机会不容错过。一、郑州富士康招聘模式说明：1. 短期工模式：员工【同工同酬】2. 返费工模式3. 小时工模式提醒：入职郑州富士康请务必提前在线预,True,https://www.fskzpw.com/cms/show-2590.html
2590,2025-07-02,2025,direct_hire_language,直招,① 郑州富士康制造部门：关键工站新员工：返费4000元 + 300元直招补贴老员工：返费4500元 + 300元直招补贴 ② 郑州富士康制造部,True,https://www.fskzpw.com/cms/show-2590.html
2590,2025-07-02,2025,direct_hire_language,正式工,员工（派遣工）。3、郑州富士康同工同酬是什么意思？同工同酬就是和富士康正式工工作一样，工资标准一样工资标准如下：底薪2100，周一到周五每天加班2,True,https://www.fskzpw.com/cms/show-2590.html
2590,2025-07-02,2025,student,学生工,",报名联系客服 今天最新返费补贴政策发布……7月3号,返费工继续招募，学生工暑假工，需要提前报名抢名额！郑州富士康最新普工招聘招募返费工、小时工，",True,https://www.fskzpw.com/cms/show-2590.html
2590,2025-07-02,2025,student,暑假工,"7月3号最新,郑州富士康招聘招募暑假工短期工返费工，需要提前报名抢名额,报名联系客服 今天最新返费补贴政策发",True,https://www.fskzpw.com/cms/show-2590.html
2590,2025-07-02,2025,student,寒假工,初中以上学历，烟疤大面积纹身不行。目前有返费工、高价纯小时工、短期工(寒假工、学生工)招聘，现在可预约面试。12、郑州富士康防诈骗提醒富士康招聘招,True,https://www.fskzpw.com/cms/show-2590.html
2590,2025-07-02,2025,shortterm,短期工,"7月3号最新,郑州富士康招聘招募暑假工短期工返费工，需要提前报名抢名额,报名联系客服 今天最新返费补贴政策发布……",True,https://www.fskzpw.com/cms/show-2590.html
2585,2025-07-05,2025,dispatch,派遣,"/30,自2025/7/1起，仅享有同工同酬【制造部门－关键工站】 新派遣工:21元/H+1元直招补贴 老派遣工:22元/H+1元直招补贴【制造",True,https://www.fskzpw.com/cms/show-2585.html
2585,2025-07-05,2025,dispatch,同工同酬,"短期小时模式差价补贴至2025/6/30,自2025/7/1起，仅享有同工同酬【制造部门－关键工站】 新派遣工:21元/H+1元直招补贴 老派遣工:",True,https://www.fskzpw.com/cms/show-2585.html
2585,2025-07-05,2025,direct_hire_language,直招,① 郑州富士康制造部门：关键工站新员工：返费4000元 + 300元直招补贴老员工：返费4500元 + 300元直招补贴 ② 郑州富士康制造部,True,https://www.fskzpw.com/cms/show-2585.html
2585,2025-07-05,2025,direct_hire_language,正式工,员工（派遣工）。3、郑州富士康同工同酬是什么意思？同工同酬就是和富士康正式工工作一样，工资标准一样工资标准如下：底薪2100，周一到周五每天加班2,True,https://www.fskzpw.com/cms/show-2585.html
2585,2025-07-05,2025,student,学生工,学历，烟疤大面积纹身不行。目前有返费工、高价纯小时工、短期工(寒假工、学生工)招聘，现在可预约面试。12、郑州富士康防诈骗提醒富士康招聘招募报名与,True,https://www.fskzpw.com/cms/show-2585.html
2585,2025-07-05,2025,student,暑假工,"6月10号,暑假工返费工小时工，能来的赶紧联系客服，郑州富士康最新普工招聘招募返费工、小",True,https://www.fskzpw.com/cms/show-2585.html
2585,2025-07-05,2025,student,寒假工,初中以上学历，烟疤大面积纹身不行。目前有返费工、高价纯小时工、短期工(寒假工、学生工)招聘，现在可预约面试。12、郑州富士康防诈骗提醒富士康招聘招,True,https://www.fskzpw.com/cms/show-2585.html
2585,2025-07-05,2025,shortterm,短期工,间必须间隔1个月。6、郑州富士康24岁以下查验标准：① 港区A事业群（短期工模式无需查验）。② 18＜年龄≤24周岁入职高价小时工、返费工模式需查,True,https://www.fskzpw.com/cms/show-2585.html
2591,2025-07-05,2025,dispatch,派遣,州富士康招聘线上AI面试流程、入职进厂流程（最新）2、郑州富士康新、老派遣工定义：① 老员工(派遣工)定义：2022/1/1至今入职过A事业群(,True,https://www.fskzpw.com/cms/show-2591.html
2591,2025-07-05,2025,dispatch,同工同酬,整，机会不容错过。一、郑州富士康招聘模式说明：1. 短期工模式：员工【同工同酬】2. 返费工模式3. 小时工模式提醒：入职郑州富士康请务必提前在线预,True,https://www.fskzpw.com/cms/show-2591.html
2591,2025-07-05,2025,direct_hire_language,直招,① 郑州富士康制造部门：关键工站新员工：返费4000元 + 300元直招补贴老员工：返费4500元 + 300元直招补贴 ② 郑州富士康制造部,True,https://www.fskzpw.com/cms/show-2591.html
2591,2025-07-05,2025,direct_hire_language,正式工,员工（派遣工）。3、郑州富士康同工同酬是什么意思？同工同酬就是和富士康正式工工作一样，工资标准一样工资标准如下：底薪2100，周一到周五每天加班2,True,https://www.fskzpw.com/cms/show-2591.html
2591,2025-07-05,2025,student,学生工,",报名联系客服 今天最新返费补贴政策发布……7月6号,返费工继续招募，学生工暑假工，需要提前报名抢名额！郑州富士康最新普工招聘招募返费工、小时工，",True,https://www.fskzpw.com/cms/show-2591.html
2591,2025-07-05,2025,student,暑假工,"7月6号最新,郑州富士康招聘招募暑假工短期工返费工，需要提前报名抢名额,报名联系客服 今天最新返费补贴政策发",True,https://www.fskzpw.com/cms/show-2591.html
2591,2025-07-05,2025,student,寒假工,初中以上学历，烟疤大面积纹身不行。目前有返费工、高价纯小时工、短期工(寒假工、学生工)招聘，现在可预约面试。12、郑州富士康防诈骗提醒富士康招聘招,True,https://www.fskzpw.com/cms/show-2591.html
2591,2025-07-05,2025,shortterm,短期工,"7月6号最新,郑州富士康招聘招募暑假工短期工返费工，需要提前报名抢名额,报名联系客服 今天最新返费补贴政策发布……",True,https://www.fskzpw.com/cms/show-2591.html
2582,2025-07-05,2025,dispatch,派遣,"/30,自2025/7/1起，仅享有同工同酬【制造部门－关键工站】 新派遣工:21元/H+1元直招补贴 老派遣工:22元/H+1元直招补贴【制造",True,https://www.fskzpw.com/cms/show-2582.html
2582,2025-07-05,2025,dispatch,同工同酬,"短期小时模式差价补贴至2025/6/30,自2025/7/1起，仅享有同工同酬【制造部门－关键工站】 新派遣工:21元/H+1元直招补贴 老派遣工:",True,https://www.fskzpw.com/cms/show-2582.html
2582,2025-07-05,2025,direct_hire_language,直招,① 郑州富士康制造部门：关键工站新员工：返费4000元 + 300元直招补贴老员工：返费4500元 + 300元直招补贴 ② 郑州富士康制造部,True,https://www.fskzpw.com/cms/show-2582.html
2582,2025-07-05,2025,direct_hire_language,正式工,员工（派遣工）。3、郑州富士康同工同酬是什么意思？同工同酬就是和富士康正式工工作一样，工资标准一样工资标准如下：底薪2100，周一到周五每天加班2,True,https://www.fskzpw.com/cms/show-2582.html
2582,2025-07-05,2025,student,学生工,学历，烟疤大面积纹身不行。目前有返费工、高价纯小时工、短期工(寒假工、学生工)招聘，现在可预约面试。12、郑州富士康防诈骗提醒富士康招聘招募报名与,True,https://www.fskzpw.com/cms/show-2582.html
2582,2025-07-05,2025,student,暑假工,"6月3号,暑假工返费工小时工继续大招！郑州富士康最新普工招聘招募返费工、小时工，富士康",True,https://www.fskzpw.com/cms/show-2582.html
2582,2025-07-05,2025,student,寒假工,初中以上学历，烟疤大面积纹身不行。目前有返费工、高价纯小时工、短期工(寒假工、学生工)招聘，现在可预约面试。12、郑州富士康防诈骗提醒富士康招聘招,True,https://www.fskzpw.com/cms/show-2582.html
2582,2025-07-05,2025,shortterm,短期工,间必须间隔1个月。6、郑州富士康24岁以下查验标准：① 港区A事业群（短期工模式无需查验）。② 18＜年龄≤24周岁入职高价小时工、返费工模式需查,True,https://www.fskzpw.com/cms/show-2582.html
2588,2025-07-05,2025,dispatch,派遣,"/30,自2025/7/1起，仅享有同工同酬【制造部门－关键工站】 新派遣工:21元/H+1元直招补贴 老派遣工:22元/H+1元直招补贴【制造",True,https://www.fskzpw.com/cms/show-2588.html
2588,2025-07-05,2025,dispatch,同工同酬,"短期小时模式差价补贴至2025/6/30,自2025/7/1起，仅享有同工同酬【制造部门－关键工站】 新派遣工:21元/H+1元直招补贴 老派遣工:",True,https://www.fskzpw.com/cms/show-2588.html
2588,2025-07-05,2025,direct_hire_language,直招,① 郑州富士康制造部门：关键工站新员工：返费4000元 + 300元直招补贴老员工：返费4500元 + 300元直招补贴 ② 郑州富士康制造部,True,https://www.fskzpw.com/cms/show-2588.html
2588,2025-07-05,2025,direct_hire_language,正式工,员工（派遣工）。3、郑州富士康同工同酬是什么意思？同工同酬就是和富士康正式工工作一样，工资标准一样工资标准如下：底薪2100，周一到周五每天加班2,True,https://www.fskzpw.com/cms/show-2588.html
2588,2025-07-05,2025,student,学生工,学历，烟疤大面积纹身不行。目前有返费工、高价纯小时工、短期工(寒假工、学生工)招聘，现在可预约面试。12、郑州富士康防诈骗提醒富士康招聘招募报名与,True,https://www.fskzpw.com/cms/show-2588.html
2588,2025-07-05,2025,student,暑假工,"6月23号,暑假工返费工小时工郑州富士康招募，需要提前报名抢名额！郑州富士康最新普工招聘",True,https://www.fskzpw.com/cms/show-2588.html
2588,2025-07-05,2025,student,寒假工,初中以上学历，烟疤大面积纹身不行。目前有返费工、高价纯小时工、短期工(寒假工、学生工)招聘，现在可预约面试。12、郑州富士康防诈骗提醒富士康招聘招,True,https://www.fskzpw.com/cms/show-2588.html
2588,2025-07-05,2025,shortterm,短期工,间必须间隔1个月。6、郑州富士康24岁以下查验标准：① 港区A事业群（短期工模式无需查验）。② 18＜年龄≤24周岁入职高价小时工、返费工模式需查,True,https://www.fskzpw.com/cms/show-2588.html
2587,2025-07-05,2025,dispatch,派遣,"/30,自2025/7/1起，仅享有同工同酬【制造部门－关键工站】 新派遣工:21元/H+1元直招补贴 老派遣工:22元/H+1元直招补贴【制造",True,https://www.fskzpw.com/cms/show-2587.html
2587,2025-07-05,2025,dispatch,同工同酬,"短期小时模式差价补贴至2025/6/30,自2025/7/1起，仅享有同工同酬【制造部门－关键工站】 新派遣工:21元/H+1元直招补贴 老派遣工:",True,https://www.fskzpw.com/cms/show-2587.html
2587,2025-07-05,2025,direct_hire_language,直招,① 郑州富士康制造部门：关键工站新员工：返费4000元 + 300元直招补贴老员工：返费4500元 + 300元直招补贴 ② 郑州富士康制造部,True,https://www.fskzpw.com/cms/show-2587.html
2587,2025-07-05,2025,direct_hire_language,正式工,员工（派遣工）。3、郑州富士康同工同酬是什么意思？同工同酬就是和富士康正式工工作一样，工资标准一样工资标准如下：底薪2100，周一到周五每天加班2,True,https://www.fskzpw.com/cms/show-2587.html
2587,2025-07-05,2025,student,学生工,学历，烟疤大面积纹身不行。目前有返费工、高价纯小时工、短期工(寒假工、学生工)招聘，现在可预约面试。12、郑州富士康防诈骗提醒富士康招聘招募报名与,True,https://www.fskzpw.com/cms/show-2587.html
2587,2025-07-05,2025,student,暑假工,"6月18号,暑假工返费工小时工，能来的赶紧联系客服，政策随时变化，郑州富士康最新普工招聘",True,https://www.fskzpw.com/cms/show-2587.html
2587,2025-07-05,2025,student,寒假工,初中以上学历，烟疤大面积纹身不行。目前有返费工、高价纯小时工、短期工(寒假工、学生工)招聘，现在可预约面试。12、郑州富士康防诈骗提醒富士康招聘招,True,https://www.fskzpw.com/cms/show-2587.html
2587,2025-07-05,2025,shortterm,短期工,间必须间隔1个月。6、郑州富士康24岁以下查验标准：① 港区A事业群（短期工模式无需查验）。② 18＜年龄≤24周岁入职高价小时工、返费工模式需查,True,https://www.fskzpw.com/cms/show-2587.html
2592,2025-07-11,2025,dispatch,派遣,州富士康招聘线上AI面试流程、入职进厂流程（最新）2、郑州富士康新、老派遣工定义：① 老员工(派遣工)定义：2022/1/1至今入职过A事业群(,True,https://www.fskzpw.com/cms/show-2592.html
2592,2025-07-11,2025,dispatch,同工同酬,整，机会不容错过。一、郑州富士康招聘模式说明：1. 短期工模式：员工【同工同酬】2. 返费工模式3. 小时工模式提醒：入职郑州富士康请务必提前在线预,True,https://www.fskzpw.com/cms/show-2592.html
2592,2025-07-11,2025,direct_hire_language,直招,① 郑州富士康制造部门：关键工站新员工：返费4000元 + 300元直招补贴老员工：返费4500元 + 300元直招补贴 ② 郑州富士康制造部,True,https://www.fskzpw.com/cms/show-2592.html
2592,2025-07-11,2025,direct_hire_language,正式工,员工（派遣工）。3、郑州富士康同工同酬是什么意思？同工同酬就是和富士康正式工工作一样，工资标准一样工资标准如下：底薪2100，周一到周五每天加班2,True,https://www.fskzpw.com/cms/show-2592.html
2592,2025-07-11,2025,student,学生工,"报名联系客服 今天最新返费补贴政策发布……7月12号,返费工继续招募，学生工暑假工，需要提前报名抢名额！郑州富士康最新普工招聘招募返费工、小时工，",True,https://www.fskzpw.com/cms/show-2592.html
2592,2025-07-11,2025,student,暑假工,"7月12号最新,郑州富士康招聘招募暑假工短期工返费工，需要提前报名抢名额,报名联系客服 今天最新返费补贴政策发",True,https://www.fskzpw.com/cms/show-2592.html
2592,2025-07-11,2025,student,寒假工,初中以上学历，烟疤大面积纹身不行。目前有返费工、高价纯小时工、短期工(寒假工、学生工)招聘，现在可预约面试。12、郑州富士康防诈骗提醒富士康招聘招,True,https://www.fskzpw.com/cms/show-2592.html
2592,2025-07-11,2025,shortterm,短期工,"7月12号最新,郑州富士康招聘招募暑假工短期工返费工，需要提前报名抢名额,报名联系客服 今天最新返费补贴政策发布……",True,https://www.fskzpw.com/cms/show-2592.html
2593,2025-07-12,2025,dispatch,派遣,州富士康招聘线上AI面试流程、入职进厂流程（最新）2、郑州富士康新、老派遣工定义：① 老员工(派遣工)定义：2022/1/1至今入职过A事业群(,True,https://www.fskzpw.com/cms/show-2593.html
2593,2025-07-12,2025,dispatch,同工同酬,天内的面试二、郑州航空港区富士康具体薪资政策如下：1、短期工模式员工【同工同酬】2、返费工模式(1) 返费发放标准及方式：1. 在职满90天以上，额,True,https://www.fskzpw.com/cms/show-2593.html
2593,2025-07-12,2025,direct_hire_language,直招,① 郑州富士康制造部门：关键工站新员工：返费5000元 + 300元直招补贴老员工：返费5500元 + 300元直招补贴 ② 郑州富士康制造部,True,https://www.fskzpw.com/cms/show-2593.html
2593,2025-07-12,2025,direct_hire_language,正式工,员工（派遣工）。3、郑州富士康同工同酬是什么意思？同工同酬就是和富士康正式工工作一样，工资标准一样工资标准如下：底薪2100，周一到周五每天加班2,True,https://www.fskzpw.com/cms/show-2593.html
2593,2025-07-12,2025,student,学生工,学历，烟疤大面积纹身不行。目前有返费工、高价纯小时工、短期工(寒假工、学生工)招聘，现在可预约面试。12、郑州富士康防诈骗提醒富士康招聘招募报名与,True,https://www.fskzpw.com/cms/show-2593.html
2593,2025-07-12,2025,student,暑假工,1000元，返费总计高达5800元，郑州富士康最新招募信息返费工小时工暑假工，名额紧缺，想入职的赶紧联系客服提前预约 返费薪资暴涨1000元！总计,True,https://www.fskzpw.com/cms/show-2593.html
2593,2025-07-12,2025,student,寒假工,初中以上学历，烟疤大面积纹身不行。目前有返费工、高价纯小时工、短期工(寒假工、学生工)招聘，现在可预约面试。12、郑州富士康防诈骗提醒富士康招聘招,True,https://www.fskzpw.com/cms/show-2593.html
2593,2025-07-12,2025,shortterm,短期工,聘，现在可预约3天内的面试二、郑州航空港区富士康具体薪资政策如下：1、短期工模式员工【同工同酬】2、返费工模式(1) 返费发放标准及方式：1. 在,True,https://www.fskzpw.com/cms/show-2593.html
2594,2025-07-14,2025,dispatch,派遣,州富士康招聘线上AI面试流程、入职进厂流程（最新）2、郑州富士康新、老派遣工定义：① 老员工(派遣工)定义：2022/1/1至今入职过A事业群(,True,https://www.fskzpw.com/cms/show-2594.html
2594,2025-07-14,2025,dispatch,同工同酬,天内的面试二、郑州航空港区富士康具体薪资政策如下：1、短期工模式员工【同工同酬】2、返费工模式(1) 返费发放标准及方式：1. 在职满90天以上，额,True,https://www.fskzpw.com/cms/show-2594.html
2594,2025-07-14,2025,direct_hire_language,直招,① 郑州富士康制造部门：关键工站新员工：返费5000元 + 300元直招补贴老员工：返费5500元 + 300元直招补贴 ② 郑州富士康制造部,True,https://www.fskzpw.com/cms/show-2594.html
2594,2025-07-14,2025,direct_hire_language,正式工,员工（派遣工）。3、郑州富士康同工同酬是什么意思？同工同酬就是和富士康正式工工作一样，工资标准一样工资标准如下：底薪2100，周一到周五每天加班2,True,https://www.fskzpw.com/cms/show-2594.html
2594,2025-07-14,2025,student,学生工,学历，烟疤大面积纹身不行。目前有返费工、高价纯小时工、短期工(寒假工、学生工)招聘，现在可预约面试。12、郑州富士康防诈骗提醒富士康招聘招募报名与,True,https://www.fskzpw.com/cms/show-2594.html
2594,2025-07-14,2025,student,暑假工,7月14号补贴暴涨，小时工高价开招！郑州富士康最新暑假工返费工小时工，紧张报名中……名额非常紧缺，务必提前报名，联系客服协助抢,True,https://www.fskzpw.com/cms/show-2594.html
2594,2025-07-14,2025,student,寒假工,初中以上学历，烟疤大面积纹身不行。目前有返费工、高价纯小时工、短期工(寒假工、学生工)招聘，现在可预约面试。12、郑州富士康防诈骗提醒富士康招聘招,True,https://www.fskzpw.com/cms/show-2594.html
2594,2025-07-14,2025,shortterm,短期工,聘，现在可预约3天内的面试二、郑州航空港区富士康具体薪资政策如下：1、短期工模式员工【同工同酬】2、返费工模式(1) 返费发放标准及方式：1. 在,True,https://www.fskzpw.com/cms/show-2594.html
2595,2025-07-20,2025,dispatch,派遣,州富士康招聘线上AI面试流程、入职进厂流程（最新）2、郑州富士康新、老派遣工定义：① 老员工(派遣工)定义：2022/1/1至今入职过A事业群(,True,https://www.fskzpw.com/cms/show-2595.html
2595,2025-07-20,2025,dispatch,同工同酬,天内的面试二、郑州航空港区富士康具体薪资政策如下：1、短期工模式员工【同工同酬】2、返费工模式(1) 返费发放标准及方式：1. 在职满90天以上，额,True,https://www.fskzpw.com/cms/show-2595.html
2595,2025-07-20,2025,direct_hire_language,直招,① 郑州富士康制造部门：关键工站新员工：返费6500元 + 300元直招补贴老员工：返费7000元 + 300元直招补贴 ② 郑州富士康制造部,True,https://www.fskzpw.com/cms/show-2595.html
2595,2025-07-20,2025,direct_hire_language,正式工,员工（派遣工）。3、郑州富士康同工同酬是什么意思？同工同酬就是和富士康正式工工作一样，工资标准一样工资标准如下：底薪2100，周一到周五每天加班2,True,https://www.fskzpw.com/cms/show-2595.html
2595,2025-07-20,2025,student,学生工,学历，烟疤大面积纹身不行。目前有返费工、高价纯小时工、短期工(寒假工、学生工)招聘，现在可预约面试。12、郑州富士康防诈骗提醒富士康招聘招募报名与,True,https://www.fskzpw.com/cms/show-2595.html
2595,2025-07-20,2025,student,暑假工,7300元，小时工高达25元/小时，郑州富士康最新招聘信息返费工小时工暑假工，历史高价，机会难得 大家好，这里是郑州富士康招聘网今天开始，返费薪资,True,https://www.fskzpw.com/cms/show-2595.html
2595,2025-07-20,2025,student,寒假工,初中以上学历，烟疤大面积纹身不行。目前有返费工、高价纯小时工、短期工(寒假工、学生工)招聘，现在可预约面试。12、郑州富士康防诈骗提醒富士康招聘招,True,https://www.fskzpw.com/cms/show-2595.html
2595,2025-07-20,2025,shortterm,短期工,聘，现在可预约3天内的面试二、郑州航空港区富士康具体薪资政策如下：1、短期工模式员工【同工同酬】2、返费工模式(1) 返费发放标准及方式：1. 在,True,https://www.fskzpw.com/cms/show-2595.html
2596,2025-07-22,2025,dispatch,派遣,州富士康招聘线上AI面试流程、入职进厂流程（最新）2、郑州富士康新、老派遣工定义：① 老员工(派遣工)定义：2022/1/1至今入职过A事业群(,True,https://www.fskzpw.com/cms/show-2596.html
2596,2025-07-22,2025,dispatch,同工同酬,天内的面试二、郑州航空港区富士康具体薪资政策如下：1、短期工模式员工【同工同酬】2、返费工模式(1) 返费发放标准及方式：1. 在职满90天以上，额,True,https://www.fskzpw.com/cms/show-2596.html
2596,2025-07-22,2025,direct_hire_language,直招,① 郑州富士康制造部门：关键工站新员工：返费6500元 + 300元直招补贴老员工：返费7000元 + 300元直招补贴 ② 郑州富士康制造部,True,https://www.fskzpw.com/cms/show-2596.html
2596,2025-07-22,2025,direct_hire_language,正式工,员工（派遣工）。3、郑州富士康同工同酬是什么意思？同工同酬就是和富士康正式工工作一样，工资标准一样工资标准如下：底薪2100，周一到周五每天加班2,True,https://www.fskzpw.com/cms/show-2596.html
2596,2025-07-22,2025,student,学生工,学历，烟疤大面积纹身不行。目前有返费工、高价纯小时工、短期工(寒假工、学生工)招聘，现在可预约面试。12、郑州富士康防诈骗提醒富士康招聘招募报名与,True,https://www.fskzpw.com/cms/show-2596.html
2596,2025-07-22,2025,student,暑假工,返费薪资叕暴涨1500元！总计高达7300元，小时工涨至25元/小时，暑假工返费工小时工开招，补贴暴涨！暑假工返费工小时工，紧张报名中…… 大家好,True,https://www.fskzpw.com/cms/show-2596.html
2596,2025-07-22,2025,student,寒假工,初中以上学历，烟疤大面积纹身不行。目前有返费工、高价纯小时工、短期工(寒假工、学生工)招聘，现在可预约面试。12、郑州富士康防诈骗提醒富士康招聘招,True,https://www.fskzpw.com/cms/show-2596.html
2596,2025-07-22,2025,shortterm,短期工,聘，现在可预约3天内的面试二、郑州航空港区富士康具体薪资政策如下：1、短期工模式员工【同工同酬】2、返费工模式(1) 返费发放标准及方式：1. 在,True,https://www.fskzpw.com/cms/show-2596.html
2597,2025-07-22,2025,dispatch,派遣,州富士康招聘线上AI面试流程、入职进厂流程（最新）2、郑州富士康新、老派遣工定义：① 老员工(派遣工)定义：2022/1/1至今入职过A事业群(,True,https://www.fskzpw.com/cms/show-2597.html
2597,2025-07-22,2025,dispatch,同工同酬,天内的面试二、郑州航空港区富士康具体薪资政策如下：1、短期工模式员工【同工同酬】2、返费工模式(1) 返费发放标准及方式：1. 在职满90天以上，额,True,https://www.fskzpw.com/cms/show-2597.html
2597,2025-07-22,2025,direct_hire_language,直招,① 郑州富士康制造部门：关键工站新员工：返费6500元 + 300元直招补贴老员工：返费7000元 + 300元直招补贴 ② 郑州富士康制造部,True,https://www.fskzpw.com/cms/show-2597.html
2597,2025-07-22,2025,direct_hire_language,正式工,员工（派遣工）。3、郑州富士康同工同酬是什么意思？同工同酬就是和富士康正式工工作一样，工资标准一样工资标准如下：底薪2100，周一到周五每天加班2,True,https://www.fskzpw.com/cms/show-2597.html
2597,2025-07-22,2025,student,学生工,学历，烟疤大面积纹身不行。目前有返费工、高价纯小时工、短期工(寒假工、学生工)招聘，现在可预约面试。12、郑州富士康防诈骗提醒富士康招聘招募报名与,True,https://www.fskzpw.com/cms/show-2597.html
2597,2025-07-22,2025,student,暑假工,了，返费高达7300元，小时工25元/小时，郑州富士康最新招聘招募信息暑假工招募，机会难得 大家好，这里是郑州富士康招聘网好消息，26年毕业的学生,True,https://www.fskzpw.com/cms/show-2597.html
2597,2025-07-22,2025,student,寒假工,初中以上学历，烟疤大面积纹身不行。目前有返费工、高价纯小时工、短期工(寒假工、学生工)招聘，现在可预约面试。12、郑州富士康防诈骗提醒富士康招聘招,True,https://www.fskzpw.com/cms/show-2597.html
2597,2025-07-22,2025,student,大学生,7月23号开始，26年毕业的大学生可以实习进厂了，返费高达7300元，小时工25元/小时，郑州富士康最新,True,https://www.fskzpw.com/cms/show-2597.html
2597,2025-07-22,2025,shortterm,短期工,聘，现在可预约3天内的面试二、郑州航空港区富士康具体薪资政策如下：1、短期工模式员工【同工同酬】2、返费工模式(1) 返费发放标准及方式：1. 在,True,https://www.fskzpw.com/cms/show-2597.html
2598,2025-08-02,2025,dispatch,派遣,州富士康招聘线上AI面试流程、入职进厂流程（最新）2、郑州富士康新、老派遣工定义：① 老员工(派遣工)定义：2022/1/1至今入职过A事业群(,True,https://www.fskzpw.com/cms/show-2598.html
2598,2025-08-02,2025,dispatch,同工同酬,天内的面试二、郑州航空港区富士康具体薪资政策如下：1、短期工模式员工【同工同酬】2、返费工模式(1) 返费发放标准及方式：1. 在职满90天以上，额,True,https://www.fskzpw.com/cms/show-2598.html
2598,2025-08-02,2025,direct_hire_language,直招,州富士康制造部门：关键工站新员工：返费7500元+800 + 500元直招补贴老员工：返费8000元 + 800+500元直招补贴 ② 郑州富士,True,https://www.fskzpw.com/cms/show-2598.html
2598,2025-08-02,2025,direct_hire_language,正式工,员工（派遣工）。3、郑州富士康同工同酬是什么意思？同工同酬就是和富士康正式工工作一样，工资标准一样工资标准如下：底薪2100，周一到周五每天加班2,True,https://www.fskzpw.com/cms/show-2598.html
2598,2025-08-02,2025,student,学生工,学历，烟疤大面积纹身不行。目前有返费工、高价纯小时工、短期工(寒假工、学生工)招聘，现在可预约面试。12、郑州富士康防诈骗提醒富士康招聘招募报名与,True,https://www.fskzpw.com/cms/show-2598.html
2598,2025-08-02,2025,student,暑假工,以进厂了，返费薪资叕暴涨！总计高达9300元，小时工涨至27元/小时，暑假工返费工小时工开招，补贴暴涨！暑假工返费工小时工，紧张报名中…….. 大,True,https://www.fskzpw.com/cms/show-2598.html
2598,2025-08-02,2025,student,寒假工,初中以上学历，烟疤大面积纹身不行。目前有返费工、高价纯小时工、短期工(寒假工、学生工)招聘，现在可预约面试。12、郑州富士康防诈骗提醒富士康招聘招,True,https://www.fskzpw.com/cms/show-2598.html
2598,2025-08-02,2025,shortterm,短期工,聘，现在可预约3天内的面试二、郑州航空港区富士康具体薪资政策如下：1、短期工模式员工【同工同酬】2、返费工模式(1) 返费发放标准及方式：1. 在,True,https://www.fskzpw.com/cms/show-2598.html
1549,2025-08-05,2025,dispatch,派遣,州富士康招聘线上AI面试流程、入职进厂流程（最新）2、郑州富士康新、老派遣工定义：① 老员工(派遣工)定义：2023/1/1至今入职过A事业群(,True,https://www.fskzpw.com/cms/show-1549.html
1549,2025-08-05,2025,dispatch,同工同酬,遣工)定义：不符合上述定义的群体均视为新员工（派遣工）。3、郑州富士康同工同酬是什么意思？同工同酬就是和富士康正式工工作一样，工资标准一样工资标准如,True,https://www.fskzpw.com/cms/show-1549.html
1549,2025-08-05,2025,direct_hire_language,直招,的县市区地方所谓的招募招聘接待中心都是些小中介，并不是富士康签约指定的直招渠道人力资源公司，信誉良莠不齐，都不能保证正常的补贴和返费，请工友仔细,True,https://www.fskzpw.com/cms/show-1549.html
1549,2025-08-05,2025,direct_hire_language,正式工,员工（派遣工）。3、郑州富士康同工同酬是什么意思？同工同酬就是和富士康正式工工作一样，工资标准一样工资标准如下：底薪2350元，加班另算，综合工资,True,https://www.fskzpw.com/cms/show-1549.html
2600,2025-08-05,2025,dispatch,派遣,州富士康招聘线上AI面试流程、入职进厂流程（最新）2、郑州富士康新、老派遣工定义：① 老员工(派遣工)定义：2022/1/1至今入职过A事业群(,True,https://www.fskzpw.com/cms/show-2600.html
2600,2025-08-05,2025,dispatch,同工同酬,天内的面试二、郑州航空港区富士康具体薪资政策如下：1、短期工模式员工【同工同酬】2、返费工模式(1) 返费发放标准及方式：1. 在职满90天以上，额,True,https://www.fskzpw.com/cms/show-2600.html
2600,2025-08-05,2025,direct_hire_language,直招,州富士康制造部门：关键工站新员工：返费7500元+600 + 500元直招补贴老员工：返费8000元 + 600+500元直招补贴 ② 郑州富士,True,https://www.fskzpw.com/cms/show-2600.html
2600,2025-08-05,2025,direct_hire_language,正式工,员工（派遣工）。3、郑州富士康同工同酬是什么意思？同工同酬就是和富士康正式工工作一样，工资标准一样工资标准如下：底薪2100，周一到周五每天加班2,True,https://www.fskzpw.com/cms/show-2600.html
2600,2025-08-05,2025,student,学生工,学历，烟疤大面积纹身不行。目前有返费工、高价纯小时工、短期工(寒假工、学生工)招聘，现在可预约面试。12、郑州富士康防诈骗提醒富士康招聘招募报名与,True,https://www.fskzpw.com/cms/show-2600.html
2600,2025-08-05,2025,student,暑假工,为本科则不可以入职）历史最高价9100元，政策时间不会太长，机会难得，暑假工返费工小时工，务必提前报名，联系客服协助报名！具体薪资待遇，本公众号每,True,https://www.fskzpw.com/cms/show-2600.html
2600,2025-08-05,2025,student,寒假工,初中以上学历，烟疤大面积纹身不行。目前有返费工、高价纯小时工、短期工(寒假工、学生工)招聘，现在可预约面试。12、郑州富士康防诈骗提醒富士康招聘招,True,https://www.fskzpw.com/cms/show-2600.html
2600,2025-08-05,2025,shortterm,短期工,聘，现在可预约3天内的面试二、郑州航空港区富士康具体薪资政策如下：1、短期工模式员工【同工同酬】2、返费工模式(1) 返费发放标准及方式：1. 在,True,https://www.fskzpw.com/cms/show-2600.html
2599,2025-08-05,2025,dispatch,派遣,州富士康招聘线上AI面试流程、入职进厂流程（最新）2、郑州富士康新、老派遣工定义：① 老员工(派遣工)定义：2022/1/1至今入职过A事业群(,True,https://www.fskzpw.com/cms/show-2599.html
2599,2025-08-05,2025,dispatch,同工同酬,天内的面试二、郑州航空港区富士康具体薪资政策如下：1、短期工模式员工【同工同酬】2、返费工模式(1) 返费发放标准及方式：1. 在职满90天以上，额,True,https://www.fskzpw.com/cms/show-2599.html
2599,2025-08-05,2025,direct_hire_language,直招,州富士康制造部门：关键工站新员工：返费7500元+600 + 500元直招补贴老员工：返费8000元 + 600+500元直招补贴 ② 郑州富士,True,https://www.fskzpw.com/cms/show-2599.html
2599,2025-08-05,2025,direct_hire_language,正式工,员工（派遣工）。3、郑州富士康同工同酬是什么意思？同工同酬就是和富士康正式工工作一样，工资标准一样工资标准如下：底薪2100，周一到周五每天加班2,True,https://www.fskzpw.com/cms/show-2599.html
2599,2025-08-05,2025,student,学生工,学历，烟疤大面积纹身不行。目前有返费工、高价纯小时工、短期工(寒假工、学生工)招聘，现在可预约面试。12、郑州富士康防诈骗提醒富士康招聘招募报名与,True,https://www.fskzpw.com/cms/show-2599.html
2599,2025-08-05,2025,student,暑假工,为本科则不可以入职）历史最高价9100元，政策时间不会太长，机会难得，暑假工返费工小时工，务必提前报名，联系客服协助报名！具体薪资待遇，本公众号每,True,https://www.fskzpw.com/cms/show-2599.html
2599,2025-08-05,2025,student,寒假工,初中以上学历，烟疤大面积纹身不行。目前有返费工、高价纯小时工、短期工(寒假工、学生工)招聘，现在可预约面试。12、郑州富士康防诈骗提醒富士康招聘招,True,https://www.fskzpw.com/cms/show-2599.html
2599,2025-08-05,2025,shortterm,短期工,聘，现在可预约3天内的面试二、郑州航空港区富士康具体薪资政策如下：1、短期工模式员工【同工同酬】2、返费工模式(1) 返费发放标准及方式：1. 在,True,https://www.fskzpw.com/cms/show-2599.html
2601,2025-08-07,2025,dispatch,派遣,州富士康招聘线上AI面试流程、入职进厂流程（最新）2、郑州富士康新、老派遣工定义：① 老员工(派遣工)定义：2022/1/1至今入职过A事业群(,True,https://www.fskzpw.com/cms/show-2601.html
2601,2025-08-07,2025,dispatch,同工同酬,天内的面试二、郑州航空港区富士康具体薪资政策如下：1、短期工模式员工【同工同酬】2、返费工模式(1) 返费发放标准及方式：1. 在职满90天以上，额,True,https://www.fskzpw.com/cms/show-2601.html
2601,2025-08-07,2025,direct_hire_language,直招,州富士康制造部门：关键工站新员工：返费7500元+600 + 500元直招补贴老员工：返费8000元 + 600+500元直招补贴 ② 郑州富士,True,https://www.fskzpw.com/cms/show-2601.html
2601,2025-08-07,2025,direct_hire_language,正式工,员工（派遣工）。3、郑州富士康同工同酬是什么意思？同工同酬就是和富士康正式工工作一样，工资标准一样工资标准如下：底薪2100，周一到周五每天加班2,True,https://www.fskzpw.com/cms/show-2601.html
2601,2025-08-07,2025,student,学生工,学历，烟疤大面积纹身不行。目前有返费工、高价纯小时工、短期工(寒假工、学生工)招聘，现在可预约面试。12、郑州富士康防诈骗提醒富士康招聘招募报名与,True,https://www.fskzpw.com/cms/show-2601.html
2601,2025-08-07,2025,student,暑假工,为本科则不可以入职）历史最高价9100元，政策时间不会太长，机会难得，暑假工返费工小时工，务必提前报名，联系客服协助报名！具体薪资待遇，本公众号每,True,https://www.fskzpw.com/cms/show-2601.html
2601,2025-08-07,2025,student,寒假工,初中以上学历，烟疤大面积纹身不行。目前有返费工、高价纯小时工、短期工(寒假工、学生工)招聘，现在可预约面试。12、郑州富士康防诈骗提醒富士康招聘招,True,https://www.fskzpw.com/cms/show-2601.html
2601,2025-08-07,2025,shortterm,短期工,聘，现在可预约3天内的面试二、郑州航空港区富士康具体薪资政策如下：1、短期工模式员工【同工同酬】2、返费工模式(1) 返费发放标准及方式：1. 在,True,https://www.fskzpw.com/cms/show-2601.html
2602,2025-08-08,2025,dispatch,派遣,州富士康招聘线上AI面试流程、入职进厂流程（最新）2、郑州富士康新、老派遣工定义：① 老员工(派遣工)定义：2022/1/1至今入职过A事业群(,True,https://www.fskzpw.com/cms/show-2602.html
2602,2025-08-08,2025,dispatch,同工同酬,天内的面试二、郑州航空港区富士康具体薪资政策如下：1、短期工模式员工【同工同酬】2、返费工模式(1) 返费发放标准及方式：1. 在职满90天以上，额,True,https://www.fskzpw.com/cms/show-2602.html
2602,2025-08-08,2025,direct_hire_language,直招,州富士康制造部门：关键工站新员工：返费7500元+600 + 500元直招补贴老员工：返费8000元 + 600+500元直招补贴 ② 郑州富士,True,https://www.fskzpw.com/cms/show-2602.html
2602,2025-08-08,2025,direct_hire_language,正式工,员工（派遣工）。3、郑州富士康同工同酬是什么意思？同工同酬就是和富士康正式工工作一样，工资标准一样工资标准如下：底薪2100，周一到周五每天加班2,True,https://www.fskzpw.com/cms/show-2602.html
2602,2025-08-08,2025,student,学生工,学历，烟疤大面积纹身不行。目前有返费工、高价纯小时工、短期工(寒假工、学生工)招聘，现在可预约面试。12、郑州富士康防诈骗提醒富士康招聘招募报名与,True,https://www.fskzpw.com/cms/show-2602.html
2602,2025-08-08,2025,student,暑假工,科则不可以入职）高价倒计时2天！9100元，年前最后的机会，机会难得，暑假工返费工小时工，务必提前报名，联系客服协助报名！具体薪资待遇，本公众号每,True,https://www.fskzpw.com/cms/show-2602.html
2602,2025-08-08,2025,student,寒假工,初中以上学历，烟疤大面积纹身不行。目前有返费工、高价纯小时工、短期工(寒假工、学生工)招聘，现在可预约面试。12、郑州富士康防诈骗提醒富士康招聘招,True,https://www.fskzpw.com/cms/show-2602.html
2602,2025-08-08,2025,shortterm,短期工,聘，现在可预约3天内的面试二、郑州航空港区富士康具体薪资政策如下：1、短期工模式员工【同工同酬】2、返费工模式(1) 返费发放标准及方式：1. 在,True,https://www.fskzpw.com/cms/show-2602.html
2603,2025-08-11,2025,dispatch,派遣,州富士康招聘线上AI面试流程、入职进厂流程（最新）2、郑州富士康新、老派遣工定义：① 老员工(派遣工)定义：2022/1/1至今入职过A事业群(,True,https://www.fskzpw.com/cms/show-2603.html
2603,2025-08-11,2025,dispatch,同工同酬,天内的面试二、郑州航空港区富士康具体薪资政策如下：1、短期工模式员工【同工同酬】2、返费工模式(1) 返费发放标准及方式：1. 在职满90天以上，额,True,https://www.fskzpw.com/cms/show-2603.html
2603,2025-08-11,2025,direct_hire_language,直招,州富士康制造部门：关键工站新员工：返费7500元+700 + 300元直招补贴老员工：返费8000元 + 700+300元直招补贴 ② 郑州富士,True,https://www.fskzpw.com/cms/show-2603.html
2603,2025-08-11,2025,direct_hire_language,正式工,员工（派遣工）。3、郑州富士康同工同酬是什么意思？同工同酬就是和富士康正式工工作一样，工资标准一样工资标准如下：底薪2100，周一到周五每天加班2,True,https://www.fskzpw.com/cms/show-2603.html
2603,2025-08-11,2025,student,学生工,8月12号开始学生不查学籍！学生工都可以进厂，返费高达9000元，年前最后机会，郑州富士康最新招聘招募信,True,https://www.fskzpw.com/cms/show-2603.html
2603,2025-08-11,2025,student,暑假工,进厂赚钱了，年前好机会。返费高达9000元，年前最后的机会，机会难得，暑假工返费工小时工，务必提前报名，联.. 大家好，这里是郑州富士康招聘网8月,True,https://www.fskzpw.com/cms/show-2603.html
2603,2025-08-11,2025,student,寒假工,初中以上学历，烟疤大面积纹身不行。目前有返费工、高价纯小时工、短期工(寒假工、学生工)招聘，现在可预约面试。12、郑州富士康防诈骗提醒富士康招聘招,True,https://www.fskzpw.com/cms/show-2603.html
2603,2025-08-11,2025,shortterm,短期工,聘，现在可预约3天内的面试二、郑州航空港区富士康具体薪资政策如下：1、短期工模式员工【同工同酬】2、返费工模式(1) 返费发放标准及方式：1. 在,True,https://www.fskzpw.com/cms/show-2603.html
2604,2025-08-13,2025,dispatch,派遣,州富士康招聘线上AI面试流程、入职进厂流程（最新）2、郑州富士康新、老派遣工定义：① 老员工(派遣工)定义：2022/1/1至今入职过A事业群(,True,https://www.fskzpw.com/cms/show-2604.html
2604,2025-08-13,2025,dispatch,同工同酬,天内的面试二、郑州航空港区富士康具体薪资政策如下：1、短期工模式员工【同工同酬】2、返费工模式(1) 返费发放标准及方式：1. 在职满90天以上，额,True,https://www.fskzpw.com/cms/show-2604.html
2604,2025-08-13,2025,direct_hire_language,直招,州富士康制造部门：关键工站新员工：返费7500元+700 + 300元直招补贴老员工：返费8000元 + 700+300元直招补贴 ② 郑州富士,True,https://www.fskzpw.com/cms/show-2604.html
2604,2025-08-13,2025,direct_hire_language,正式工,员工（派遣工）。3、郑州富士康同工同酬是什么意思？同工同酬就是和富士康正式工工作一样，工资标准一样工资标准如下：底薪2100，周一到周五每天加班2,True,https://www.fskzpw.com/cms/show-2604.html
2604,2025-08-13,2025,student,学生工,学历，烟疤大面积纹身不行。目前有返费工、高价纯小时工、短期工(寒假工、学生工)招聘，现在可预约面试。12、郑州富士康防诈骗提醒富士康招聘招募报名与,True,https://www.fskzpw.com/cms/show-2604.html
2604,2025-08-13,2025,student,暑假工,进厂赚钱了，年前好机会。返费高达9000元，年前最后的机会，机会难得，暑假工返费工小时工，务必提前报名，联.. 大家好，这里是郑州富士康招聘网8月,True,https://www.fskzpw.com/cms/show-2604.html
2604,2025-08-13,2025,student,寒假工,初中以上学历，烟疤大面积纹身不行。目前有返费工、高价纯小时工、短期工(寒假工、学生工)招聘，现在可预约面试。12、郑州富士康防诈骗提醒富士康招聘招,True,https://www.fskzpw.com/cms/show-2604.html
2604,2025-08-13,2025,shortterm,短期工,聘，现在可预约3天内的面试二、郑州航空港区富士康具体薪资政策如下：1、短期工模式员工【同工同酬】2、返费工模式(1) 返费发放标准及方式：1. 在,True,https://www.fskzpw.com/cms/show-2604.html
2605,2025-08-14,2025,dispatch,派遣,"30,自2025/10/1起，仅享有同工同酬【制造部门－关键工站】 新派遣工:25元/H+600补贴 老派遣工:26元/H+600补贴【制造部门",True,https://www.fskzpw.com/cms/show-2605.html
2605,2025-08-14,2025,dispatch,同工同酬,"纯小时模式差价补贴至2025/9/30,自2025/10/1起，仅享有同工同酬【制造部门－关键工站】 新派遣工:25元/H+600补贴 老派遣工:2",True,https://www.fskzpw.com/cms/show-2605.html
2605,2025-08-14,2025,direct_hire_language,直招,"离职薪资一次性发放小时工价中含1元差价，补贴中含300限时补贴+300直招补贴二、差价小时模式差价补贴至2025/9/30,自2025/10/1",True,https://www.fskzpw.com/cms/show-2605.html
2605,2025-08-14,2025,direct_hire_language,正式工,员工（派遣工）。3、郑州富士康同工同酬是什么意思？同工同酬就是和富士康正式工工作一样，工资标准一样工资标准如下：底薪2100，周一到周五每天加班2,True,https://www.fskzpw.com/cms/show-2605.html
2605,2025-08-14,2025,student,学生工,学历，烟疤大面积纹身不行。目前有返费工、高价纯小时工、短期工(寒假工、学生工)招聘，现在可预约面试。12、郑州富士康防诈骗提醒富士康招聘招募报名与,True,https://www.fskzpw.com/cms/show-2605.html
2605,2025-08-14,2025,student,暑假工,小时期工模式，28元/时+1100限时补贴，年前最后的机会，机会难得，暑假工返费工小时工，务必提前.. 大家好，这里是郑州富士康招聘网重磅突发！高,True,https://www.fskzpw.com/cms/show-2605.html
2605,2025-08-14,2025,student,寒假工,初中以上学历，烟疤大面积纹身不行。目前有返费工、高价纯小时工、短期工(寒假工、学生工)招聘，现在可预约面试。12、郑州富士康防诈骗提醒富士康招聘招,True,https://www.fskzpw.com/cms/show-2605.html
2605,2025-08-14,2025,shortterm,短期工,女不限，初中以上学历，烟疤大面积纹身不行。目前有返费工、高价纯小时工、短期工(寒假工、学生工)招聘，现在可预约面试。12、郑州富士康防诈骗提醒富士,True,https://www.fskzpw.com/cms/show-2605.html
2606,2025-08-15,2025,dispatch,派遣,"30,自2025/10/1起，仅享有同工同酬【制造部门－关键工站】 新派遣工:25元/H+600补贴 老派遣工:26元/H+600补贴【制造部门",True,https://www.fskzpw.com/cms/show-2606.html
2606,2025-08-15,2025,dispatch,同工同酬,"纯小时模式差价补贴至2025/9/30,自2025/10/1起，仅享有同工同酬【制造部门－关键工站】 新派遣工:25元/H+600补贴 老派遣工:2",True,https://www.fskzpw.com/cms/show-2606.html
2606,2025-08-15,2025,direct_hire_language,直招,"离职薪资一次性发放小时工价中含1元差价，补贴中含300限时补贴+300直招补贴二、差价小时模式差价补贴至2025/9/30,自2025/10/1",True,https://www.fskzpw.com/cms/show-2606.html
2606,2025-08-15,2025,direct_hire_language,正式工,员工（派遣工）。3、郑州富士康同工同酬是什么意思？同工同酬就是和富士康正式工工作一样，工资标准一样工资标准如下：底薪2100，周一到周五每天加班2,True,https://www.fskzpw.com/cms/show-2606.html
2606,2025-08-15,2025,student,学生工,学历，烟疤大面积纹身不行。目前有返费工、高价纯小时工、短期工(寒假工、学生工)招聘，现在可预约面试。12、郑州富士康防诈骗提醒富士康招聘招募报名与,True,https://www.fskzpw.com/cms/show-2606.html
2606,2025-08-15,2025,student,暑假工,小时期工模式，28元/时+1100限时补贴，年前最后的机会，机会难得，暑假工返费工小时工，务必提前.. 大家好，这里是郑州富士康招聘网重磅突发！高,True,https://www.fskzpw.com/cms/show-2606.html
2606,2025-08-15,2025,student,寒假工,初中以上学历，烟疤大面积纹身不行。目前有返费工、高价纯小时工、短期工(寒假工、学生工)招聘，现在可预约面试。12、郑州富士康防诈骗提醒富士康招聘招,True,https://www.fskzpw.com/cms/show-2606.html
2606,2025-08-15,2025,shortterm,短期工,女不限，初中以上学历，烟疤大面积纹身不行。目前有返费工、高价纯小时工、短期工(寒假工、学生工)招聘，现在可预约面试。12、郑州富士康防诈骗提醒富士,True,https://www.fskzpw.com/cms/show-2606.html
2609,2025-08-16,2025,dispatch,派遣,"30,自2025/10/1起，仅享有同工同酬【制造部门－关键工站】 新派遣工:25元/H+600补贴 老派遣工:26元/H+600补贴【制造部门",True,https://www.fskzpw.com/cms/show-2609.html
2609,2025-08-16,2025,dispatch,同工同酬,"纯小时模式差价补贴至2025/9/30,自2025/10/1起，仅享有同工同酬【制造部门－关键工站】 新派遣工:25元/H+600补贴 老派遣工:2",True,https://www.fskzpw.com/cms/show-2609.html
2609,2025-08-16,2025,direct_hire_language,直招,"离职薪资一次性发放小时工价中含1元差价，补贴中含300限时补贴+300直招补贴二、差价小时模式差价补贴至2025/9/30,自2025/10/1",True,https://www.fskzpw.com/cms/show-2609.html
2609,2025-08-16,2025,direct_hire_language,正式工,员工（派遣工）。3、郑州富士康同工同酬是什么意思？同工同酬就是和富士康正式工工作一样，工资标准一样工资标准如下：底薪2100，周一到周五每天加班2,True,https://www.fskzpw.com/cms/show-2609.html
2609,2025-08-16,2025,student,学生工,学历，烟疤大面积纹身不行。目前有返费工、高价纯小时工、短期工(寒假工、学生工)招聘，现在可预约面试。12、郑州富士康防诈骗提醒富士康招聘招募报名与,True,https://www.fskzpw.com/cms/show-2609.html
2609,2025-08-16,2025,student,暑假工,小时期工模式，28元/时+1100限时补贴，年前最后的机会，机会难得，暑假工返费工小时工，务必提前报名，联系客服协助报名！具体薪资待遇，本公众号每,True,https://www.fskzpw.com/cms/show-2609.html
2609,2025-08-16,2025,student,寒假工,初中以上学历，烟疤大面积纹身不行。目前有返费工、高价纯小时工、短期工(寒假工、学生工)招聘，现在可预约面试。12、郑州富士康防诈骗提醒富士康招聘招,True,https://www.fskzpw.com/cms/show-2609.html
2609,2025-08-16,2025,shortterm,短期工,女不限，初中以上学历，烟疤大面积纹身不行。目前有返费工、高价纯小时工、短期工(寒假工、学生工)招聘，现在可预约面试。12、郑州富士康防诈骗提醒富士,True,https://www.fskzpw.com/cms/show-2609.html
2610,2025-08-16,2025,dispatch,派遣,"30,自2025/11/1起，仅享有同工同酬【制造部门－关键工站】 新派遣工:27元/H+800补贴 老派遣工:28元/H+800补贴【制造部门",True,https://www.fskzpw.com/cms/show-2610.html
2610,2025-08-16,2025,dispatch,同工同酬,"小时模式差价补贴至2025/10/30,自2025/11/1起，仅享有同工同酬【制造部门－关键工站】 新派遣工:27元/H+800补贴 老派遣工:2",True,https://www.fskzpw.com/cms/show-2610.html
2610,2025-08-16,2025,direct_hire_language,直招,(发放时无需在职)小时工价中含2元差价，补贴中含500稳岗津贴+300直招补贴补贴发放：打卡上班开始计算，在职满32天方可享有，随薪资发放二、返,True,https://www.fskzpw.com/cms/show-2610.html
2610,2025-08-16,2025,direct_hire_language,正式工,员工（派遣工）。3、郑州富士康同工同酬是什么意思？同工同酬就是和富士康正式工工作一样，工资标准一样工资标准如下：底薪2100，周一到周五每天加班2,True,https://www.fskzpw.com/cms/show-2610.html
2610,2025-08-16,2025,student,学生工,学历，烟疤大面积纹身不行。目前有返费工、高价纯小时工、短期工(寒假工、学生工)招聘，现在可预约面试。12、郑州富士康防诈骗提醒富士康招聘招募报名与,True,https://www.fskzpw.com/cms/show-2610.html
2610,2025-08-16,2025,student,寒假工,初中以上学历，烟疤大面积纹身不行。目前有返费工、高价纯小时工、短期工(寒假工、学生工)招聘，现在可预约面试。12、郑州富士康防诈骗提醒富士康招聘招,True,https://www.fskzpw.com/cms/show-2610.html
2610,2025-08-16,2025,shortterm,短期工,女不限，初中以上学历，烟疤大面积纹身不行。目前有返费工、高价纯小时工、短期工(寒假工、学生工)招聘，现在可预约面试。12、郑州富士康防诈骗提醒富士,True,https://www.fskzpw.com/cms/show-2610.html
2608,2025-08-16,2025,dispatch,派遣,"30,自2025/10/1起，仅享有同工同酬【制造部门－关键工站】 新派遣工:25元/H+600补贴 老派遣工:26元/H+600补贴【制造部门",True,https://www.fskzpw.com/cms/show-2608.html
2608,2025-08-16,2025,dispatch,同工同酬,"纯小时模式差价补贴至2025/9/30,自2025/10/1起，仅享有同工同酬【制造部门－关键工站】 新派遣工:25元/H+600补贴 老派遣工:2",True,https://www.fskzpw.com/cms/show-2608.html
2608,2025-08-16,2025,direct_hire_language,直招,"离职薪资一次性发放小时工价中含1元差价，补贴中含300限时补贴+300直招补贴二、差价小时模式差价补贴至2025/9/30,自2025/10/1",True,https://www.fskzpw.com/cms/show-2608.html
2608,2025-08-16,2025,direct_hire_language,正式工,员工（派遣工）。3、郑州富士康同工同酬是什么意思？同工同酬就是和富士康正式工工作一样，工资标准一样工资标准如下：底薪2100，周一到周五每天加班2,True,https://www.fskzpw.com/cms/show-2608.html
2608,2025-08-16,2025,student,学生工,学历，烟疤大面积纹身不行。目前有返费工、高价纯小时工、短期工(寒假工、学生工)招聘，现在可预约面试。12、郑州富士康防诈骗提醒富士康招聘招募报名与,True,https://www.fskzpw.com/cms/show-2608.html
2608,2025-08-16,2025,student,暑假工,小时期工模式，28元/时+1100限时补贴，年前最后的机会，机会难得，暑假工返费工小时工，务必提前.. 大家好，这里是郑州富士康招聘网重磅突发！高,True,https://www.fskzpw.com/cms/show-2608.html
2608,2025-08-16,2025,student,寒假工,初中以上学历，烟疤大面积纹身不行。目前有返费工、高价纯小时工、短期工(寒假工、学生工)招聘，现在可预约面试。12、郑州富士康防诈骗提醒富士康招聘招,True,https://www.fskzpw.com/cms/show-2608.html
2608,2025-08-16,2025,shortterm,短期工,女不限，初中以上学历，烟疤大面积纹身不行。目前有返费工、高价纯小时工、短期工(寒假工、学生工)招聘，现在可预约面试。12、郑州富士康防诈骗提醒富士,True,https://www.fskzpw.com/cms/show-2608.html
2607,2025-08-16,2025,dispatch,派遣,"30,自2025/10/1起，仅享有同工同酬【制造部门－关键工站】 新派遣工:25元/H+600补贴 老派遣工:26元/H+600补贴【制造部门",True,https://www.fskzpw.com/cms/show-2607.html
2607,2025-08-16,2025,dispatch,同工同酬,"纯小时模式差价补贴至2025/9/30,自2025/10/1起，仅享有同工同酬【制造部门－关键工站】 新派遣工:25元/H+600补贴 老派遣工:2",True,https://www.fskzpw.com/cms/show-2607.html
2607,2025-08-16,2025,direct_hire_language,直招,"离职薪资一次性发放小时工价中含1元差价，补贴中含300限时补贴+300直招补贴二、差价小时模式差价补贴至2025/9/30,自2025/10/1",True,https://www.fskzpw.com/cms/show-2607.html
2607,2025-08-16,2025,direct_hire_language,正式工,员工（派遣工）。3、郑州富士康同工同酬是什么意思？同工同酬就是和富士康正式工工作一样，工资标准一样工资标准如下：底薪2100，周一到周五每天加班2,True,https://www.fskzpw.com/cms/show-2607.html
2607,2025-08-16,2025,student,学生工,学历，烟疤大面积纹身不行。目前有返费工、高价纯小时工、短期工(寒假工、学生工)招聘，现在可预约面试。12、郑州富士康防诈骗提醒富士康招聘招募报名与,True,https://www.fskzpw.com/cms/show-2607.html
2607,2025-08-16,2025,student,暑假工,小时期工模式，28元/时+1100限时补贴，年前最后的机会，机会难得，暑假工返费工小时工，务必提前.. 大家好，这里是郑州富士康招聘网重磅突发！高,True,https://www.fskzpw.com/cms/show-2607.html
2607,2025-08-16,2025,student,寒假工,初中以上学历，烟疤大面积纹身不行。目前有返费工、高价纯小时工、短期工(寒假工、学生工)招聘，现在可预约面试。12、郑州富士康防诈骗提醒富士康招聘招,True,https://www.fskzpw.com/cms/show-2607.html
2607,2025-08-16,2025,shortterm,短期工,女不限，初中以上学历，烟疤大面积纹身不行。目前有返费工、高价纯小时工、短期工(寒假工、学生工)招聘，现在可预约面试。12、郑州富士康防诈骗提醒富士,True,https://www.fskzpw.com/cms/show-2607.html
2611,2025-08-18,2025,dispatch,派遣,"30,自2025/11/1起，仅享有同工同酬【制造部门－关键工站】 新派遣工:27元/H+800补贴 老派遣工:28元/H+800补贴【制造部门",True,https://www.fskzpw.com/cms/show-2611.html
2611,2025-08-18,2025,dispatch,同工同酬,"小时模式差价补贴至2025/10/30,自2025/11/1起，仅享有同工同酬【制造部门－关键工站】 新派遣工:27元/H+800补贴 老派遣工:2",True,https://www.fskzpw.com/cms/show-2611.html
2611,2025-08-18,2025,direct_hire_language,直招,(发放时无需在职)小时工价中含2元差价，补贴中含500稳岗津贴+300直招补贴补贴发放：打卡上班开始计算，在职满32天方可享有，随薪资发放二、返,True,https://www.fskzpw.com/cms/show-2611.html
2611,2025-08-18,2025,direct_hire_language,正式工,员工（派遣工）。3、郑州富士康同工同酬是什么意思？同工同酬就是和富士康正式工工作一样，工资标准一样工资标准如下：底薪2100，周一到周五每天加班2,True,https://www.fskzpw.com/cms/show-2611.html
2611,2025-08-18,2025,student,学生工,学历，烟疤大面积纹身不行。目前有返费工、高价纯小时工、短期工(寒假工、学生工)招聘，现在可预约面试。12、郑州富士康防诈骗提醒富士康招聘招募报名与,True,https://www.fskzpw.com/cms/show-2611.html
2611,2025-08-18,2025,student,寒假工,初中以上学历，烟疤大面积纹身不行。目前有返费工、高价纯小时工、短期工(寒假工、学生工)招聘，现在可预约面试。12、郑州富士康防诈骗提醒富士康招聘招,True,https://www.fskzpw.com/cms/show-2611.html
2611,2025-08-18,2025,shortterm,短期工,女不限，初中以上学历，烟疤大面积纹身不行。目前有返费工、高价纯小时工、短期工(寒假工、学生工)招聘，现在可预约面试。12、郑州富士康防诈骗提醒富士,True,https://www.fskzpw.com/cms/show-2611.html
2612,2025-08-21,2025,dispatch,派遣,"30,自2025/11/1起，仅享有同工同酬【制造部门－关键工站】 新派遣工:27元/H+600补贴 老派遣工:28元/H+600补贴【制造部门",True,https://www.fskzpw.com/cms/show-2612.html
2612,2025-08-21,2025,dispatch,同工同酬,"小时模式差价补贴至2025/10/30,自2025/11/1起，仅享有同工同酬【制造部门－关键工站】 新派遣工:27元/H+600补贴 老派遣工:2",True,https://www.fskzpw.com/cms/show-2612.html
2612,2025-08-21,2025,direct_hire_language,直招,(发放时无需在职)小时工价中含2元差价，补贴中含500稳岗津贴+100直招补贴补贴发放：打卡上班开始计算，在职满32天方可享有，随薪资发放二、返,True,https://www.fskzpw.com/cms/show-2612.html
2612,2025-08-21,2025,direct_hire_language,正式工,员工（派遣工）。3、郑州富士康同工同酬是什么意思？同工同酬就是和富士康正式工工作一样，工资标准一样工资标准如下：底薪2100，周一到周五每天加班2,True,https://www.fskzpw.com/cms/show-2612.html
2612,2025-08-21,2025,student,学生工,学历，烟疤大面积纹身不行。目前有返费工、高价纯小时工、短期工(寒假工、学生工)招聘，现在可预约面试。12、郑州富士康防诈骗提醒富士康招聘招募报名与,True,https://www.fskzpw.com/cms/show-2612.html
2612,2025-08-21,2025,student,寒假工,初中以上学历，烟疤大面积纹身不行。目前有返费工、高价纯小时工、短期工(寒假工、学生工)招聘，现在可预约面试。12、郑州富士康防诈骗提醒富士康招聘招,True,https://www.fskzpw.com/cms/show-2612.html
2612,2025-08-21,2025,shortterm,短期工,女不限，初中以上学历，烟疤大面积纹身不行。目前有返费工、高价纯小时工、短期工(寒假工、学生工)招聘，现在可预约面试。12、郑州富士康防诈骗提醒富士,True,https://www.fskzpw.com/cms/show-2612.html
2616,2025-08-24,2025,dispatch,派遣,"30,自2025/11/1起，仅享有同工同酬【制造部门－关键工站】 新派遣工:27元/H+600补贴 老派遣工:28元/H+600补贴【制造部门",True,https://www.fskzpw.com/cms/show-2616.html
2616,2025-08-24,2025,dispatch,同工同酬,"小时模式差价补贴至2025/10/30,自2025/11/1起，仅享有同工同酬【制造部门－关键工站】 新派遣工:27元/H+600补贴 老派遣工:2",True,https://www.fskzpw.com/cms/show-2616.html
2616,2025-08-24,2025,direct_hire_language,直招,(发放时无需在职)小时工价中含2元差价，补贴中含500稳岗津贴+100直招补贴补贴发放：打卡上班开始计算，在职满32天方可享有，随薪资发放二、返,True,https://www.fskzpw.com/cms/show-2616.html
2616,2025-08-24,2025,direct_hire_language,正式工,员工（派遣工）。3、郑州富士康同工同酬是什么意思？同工同酬就是和富士康正式工工作一样，工资标准一样工资标准如下：底薪2100，周一到周五每天加班2,True,https://www.fskzpw.com/cms/show-2616.html
2616,2025-08-24,2025,student,学生工,学历，烟疤大面积纹身不行。目前有返费工、高价纯小时工、短期工(寒假工、学生工)招聘，现在可预约面试。12、郑州富士康防诈骗提醒富士康招聘招募报名与,True,https://www.fskzpw.com/cms/show-2616.html
2616,2025-08-24,2025,student,寒假工,初中以上学历，烟疤大面积纹身不行。目前有返费工、高价纯小时工、短期工(寒假工、学生工)招聘，现在可预约面试。12、郑州富士康防诈骗提醒富士康招聘招,True,https://www.fskzpw.com/cms/show-2616.html
2616,2025-08-24,2025,shortterm,短期工,女不限，初中以上学历，烟疤大面积纹身不行。目前有返费工、高价纯小时工、短期工(寒假工、学生工)招聘，现在可预约面试。12、郑州富士康防诈骗提醒富士,True,https://www.fskzpw.com/cms/show-2616.html
2615,2025-08-24,2025,dispatch,派遣,州富士康招聘线上AI面试流程、入职进厂流程（最新）2、郑州富士康新、老派遣工定义：① 老员工(派遣工)定义：2023/1/1至今入职过A事业群(,True,https://www.fskzpw.com/cms/show-2615.html
2615,2025-08-24,2025,dispatch,同工同酬,遣工)定义：不符合上述定义的群体均视为新员工（派遣工）。3、郑州富士康同工同酬是什么意思？同工同酬就是和富士康正式工工作一样，工资标准一样工资标准如,True,https://www.fskzpw.com/cms/show-2615.html
2615,2025-08-24,2025,direct_hire_language,直招,的县市区地方所谓的招募招聘接待中心都是些小中介，并不是富士康签约指定的直招渠道人力资源公司，信誉良莠不齐，都不能保证正常的补贴和返费，请工友仔细,True,https://www.fskzpw.com/cms/show-2615.html
2615,2025-08-24,2025,direct_hire_language,正式工,员工（派遣工）。3、郑州富士康同工同酬是什么意思？同工同酬就是和富士康正式工工作一样，工资标准一样工资标准如下：底薪2350元，加班另算，综合工资,True,https://www.fskzpw.com/cms/show-2615.html
2613,2025-08-24,2025,dispatch,派遣,"30,自2025/11/1起，仅享有同工同酬【制造部门－关键工站】 新派遣工:27元/H+600补贴 老派遣工:28元/H+600补贴【制造部门",True,https://www.fskzpw.com/cms/show-2613.html
2613,2025-08-24,2025,dispatch,同工同酬,"小时模式差价补贴至2025/10/30,自2025/11/1起，仅享有同工同酬【制造部门－关键工站】 新派遣工:27元/H+600补贴 老派遣工:2",True,https://www.fskzpw.com/cms/show-2613.html
2613,2025-08-24,2025,direct_hire_language,直招,(发放时无需在职)小时工价中含2元差价，补贴中含500稳岗津贴+100直招补贴补贴发放：打卡上班开始计算，在职满32天方可享有，随薪资发放二、返,True,https://www.fskzpw.com/cms/show-2613.html
2613,2025-08-24,2025,direct_hire_language,正式工,员工（派遣工）。3、郑州富士康同工同酬是什么意思？同工同酬就是和富士康正式工工作一样，工资标准一样工资标准如下：底薪2100，周一到周五每天加班2,True,https://www.fskzpw.com/cms/show-2613.html
2613,2025-08-24,2025,student,学生工,学历，烟疤大面积纹身不行。目前有返费工、高价纯小时工、短期工(寒假工、学生工)招聘，现在可预约面试。12、郑州富士康防诈骗提醒富士康招聘招募报名与,True,https://www.fskzpw.com/cms/show-2613.html
2613,2025-08-24,2025,student,寒假工,初中以上学历，烟疤大面积纹身不行。目前有返费工、高价纯小时工、短期工(寒假工、学生工)招聘，现在可预约面试。12、郑州富士康防诈骗提醒富士康招聘招,True,https://www.fskzpw.com/cms/show-2613.html
2613,2025-08-24,2025,shortterm,短期工,女不限，初中以上学历，烟疤大面积纹身不行。目前有返费工、高价纯小时工、短期工(寒假工、学生工)招聘，现在可预约面试。12、郑州富士康防诈骗提醒富士,True,https://www.fskzpw.com/cms/show-2613.html
2614,2025-08-24,2025,dispatch,派遣,州富士康招聘线上AI面试流程、入职进厂流程（最新）2、郑州富士康新、老派遣工定义：① 老员工(派遣工)定义：2023/1/1至今入职过A事业群(,True,https://www.fskzpw.com/cms/show-2614.html
2614,2025-08-24,2025,dispatch,同工同酬,遣工)定义：不符合上述定义的群体均视为新员工（派遣工）。3、郑州富士康同工同酬是什么意思？同工同酬就是和富士康正式工工作一样，工资标准一样工资标准如,True,https://www.fskzpw.com/cms/show-2614.html
2614,2025-08-24,2025,direct_hire_language,直招,的县市区地方所谓的招募招聘接待中心都是些小中介，并不是富士康签约指定的直招渠道人力资源公司，信誉良莠不齐，都不能保证正常的补贴和返费，请工友仔细,True,https://www.fskzpw.com/cms/show-2614.html
2614,2025-08-24,2025,direct_hire_language,正式工,员工（派遣工）。3、郑州富士康同工同酬是什么意思？同工同酬就是和富士康正式工工作一样，工资标准一样工资标准如下：底薪2350元，加班另算，综合工资,True,https://www.fskzpw.com/cms/show-2614.html
2618,2025-08-28,2025,dispatch,派遣,"31,自2025/11/1起，仅享有同工同酬【制造部门－关键工站】 新派遣工:27元/H+100补贴 老派遣工:28元/H+100补贴【制造部门",True,https://www.fskzpw.com/cms/show-2618.html
2618,2025-08-28,2025,dispatch,同工同酬,"小时模式差价补贴至2025/10/31,自2025/11/1起，仅享有同工同酬【制造部门－关键工站】 新派遣工:27元/H+100补贴 老派遣工:2",True,https://www.fskzpw.com/cms/show-2618.html
2618,2025-08-28,2025,direct_hire_language,直招,的县市区地方所谓的招募招聘接待中心都是些小中介，并不是富士康签约指定的直招渠道人力资源公司，信誉良莠不齐，都不能保证正常的补贴和返费，请工友仔细,True,https://www.fskzpw.com/cms/show-2618.html
2618,2025-08-28,2025,direct_hire_language,正式工,员工（派遣工）。3、郑州富士康同工同酬是什么意思？同工同酬就是和富士康正式工工作一样，工资标准一样工资标准如下：底薪2100，周一到周五每天加班2,True,https://www.fskzpw.com/cms/show-2618.html
2618,2025-08-28,2025,student,学生工,学历，烟疤大面积纹身不行。目前有返费工、高价纯小时工、短期工(寒假工、学生工)招聘，现在可预约面试。12、郑州富士康防诈骗提醒富士康招聘招募报名与,True,https://www.fskzpw.com/cms/show-2618.html
2618,2025-08-28,2025,student,寒假工,初中以上学历，烟疤大面积纹身不行。目前有返费工、高价纯小时工、短期工(寒假工、学生工)招聘，现在可预约面试。12、郑州富士康防诈骗提醒富士康招聘招,True,https://www.fskzpw.com/cms/show-2618.html
2618,2025-08-28,2025,shortterm,短期工,女不限，初中以上学历，烟疤大面积纹身不行。目前有返费工、高价纯小时工、短期工(寒假工、学生工)招聘，现在可预约面试。12、郑州富士康防诈骗提醒富士,True,https://www.fskzpw.com/cms/show-2618.html
2619,2025-09-01,2025,dispatch,派遣,"起招募政策员工政策一、返费模式 在职满90天【制造部门-关键工站】 新派遣工:6,500元+300直招补贴 老派遣工:7,000元+300直招补",True,https://www.fskzpw.com/cms/show-2619.html
2619,2025-09-01,2025,dispatch,同工同酬,"小时模式差价补贴至2025/10/31,自2025/11/1起，仅享有同工同酬【制造部门－关键工站】 新派遣工:24元/H+1元直招补贴 老派遣工:",True,https://www.fskzpw.com/cms/show-2619.html
2619,2025-09-01,2025,direct_hire_language,直招,"式 在职满90天【制造部门-关键工站】 新派遣工:6,500元+300直招补贴 老派遣工:7,000元+300直招补贴【制造部门-一般工站】 新",True,https://www.fskzpw.com/cms/show-2619.html
2619,2025-09-01,2025,direct_hire_language,正式工,员工（派遣工）。3、郑州富士康同工同酬是什么意思？同工同酬就是和富士康正式工工作一样，工资标准一样工资标准如下：底薪2100，周一到周五每天加班2,True,https://www.fskzpw.com/cms/show-2619.html
2619,2025-09-01,2025,student,学生工,学历，烟疤大面积纹身不行。目前有返费工、高价纯小时工、短期工(寒假工、学生工)招聘，现在可预约面试。12、郑州富士康防诈骗提醒富士康招聘招募报名与,True,https://www.fskzpw.com/cms/show-2619.html
2619,2025-09-01,2025,student,寒假工,初中以上学历，烟疤大面积纹身不行。目前有返费工、高价纯小时工、短期工(寒假工、学生工)招聘，现在可预约面试。12、郑州富士康防诈骗提醒富士康招聘招,True,https://www.fskzpw.com/cms/show-2619.html
2619,2025-09-01,2025,shortterm,短期工,女不限，初中以上学历，烟疤大面积纹身不行。目前有返费工、高价纯小时工、短期工(寒假工、学生工)招聘，现在可预约面试。12、郑州富士康防诈骗提醒富士,True,https://www.fskzpw.com/cms/show-2619.html
2620,2025-09-08,2025,dispatch,派遣,"600补贴员工政策一、返费模式 在职满90天【制造部门-关键工站】 新派遣工:7,500元+1100直招补贴 老派遣工:8,000+1100直招",True,https://www.fskzpw.com/cms/show-2620.html
2620,2025-09-08,2025,dispatch,同工同酬,"小时模式差价补贴至2025/11/30,自2025/12/1起，仅享有同工同酬【制造部门－关键工站】 新派遣工:26元/H+600直招补贴 老派遣工",True,https://www.fskzpw.com/cms/show-2620.html
2620,2025-09-08,2025,direct_hire_language,直招,"在职满90天【制造部门-关键工站】 新派遣工:7,500元+1100直招补贴 老派遣工:8,000+1100直招补贴【制造部门-一般工站】 新",True,https://www.fskzpw.com/cms/show-2620.html
2620,2025-09-08,2025,direct_hire_language,正式工,员工（派遣工）。3、郑州富士康同工同酬是什么意思？同工同酬就是和富士康正式工工作一样，工资标准一样工资标准如下：底薪2100，周一到周五每天加班2,True,https://www.fskzpw.com/cms/show-2620.html
2620,2025-09-08,2025,student,学生工,学历，烟疤大面积纹身不行。目前有返费工、高价纯小时工、短期工(寒假工、学生工)招聘，现在可预约面试。12、郑州富士康防诈骗提醒富士康招聘招募报名与,True,https://www.fskzpw.com/cms/show-2620.html
2620,2025-09-08,2025,student,寒假工,初中以上学历，烟疤大面积纹身不行。目前有返费工、高价纯小时工、短期工(寒假工、学生工)招聘，现在可预约面试。12、郑州富士康防诈骗提醒富士康招聘招,True,https://www.fskzpw.com/cms/show-2620.html
2620,2025-09-08,2025,shortterm,短期工,女不限，初中以上学历，烟疤大面积纹身不行。目前有返费工、高价纯小时工、短期工(寒假工、学生工)招聘，现在可预约面试。12、郑州富士康防诈骗提醒富士,True,https://www.fskzpw.com/cms/show-2620.html
2621,2025-09-11,2025,dispatch,派遣,"300补贴员工政策一、返费模式 在职满90天【制造部门-关键工站】 新派遣工:7,500元+500直招补贴+300限时补贴 老派遣工:8,000",True,https://www.fskzpw.com/cms/show-2621.html
2621,2025-09-11,2025,dispatch,同工同酬,"小时模式差价补贴至2025/11/30,自2025/12/1起，仅享有同工同酬【制造部门－关键工站】 新派遣工:26元/H+300限时补贴 老派遣工",True,https://www.fskzpw.com/cms/show-2621.html
2621,2025-09-11,2025,direct_hire_language,直招,"式 在职满90天【制造部门-关键工站】 新派遣工:7,500元+500直招补贴+300限时补贴 老派遣工:8,000+500直招补贴+300限时",True,https://www.fskzpw.com/cms/show-2621.html
2621,2025-09-11,2025,direct_hire_language,正式工,员工（派遣工）。3、郑州富士康同工同酬是什么意思？同工同酬就是和富士康正式工工作一样，工资标准一样工资标准如下：底薪2100，周一到周五每天加班2,True,https://www.fskzpw.com/cms/show-2621.html
2621,2025-09-11,2025,student,学生工,学历，烟疤大面积纹身不行。目前有返费工、高价纯小时工、短期工(寒假工、学生工)招聘，现在可预约面试。12、郑州富士康防诈骗提醒富士康招聘招募报名与,True,https://www.fskzpw.com/cms/show-2621.html
2621,2025-09-11,2025,student,寒假工,初中以上学历，烟疤大面积纹身不行。目前有返费工、高价纯小时工、短期工(寒假工、学生工)招聘，现在可预约面试。12、郑州富士康防诈骗提醒富士康招聘招,True,https://www.fskzpw.com/cms/show-2621.html
2621,2025-09-11,2025,shortterm,短期工,女不限，初中以上学历，烟疤大面积纹身不行。目前有返费工、高价纯小时工、短期工(寒假工、学生工)招聘，现在可预约面试。12、郑州富士康防诈骗提醒富士,True,https://www.fskzpw.com/cms/show-2621.html
2622,2025-09-13,2025,dispatch,派遣,"300补贴员工政策一、返费模式 在职满90天【制造部门-关键工站】 新派遣工:7,500元+500直招补贴+300限时补贴 老派遣工:8,000",True,https://www.fskzpw.com/cms/show-2622.html
2622,2025-09-13,2025,dispatch,同工同酬,"小时模式差价补贴至2025/11/30,自2025/12/1起，仅享有同工同酬【制造部门－关键工站】 新派遣工:26元/H+300限时补贴 老派遣工",True,https://www.fskzpw.com/cms/show-2622.html
2622,2025-09-13,2025,direct_hire_language,直招,"式 在职满90天【制造部门-关键工站】 新派遣工:7,500元+500直招补贴+300限时补贴 老派遣工:8,000+500直招补贴+300限时",True,https://www.fskzpw.com/cms/show-2622.html
2622,2025-09-13,2025,direct_hire_language,正式工,员工（派遣工）。3、郑州富士康同工同酬是什么意思？同工同酬就是和富士康正式工工作一样，工资标准一样工资标准如下：底薪2100，周一到周五每天加班2,True,https://www.fskzpw.com/cms/show-2622.html
2622,2025-09-13,2025,student,学生工,学历，烟疤大面积纹身不行。目前有返费工、高价纯小时工、短期工(寒假工、学生工)招聘，现在可预约面试。12、郑州富士康防诈骗提醒富士康招聘招募报名与,True,https://www.fskzpw.com/cms/show-2622.html
2622,2025-09-13,2025,student,寒假工,初中以上学历，烟疤大面积纹身不行。目前有返费工、高价纯小时工、短期工(寒假工、学生工)招聘，现在可预约面试。12、郑州富士康防诈骗提醒富士康招聘招,True,https://www.fskzpw.com/cms/show-2622.html
2622,2025-09-13,2025,shortterm,短期工,女不限，初中以上学历，烟疤大面积纹身不行。目前有返费工、高价纯小时工、短期工(寒假工、学生工)招聘，现在可预约面试。12、郑州富士康防诈骗提醒富士,True,https://www.fskzpw.com/cms/show-2622.html
2623,2025-09-16,2025,dispatch,派遣,"3天内的面试二、郑州航空港区富士康具体薪资政策如下：1、返费模式岗位新派遣工老派遣工制造部门关键工站7,500元+800直招补贴8,000+80",True,https://www.fskzpw.com/cms/show-2623.html
2623,2025-09-16,2025,dispatch,同工同酬,"小时模式差价补贴至2025/11/30,自2025/12/1起，仅享有同工同酬。岗位新派遣工老派遣工制造部门关键工站26元/H+300限时补贴27元",True,https://www.fskzpw.com/cms/show-2623.html
2623,2025-09-16,2025,direct_hire_language,直招,"：1、返费模式岗位新派遣工老派遣工制造部门关键工站7,500元+800直招补贴8,000+800直招补贴一般工站7,000元+800直招补贴7,",True,https://www.fskzpw.com/cms/show-2623.html
2623,2025-09-16,2025,direct_hire_language,正式工,员工（派遣工）。3、郑州富士康同工同酬是什么意思？同工同酬就是和富士康正式工工作一样，工资标准一样工资标准如下：底薪2100，周一到周五每天加班2,True,https://www.fskzpw.com/cms/show-2623.html
2623,2025-09-16,2025,student,学生工,学历，烟疤大面积纹身不行。目前有返费工、高价纯小时工、短期工(寒假工、学生工)招聘，现在可预约面试。12、郑州富士康防诈骗提醒富士康招聘招募报名与,True,https://www.fskzpw.com/cms/show-2623.html
2623,2025-09-16,2025,student,寒假工,初中以上学历，烟疤大面积纹身不行。目前有返费工、高价纯小时工、短期工(寒假工、学生工)招聘，现在可预约面试。12、郑州富士康防诈骗提醒富士康招聘招,True,https://www.fskzpw.com/cms/show-2623.html
2623,2025-09-16,2025,shortterm,短期工,女不限，初中以上学历，烟疤大面积纹身不行。目前有返费工、高价纯小时工、短期工(寒假工、学生工)招聘，现在可预约面试。12、郑州富士康防诈骗提醒富士,True,https://www.fskzpw.com/cms/show-2623.html
2624,2025-09-16,2025,dispatch,派遣,"3天内的面试二、郑州航空港区富士康具体薪资政策如下：1、返费模式岗位新派遣工老派遣工制造部门关键工站7,500元+800直招补贴8,000+80",True,https://www.fskzpw.com/cms/show-2624.html
2624,2025-09-16,2025,dispatch,同工同酬,"小时模式差价补贴至2025/11/30,自2025/12/1起，仅享有同工同酬。岗位新派遣工老派遣工制造部门关键工站26元/H+300限时补贴27元",True,https://www.fskzpw.com/cms/show-2624.html
2624,2025-09-16,2025,direct_hire_language,直招,"：1、返费模式岗位新派遣工老派遣工制造部门关键工站7,500元+800直招补贴8,000+800直招补贴一般工站7,000元+800直招补贴7,",True,https://www.fskzpw.com/cms/show-2624.html
2624,2025-09-16,2025,direct_hire_language,正式工,员工（派遣工）。3、郑州富士康同工同酬是什么意思？同工同酬就是和富士康正式工工作一样，工资标准一样工资标准如下：底薪2100，周一到周五每天加班2,True,https://www.fskzpw.com/cms/show-2624.html
2624,2025-09-16,2025,student,学生工,学历，烟疤大面积纹身不行。目前有返费工、高价纯小时工、短期工(寒假工、学生工)招聘，现在可预约面试。12、郑州富士康防诈骗提醒富士康招聘招募报名与,True,https://www.fskzpw.com/cms/show-2624.html
2624,2025-09-16,2025,student,寒假工,初中以上学历，烟疤大面积纹身不行。目前有返费工、高价纯小时工、短期工(寒假工、学生工)招聘，现在可预约面试。12、郑州富士康防诈骗提醒富士康招聘招,True,https://www.fskzpw.com/cms/show-2624.html
2624,2025-09-16,2025,shortterm,短期工,女不限，初中以上学历，烟疤大面积纹身不行。目前有返费工、高价纯小时工、短期工(寒假工、学生工)招聘，现在可预约面试。12、郑州富士康防诈骗提醒富士,True,https://www.fskzpw.com/cms/show-2624.html
2625,2025-09-20,2025,dispatch,派遣,"3天内的面试二、郑州航空港区富士康具体薪资政策如下：1、返费模式岗位新派遣工老派遣工制造部门关键工站7,500元+800直招补贴8,000+80",True,https://www.fskzpw.com/cms/show-2625.html
2625,2025-09-20,2025,dispatch,同工同酬,"小时模式差价补贴至2025/11/30,自2025/12/1起，仅享有同工同酬。岗位新派遣工老派遣工制造部门关键工站26元/H+300限时补贴27元",True,https://www.fskzpw.com/cms/show-2625.html
2625,2025-09-20,2025,direct_hire_language,直招,"：1、返费模式岗位新派遣工老派遣工制造部门关键工站7,500元+800直招补贴8,000+800直招补贴一般工站7,000元+800直招补贴7,",True,https://www.fskzpw.com/cms/show-2625.html
2625,2025-09-20,2025,direct_hire_language,正式工,员工（派遣工）。3、郑州富士康同工同酬是什么意思？同工同酬就是和富士康正式工工作一样，工资标准一样工资标准如下：底薪2100，周一到周五每天加班2,True,https://www.fskzpw.com/cms/show-2625.html
2625,2025-09-20,2025,student,学生工,学历，烟疤大面积纹身不行。目前有返费工、高价纯小时工、短期工(寒假工、学生工)招聘，现在可预约面试。12、郑州富士康防诈骗提醒富士康招聘招募报名与,True,https://www.fskzpw.com/cms/show-2625.html
2625,2025-09-20,2025,student,寒假工,初中以上学历，烟疤大面积纹身不行。目前有返费工、高价纯小时工、短期工(寒假工、学生工)招聘，现在可预约面试。12、郑州富士康防诈骗提醒富士康招聘招,True,https://www.fskzpw.com/cms/show-2625.html
2625,2025-09-20,2025,shortterm,短期工,女不限，初中以上学历，烟疤大面积纹身不行。目前有返费工、高价纯小时工、短期工(寒假工、学生工)招聘，现在可预约面试。12、郑州富士康防诈骗提醒富士,True,https://www.fskzpw.com/cms/show-2625.html
2626,2025-09-23,2025,dispatch,派遣,"3天内的面试二、郑州航空港区富士康具体薪资政策如下：1、返费模式岗位新派遣工老派遣工制造部门关键工站7,500元+800直招补贴500元稳岗补贴",True,https://www.fskzpw.com/cms/show-2626.html
2626,2025-09-23,2025,dispatch,同工同酬,"小时模式差价补贴至2025/11/30,自2025/12/1起，仅享有同工同酬。岗位新派遣工老派遣工制造部门关键工站26元/H+300限时补贴500",True,https://www.fskzpw.com/cms/show-2626.html
2626,2025-09-23,2025,direct_hire_language,直招,"：1、返费模式岗位新派遣工老派遣工制造部门关键工站7,500元+800直招补贴500元稳岗补贴8,000+800直招补贴500元稳岗补贴一般工站",True,https://www.fskzpw.com/cms/show-2626.html
2626,2025-09-23,2025,direct_hire_language,正式工,员工（派遣工）。3、郑州富士康同工同酬是什么意思？同工同酬就是和富士康正式工工作一样，工资标准一样工资标准如下：底薪2100，周一到周五每天加班2,True,https://www.fskzpw.com/cms/show-2626.html
2626,2025-09-23,2025,student,学生工,学历，烟疤大面积纹身不行。目前有返费工、高价纯小时工、短期工(寒假工、学生工)招聘，现在可预约面试。12、郑州富士康防诈骗提醒富士康招聘招募报名与,True,https://www.fskzpw.com/cms/show-2626.html
2626,2025-09-23,2025,student,寒假工,初中以上学历，烟疤大面积纹身不行。目前有返费工、高价纯小时工、短期工(寒假工、学生工)招聘，现在可预约面试。12、郑州富士康防诈骗提醒富士康招聘招,True,https://www.fskzpw.com/cms/show-2626.html
2626,2025-09-23,2025,shortterm,短期工,女不限，初中以上学历，烟疤大面积纹身不行。目前有返费工、高价纯小时工、短期工(寒假工、学生工)招聘，现在可预约面试。12、郑州富士康防诈骗提醒富士,True,https://www.fskzpw.com/cms/show-2626.html
2627,2025-09-24,2025,dispatch,派遣,"3天内的面试2郑州航空港区富士康具体薪资政策如下：1、返费模式 岗位新派遣工老派遣工制造部门关键工站7,500元+800元直招补贴500元稳岗补",True,https://www.fskzpw.com/cms/show-2627.html
2627,2025-09-24,2025,dispatch,同工同酬,"时模式 差价补贴至2025/11/30,自2025/12/1起，仅享有同工同酬。岗位新派遣工老派遣工制造部门关键工站26元/小时+300限时补贴50",True,https://www.fskzpw.com/cms/show-2627.html
2627,2025-09-24,2025,direct_hire_language,直招,"、返费模式 岗位新派遣工老派遣工制造部门关键工站7,500元+800元直招补贴500元稳岗补贴8,000元+800元直招补贴500元稳岗补贴一般",True,https://www.fskzpw.com/cms/show-2627.html
2627,2025-09-24,2025,direct_hire_language,正式工,员工（派遣工）。3、郑州富士康同工同酬是什么意思？同工同酬就是和富士康正式工工作一样，工资标准一样工资标准如下：底薪2100，周一到周五每天加班2,True,https://www.fskzpw.com/cms/show-2627.html
2627,2025-09-24,2025,student,学生工,学历，烟疤大面积纹身不行。目前有返费工、高价纯小时工、短期工(寒假工、学生工)招聘，现在可预约面试。12、郑州富士康防诈骗提醒富士康招聘招募报名与,True,https://www.fskzpw.com/cms/show-2627.html
2627,2025-09-24,2025,student,寒假工,初中以上学历，烟疤大面积纹身不行。目前有返费工、高价纯小时工、短期工(寒假工、学生工)招聘，现在可预约面试。12、郑州富士康防诈骗提醒富士康招聘招,True,https://www.fskzpw.com/cms/show-2627.html
2627,2025-09-24,2025,shortterm,短期工,女不限，初中以上学历，烟疤大面积纹身不行。目前有返费工、高价纯小时工、短期工(寒假工、学生工)招聘，现在可预约面试。12、郑州富士康防诈骗提醒富士,True,https://www.fskzpw.com/cms/show-2627.html
2628,2025-09-26,2025,dispatch,派遣,"3天内的面试2郑州航空港区富士康具体薪资政策如下：1、返费模式 岗位新派遣工老派遣工制造部门关键工站7,500元+800元直招补贴500元稳岗补",True,https://www.fskzpw.com/cms/show-2628.html
2628,2025-09-26,2025,dispatch,同工同酬,"时模式 差价补贴至2025/11/30,自2025/12/1起，仅享有同工同酬。岗位新派遣工老派遣工制造部门关键工站26元/小时+300限时补贴50",True,https://www.fskzpw.com/cms/show-2628.html
2628,2025-09-26,2025,direct_hire_language,直招,"、返费模式 岗位新派遣工老派遣工制造部门关键工站7,500元+800元直招补贴500元稳岗补贴8,000元+800元直招补贴500元稳岗补贴一般",True,https://www.fskzpw.com/cms/show-2628.html
2628,2025-09-26,2025,direct_hire_language,正式工,员工（派遣工）。3、郑州富士康同工同酬是什么意思？同工同酬就是和富士康正式工工作一样，工资标准一样工资标准如下：底薪2100，周一到周五每天加班2,True,https://www.fskzpw.com/cms/show-2628.html
2628,2025-09-26,2025,student,学生工,学历，烟疤大面积纹身不行。目前有返费工、高价纯小时工、短期工(寒假工、学生工)招聘，现在可预约面试。12、郑州富士康防诈骗提醒富士康招聘招募报名与,True,https://www.fskzpw.com/cms/show-2628.html
2628,2025-09-26,2025,student,寒假工,初中以上学历，烟疤大面积纹身不行。目前有返费工、高价纯小时工、短期工(寒假工、学生工)招聘，现在可预约面试。12、郑州富士康防诈骗提醒富士康招聘招,True,https://www.fskzpw.com/cms/show-2628.html
2628,2025-09-26,2025,shortterm,短期工,女不限，初中以上学历，烟疤大面积纹身不行。目前有返费工、高价纯小时工、短期工(寒假工、学生工)招聘，现在可预约面试。12、郑州富士康防诈骗提醒富士,True,https://www.fskzpw.com/cms/show-2628.html
2629,2025-09-27,2025,dispatch,派遣,"3天内的面试2郑州航空港区富士康具体薪资政策如下：1、返费模式 岗位新派遣工老派遣工制造部门关键工站7,500元500元稳岗补贴8,000元50",True,https://www.fskzpw.com/cms/show-2629.html
2629,2025-09-27,2025,dispatch,同工同酬,"时模式 差价补贴至2025/11/30,自2025/12/1起，仅享有同工同酬。岗位新派遣工老派遣工制造部门关键工站26元/小时27元/小时一般工站",True,https://www.fskzpw.com/cms/show-2629.html
2629,2025-09-27,2025,direct_hire_language,直招,的县市区地方所谓的招募招聘接待中心都是些小中介，并不是富士康签约指定的直招渠道人力资源公司，信誉良莠不齐，都不能保证正常的补贴和返费，请工友仔细,True,https://www.fskzpw.com/cms/show-2629.html
2629,2025-09-27,2025,direct_hire_language,正式工,员工（派遣工）。3、郑州富士康同工同酬是什么意思？同工同酬就是和富士康正式工工作一样，工资标准一样工资标准如下：底薪2100，周一到周五每天加班2,True,https://www.fskzpw.com/cms/show-2629.html
2629,2025-09-27,2025,student,学生工,学历，烟疤大面积纹身不行。目前有返费工、高价纯小时工、短期工(寒假工、学生工)招聘，现在可预约面试。12、郑州富士康防诈骗提醒富士康招聘招募报名与,True,https://www.fskzpw.com/cms/show-2629.html
2629,2025-09-27,2025,student,寒假工,初中以上学历，烟疤大面积纹身不行。目前有返费工、高价纯小时工、短期工(寒假工、学生工)招聘，现在可预约面试。12、郑州富士康防诈骗提醒富士康招聘招,True,https://www.fskzpw.com/cms/show-2629.html
2629,2025-09-27,2025,shortterm,短期工,女不限，初中以上学历，烟疤大面积纹身不行。目前有返费工、高价纯小时工、短期工(寒假工、学生工)招聘，现在可预约面试。12、郑州富士康防诈骗提醒富士,True,https://www.fskzpw.com/cms/show-2629.html
2631,2025-10-04,2025,dispatch,派遣,"3天内的面试2郑州航空港区富士康具体薪资政策如下：1、返费模式 岗位新派遣工老派遣工制造部门关键工站7,500元500元稳岗补贴8,000元50",True,https://www.fskzpw.com/cms/show-2631.html
2631,2025-10-04,2025,dispatch,同工同酬,"时模式 差价补贴至2025/11/30,自2025/12/1起，仅享有同工同酬。岗位新派遣工老派遣工制造部门关键工站26元/小时27元/小时一般工站",True,https://www.fskzpw.com/cms/show-2631.html
2631,2025-10-04,2025,direct_hire_language,直招,的县市区地方所谓的招募招聘接待中心都是些小中介，并不是富士康签约指定的直招渠道人力资源公司，信誉良莠不齐，都不能保证正常的补贴和返费，请工友仔细,True,https://www.fskzpw.com/cms/show-2631.html
2631,2025-10-04,2025,direct_hire_language,正式工,员工（派遣工）。3、郑州富士康同工同酬是什么意思？同工同酬就是和富士康正式工工作一样，工资标准一样工资标准如下：底薪2100，周一到周五每天加班2,True,https://www.fskzpw.com/cms/show-2631.html
2631,2025-10-04,2025,student,学生工,学历，烟疤大面积纹身不行。目前有返费工、高价纯小时工、短期工(寒假工、学生工)招聘，现在可预约面试。12、郑州富士康防诈骗提醒富士康招聘招募报名与,True,https://www.fskzpw.com/cms/show-2631.html
2631,2025-10-04,2025,student,寒假工,初中以上学历，烟疤大面积纹身不行。目前有返费工、高价纯小时工、短期工(寒假工、学生工)招聘，现在可预约面试。12、郑州富士康防诈骗提醒富士康招聘招,True,https://www.fskzpw.com/cms/show-2631.html
2631,2025-10-04,2025,shortterm,短期工,女不限，初中以上学历，烟疤大面积纹身不行。目前有返费工、高价纯小时工、短期工(寒假工、学生工)招聘，现在可预约面试。12、郑州富士康防诈骗提醒富士,True,https://www.fskzpw.com/cms/show-2631.html
2632,2025-10-11,2025,dispatch,派遣,的面试2郑州航空港区富士康具体薪资政策如下：1、入职奖励金模式 岗位新派遣工老派遣工制造部门关键工站5500元+300元入职奖励金6000元+3,True,https://www.fskzpw.com/cms/show-2632.html
2632,2025-10-11,2025,dispatch,同工同酬,募入职奖励金最新返费政策1、入职奖励金6300元，需提前预约报名。2、同工同酬+小时工模式，25元/时。入职奖励金返费工小时工，务必提前报名，联系客,True,https://www.fskzpw.com/cms/show-2632.html
2632,2025-10-11,2025,direct_hire_language,直招,的县市区地方所谓的招募招聘接待中心都是些小中介，并不是富士康签约指定的直招渠道人力资源公司，信誉良莠不齐，都不能保证正常的补贴和返费，请工友仔细,True,https://www.fskzpw.com/cms/show-2632.html
2632,2025-10-11,2025,direct_hire_language,正式工,员工（派遣工）。3、郑州富士康同工同酬是什么意思？同工同酬就是和富士康正式工工作一样，工资标准一样工资标准如下：底薪2100，周一到周五每天加班2,True,https://www.fskzpw.com/cms/show-2632.html
2632,2025-10-11,2025,student,学生工,学历，烟疤大面积纹身不行。目前有返费工、高价纯小时工、短期工(寒假工、学生工)招聘，现在可预约面试。12、郑州富士康防诈骗提醒富士康招聘招募报名与,True,https://www.fskzpw.com/cms/show-2632.html
2632,2025-10-11,2025,student,寒假工,初中以上学历，烟疤大面积纹身不行。目前有返费工、高价纯小时工、短期工(寒假工、学生工)招聘，现在可预约面试。12、郑州富士康防诈骗提醒富士康招聘招,True,https://www.fskzpw.com/cms/show-2632.html
2632,2025-10-11,2025,shortterm,短期工,女不限，初中以上学历，烟疤大面积纹身不行。目前有返费工、高价纯小时工、短期工(寒假工、学生工)招聘，现在可预约面试。12、郑州富士康防诈骗提醒富士,True,https://www.fskzpw.com/cms/show-2632.html
2633,2025-10-23,2025,dispatch,派遣,的面试2郑州航空港区富士康具体薪资政策如下：1、入职奖励金模式 岗位新派遣工老派遣工制造部门关键工站5500元+300元入职奖励金6000元+3,True,https://www.fskzpw.com/cms/show-2633.html
2633,2025-10-23,2025,dispatch,同工同酬,募入职奖励金最新返费政策1、入职奖励金6300元，需提前预约报名。2、同工同酬+小时工模式，25元/时。入职奖励金返费工小时工，务必提前报名，联系客,True,https://www.fskzpw.com/cms/show-2633.html
2633,2025-10-23,2025,direct_hire_language,直招,的县市区地方所谓的招募招聘接待中心都是些小中介，并不是富士康签约指定的直招渠道人力资源公司，信誉良莠不齐，都不能保证正常的补贴和返费，请工友仔细,True,https://www.fskzpw.com/cms/show-2633.html
2633,2025-10-23,2025,direct_hire_language,正式工,员工（派遣工）。3、郑州富士康同工同酬是什么意思？同工同酬就是和富士康正式工工作一样，工资标准一样工资标准如下：底薪2100，周一到周五每天加班2,True,https://www.fskzpw.com/cms/show-2633.html
2633,2025-10-23,2025,student,学生工,学历，烟疤大面积纹身不行。目前有返费工、高价纯小时工、短期工(寒假工、学生工)招聘，现在可预约面试。12、郑州富士康防诈骗提醒富士康招聘招募报名与,True,https://www.fskzpw.com/cms/show-2633.html
2633,2025-10-23,2025,student,寒假工,初中以上学历，烟疤大面积纹身不行。目前有返费工、高价纯小时工、短期工(寒假工、学生工)招聘，现在可预约面试。12、郑州富士康防诈骗提醒富士康招聘招,True,https://www.fskzpw.com/cms/show-2633.html
2633,2025-10-23,2025,shortterm,短期工,女不限，初中以上学历，烟疤大面积纹身不行。目前有返费工、高价纯小时工、短期工(寒假工、学生工)招聘，现在可预约面试。12、郑州富士康防诈骗提醒富士,True,https://www.fskzpw.com/cms/show-2633.html
2634,2025-10-25,2025,dispatch,派遣,的面试2郑州航空港区富士康具体薪资政策如下：1、入职奖励金模式 岗位新派遣工老派遣工制造部门关键工站6500元+500入职奖励金7000元+50,True,https://www.fskzpw.com/cms/show-2634.html
2634,2025-10-25,2025,dispatch,同工同酬,募入职奖励金最新返费政策1、入职奖励金7500元，需提前预约报名。2、同工同酬+小时工模式，26元/时。入职奖励金返费工小时工，务必提前报名，联系客,True,https://www.fskzpw.com/cms/show-2634.html
2634,2025-10-25,2025,direct_hire_language,直招,的县市区地方所谓的招募招聘接待中心都是些小中介，并不是富士康签约指定的直招渠道人力资源公司，信誉良莠不齐，都不能保证正常的补贴和返费，请工友仔细,True,https://www.fskzpw.com/cms/show-2634.html
2634,2025-10-25,2025,direct_hire_language,正式工,员工（派遣工）。3、郑州富士康同工同酬是什么意思？同工同酬就是和富士康正式工工作一样，工资标准一样工资标准如下：底薪2100，周一到周五每天加班2,True,https://www.fskzpw.com/cms/show-2634.html
2634,2025-10-25,2025,student,学生工,学历，烟疤大面积纹身不行。目前有返费工、高价纯小时工、短期工(寒假工、学生工)招聘，现在可预约面试。12、郑州富士康防诈骗提醒富士康招聘招募报名与,True,https://www.fskzpw.com/cms/show-2634.html
2634,2025-10-25,2025,student,寒假工,初中以上学历，烟疤大面积纹身不行。目前有返费工、高价纯小时工、短期工(寒假工、学生工)招聘，现在可预约面试。12、郑州富士康防诈骗提醒富士康招聘招,True,https://www.fskzpw.com/cms/show-2634.html
2634,2025-10-25,2025,shortterm,短期工,女不限，初中以上学历，烟疤大面积纹身不行。目前有返费工、高价纯小时工、短期工(寒假工、学生工)招聘，现在可预约面试。12、郑州富士康防诈骗提醒富士,True,https://www.fskzpw.com/cms/show-2634.html
2635,2025-10-26,2025,dispatch,派遣,的面试2郑州航空港区富士康具体薪资政策如下：1、入职奖励金模式 岗位新派遣工老派遣工制造部门关键工站6500元+500入职奖励金7000元+50,True,https://www.fskzpw.com/cms/show-2635.html
2635,2025-10-26,2025,dispatch,同工同酬,募入职奖励金最新返费政策1、入职奖励金7500元，需提前预约报名。2、同工同酬+小时工模式，26元/时。入职奖励金返费工小时工，务必提前报名，联系客,True,https://www.fskzpw.com/cms/show-2635.html
2635,2025-10-26,2025,direct_hire_language,直招,的县市区地方所谓的招募招聘接待中心都是些小中介，并不是富士康签约指定的直招渠道人力资源公司，信誉良莠不齐，都不能保证正常的补贴和返费，请工友仔细,True,https://www.fskzpw.com/cms/show-2635.html
2635,2025-10-26,2025,direct_hire_language,正式工,员工（派遣工）。3、郑州富士康同工同酬是什么意思？同工同酬就是和富士康正式工工作一样，工资标准一样工资标准如下：底薪2100，周一到周五每天加班2,True,https://www.fskzpw.com/cms/show-2635.html
2635,2025-10-26,2025,student,学生工,手腕处没有划痕，没有残疾。目前有返费工、高价纯小时工、短期工(寒假工、学生工)招聘，现在可预约面试。12、郑州富士康防诈骗提醒郑州富士康各厂区的招,True,https://www.fskzpw.com/cms/show-2635.html
2635,2025-10-26,2025,student,寒假工,要确认，手腕处没有划痕，没有残疾。目前有返费工、高价纯小时工、短期工(寒假工、学生工)招聘，现在可预约面试。12、郑州富士康防诈骗提醒郑州富士康各,True,https://www.fskzpw.com/cms/show-2635.html
2635,2025-10-26,2025,shortterm,短期工,身烟疤需要确认，手腕处没有划痕，没有残疾。目前有返费工、高价纯小时工、短期工(寒假工、学生工)招聘，现在可预约面试。12、郑州富士康防诈骗提醒郑州,True,https://www.fskzpw.com/cms/show-2635.html
1902,2025-10-26,2025,dispatch,派遣,州富士康招聘线上AI面试流程、入职进厂流程（最新）2、郑州富士康新、老派遣工定义：① 老员工(派遣工)定义：2023/1/1至今入职过A事业群(,True,https://www.fskzpw.com/cms/show-1902.html
1902,2025-10-26,2025,dispatch,同工同酬,遣工)定义：不符合上述定义的群体均视为新员工（派遣工）。3、郑州富士康同工同酬是什么意思？同工同酬就是和富士康正式工工作一样，工资标准一样工资标准如,True,https://www.fskzpw.com/cms/show-1902.html
1902,2025-10-26,2025,direct_hire_language,直招,"郑州富士康招聘面试详细地址，富士康直招中心地址,郑州富士康各个厂区直招中心 郑州富士康招聘面试地址（富士康直",True,https://www.fskzpw.com/cms/show-1902.html
1902,2025-10-26,2025,direct_hire_language,正式工,员工（派遣工）。3、郑州富士康同工同酬是什么意思？同工同酬就是和富士康正式工工作一样，工资标准一样工资标准如下：底薪2350元，加班另算，综合工资,True,https://www.fskzpw.com/cms/show-1902.html
1902,2025-10-26,2025,student,学生工,微信客服① 添加客服微信好友，申请加入返费工、小时工、短期工、寒假工、学生工微信群，快速报名。官方客服微信号： 18638548171 (fskz,True,https://www.fskzpw.com/cms/show-1902.html
1902,2025-10-26,2025,student,寒假工,. 官方微信客服① 添加客服微信好友，申请加入返费工、小时工、短期工、寒假工、学生工微信群，快速报名。官方客服微信号： 18638548171 (,True,https://www.fskzpw.com/cms/show-1902.html
1902,2025-10-26,2025,shortterm,短期工,名方式1. 官方微信客服① 添加客服微信好友，申请加入返费工、小时工、短期工、寒假工、学生工微信群，快速报名。官方客服微信号： 186385481,True,https://www.fskzpw.com/cms/show-1902.html
2636,2025-10-27,2025,dispatch,派遣,的面试2郑州航空港区富士康具体薪资政策如下：1、入职奖励金模式 岗位老派遣工新派遣工制造部门关键工站7000元+800+500入职奖励金6500,True,https://www.fskzpw.com/cms/show-2636.html
2636,2025-10-27,2025,dispatch,同工同酬,募入职奖励金最新返费政策1、入职奖励金8300元，需提前预约报名。2、同工同酬+小时工模式，27元+800元。入职奖励金返费工小时工，务必提前报名，,True,https://www.fskzpw.com/cms/show-2636.html
2636,2025-10-27,2025,direct_hire_language,直招,个工作日内发放(发放时无需在职，如遇节假日则顺延发放）补贴中包含300直招补贴和500限时补贴3新、老派遣工定义老派遣工定义：2022/1/1至,True,https://www.fskzpw.com/cms/show-2636.html
2636,2025-10-27,2025,direct_hire_language,正式工,员工（派遣工）。3、郑州富士康同工同酬是什么意思？同工同酬就是和富士康正式工工作一样，工资标准一样工资标准如下：底薪2100，周一到周五每天加班2,True,https://www.fskzpw.com/cms/show-2636.html
2636,2025-10-27,2025,student,学生工,手腕处没有划痕，没有残疾。目前有返费工、高价纯小时工、短期工(寒假工、学生工)招聘，现在可预约面试。12、郑州富士康防诈骗提醒郑州富士康各厂区的招,True,https://www.fskzpw.com/cms/show-2636.html
2636,2025-10-27,2025,student,寒假工,要确认，手腕处没有划痕，没有残疾。目前有返费工、高价纯小时工、短期工(寒假工、学生工)招聘，现在可预约面试。12、郑州富士康防诈骗提醒郑州富士康各,True,https://www.fskzpw.com/cms/show-2636.html
2636,2025-10-27,2025,shortterm,短期工,身烟疤需要确认，手腕处没有划痕，没有残疾。目前有返费工、高价纯小时工、短期工(寒假工、学生工)招聘，现在可预约面试。12、郑州富士康防诈骗提醒郑州,True,https://www.fskzpw.com/cms/show-2636.html
2637,2025-11-01,2025,dispatch,派遣,的面试2郑州航空港区富士康具体薪资政策如下：1、入职奖励金模式 岗位老派遣工新派遣工制造部门关键工站7000元+500入职奖励金6500元+50,True,https://www.fskzpw.com/cms/show-2637.html
2637,2025-11-01,2025,dispatch,同工同酬,募入职奖励金最新返费政策1、入职奖励金7500元，需提前预约报名。2、同工同酬+小时工模式，25元+500元。入职奖励金返费工小时工，务必提前报名，,True,https://www.fskzpw.com/cms/show-2637.html
2637,2025-11-01,2025,direct_hire_language,直招,的县市区地方所谓的招募招聘接待中心都是些小中介，并不是富士康签约指定的直招渠道人力资源公司，信誉良莠不齐，都不能保证正常的补贴和返费，请工友仔细,True,https://www.fskzpw.com/cms/show-2637.html
2637,2025-11-01,2025,direct_hire_language,正式工,员工（派遣工）。3、郑州富士康同工同酬是什么意思？同工同酬就是和富士康正式工工作一样，工资标准一样工资标准如下：底薪2100，周一到周五每天加班2,True,https://www.fskzpw.com/cms/show-2637.html
2637,2025-11-01,2025,student,学生工,手腕处没有划痕，没有残疾。目前有返费工、高价纯小时工、短期工(寒假工、学生工)招聘，现在可预约面试。12、郑州富士康防诈骗提醒郑州富士康各厂区的招,True,https://www.fskzpw.com/cms/show-2637.html
2637,2025-11-01,2025,student,寒假工,要确认，手腕处没有划痕，没有残疾。目前有返费工、高价纯小时工、短期工(寒假工、学生工)招聘，现在可预约面试。12、郑州富士康防诈骗提醒郑州富士康各,True,https://www.fskzpw.com/cms/show-2637.html
2637,2025-11-01,2025,shortterm,短期工,身烟疤需要确认，手腕处没有划痕，没有残疾。目前有返费工、高价纯小时工、短期工(寒假工、学生工)招聘，现在可预约面试。12、郑州富士康防诈骗提醒郑州,True,https://www.fskzpw.com/cms/show-2637.html
2638,2025-11-03,2025,dispatch,派遣,的面试2郑州航空港区富士康具体薪资政策如下：1、入职奖励金模式 岗位老派遣工新派遣工制造部门关键工站6000元+300入职奖励金5500元+30,True,https://www.fskzpw.com/cms/show-2638.html
2638,2025-11-03,2025,dispatch,同工同酬,募入职奖励金最新返费政策1、入职奖励金6300元，需提前预约报名。2、同工同酬+小时工模式，25元。入职奖励金返费工小时工，务必提前报名，联系客服协,True,https://www.fskzpw.com/cms/show-2638.html
2638,2025-11-03,2025,direct_hire_language,直招,的县市区地方所谓的招募招聘接待中心都是些小中介，并不是富士康签约指定的直招渠道人力资源公司，信誉良莠不齐，都不能保证正常的补贴和返费，请工友仔细,True,https://www.fskzpw.com/cms/show-2638.html
2638,2025-11-03,2025,direct_hire_language,正式工,员工（派遣工）。3、郑州富士康同工同酬是什么意思？同工同酬就是和富士康正式工工作一样，工资标准一样工资标准如下：底薪2100，周一到周五每天加班2,True,https://www.fskzpw.com/cms/show-2638.html
2638,2025-11-03,2025,student,学生工,手腕处没有划痕，没有残疾。目前有返费工、高价纯小时工、短期工(寒假工、学生工)招聘，现在可预约面试。12、郑州富士康防诈骗提醒郑州富士康各厂区的招,True,https://www.fskzpw.com/cms/show-2638.html
2638,2025-11-03,2025,student,寒假工,要确认，手腕处没有划痕，没有残疾。目前有返费工、高价纯小时工、短期工(寒假工、学生工)招聘，现在可预约面试。12、郑州富士康防诈骗提醒郑州富士康各,True,https://www.fskzpw.com/cms/show-2638.html
2638,2025-11-03,2025,shortterm,短期工,身烟疤需要确认，手腕处没有划痕，没有残疾。目前有返费工、高价纯小时工、短期工(寒假工、学生工)招聘，现在可预约面试。12、郑州富士康防诈骗提醒郑州,True,https://www.fskzpw.com/cms/show-2638.html
2639,2025-11-09,2025,dispatch,派遣,的面试2郑州航空港区富士康具体薪资政策如下：1、入职奖励金模式 岗位老派遣工新派遣工制造部门关键工站6000元+800入职奖励金5500元+80,True,https://www.fskzpw.com/cms/show-2639.html
2639,2025-11-09,2025,dispatch,同工同酬,募入职奖励金最新返费政策1、入职奖励金6800元，需提前预约报名。2、同工同酬+小时工模式，26元/H+300。入职奖励金返费工小时工，务必提前报名,True,https://www.fskzpw.com/cms/show-2639.html
2639,2025-11-09,2025,direct_hire_language,直招,的县市区地方所谓的招募招聘接待中心都是些小中介，并不是富士康签约指定的直招渠道人力资源公司，信誉良莠不齐，都不能保证正常的补贴和返费，请工友仔细,True,https://www.fskzpw.com/cms/show-2639.html
2639,2025-11-09,2025,direct_hire_language,正式工,员工（派遣工）。3、郑州富士康同工同酬是什么意思？同工同酬就是和富士康正式工工作一样，工资标准一样工资标准如下：底薪2100，周一到周五每天加班2,True,https://www.fskzpw.com/cms/show-2639.html
2639,2025-11-09,2025,student,学生工,手腕处没有划痕，没有残疾。目前有返费工、高价纯小时工、短期工(寒假工、学生工)招聘，现在可预约面试。12、郑州富士康防诈骗提醒郑州富士康各厂区的招,True,https://www.fskzpw.com/cms/show-2639.html
2639,2025-11-09,2025,student,寒假工,要确认，手腕处没有划痕，没有残疾。目前有返费工、高价纯小时工、短期工(寒假工、学生工)招聘，现在可预约面试。12、郑州富士康防诈骗提醒郑州富士康各,True,https://www.fskzpw.com/cms/show-2639.html
2639,2025-11-09,2025,shortterm,短期工,身烟疤需要确认，手腕处没有划痕，没有残疾。目前有返费工、高价纯小时工、短期工(寒假工、学生工)招聘，现在可预约面试。12、郑州富士康防诈骗提醒郑州,True,https://www.fskzpw.com/cms/show-2639.html
2540,2025-11-15,2025,dispatch,派遣,州富士康招聘线上AI面试流程、入职进厂流程（最新）2、郑州富士康新、老派遣工定义：① 老员工(派遣工)定义：2023/1/1至今入职过A事业群(,True,https://www.fskzpw.com/cms/show-2540.html
2540,2025-11-15,2025,dispatch,同工同酬,各种福利待遇一应俱全，在郑州富士康过大年，赚大钱两不误。短期工最高价：同工同酬+7800元。（年龄18-50周岁）寒假工最高价：同工同酬+7800元,True,https://www.fskzpw.com/cms/show-2540.html
2540,2025-11-15,2025,direct_hire_language,直招,0天以上，额外发放返费最高8000元（区分新老员工&部门）+ 300元直招补贴；额外返费具体如下：郑州富士康招聘：《制造部门-关键工站》新员工:,True,https://www.fskzpw.com/cms/show-2540.html
2540,2025-11-15,2025,direct_hire_language,正式工,员工（派遣工）。3、郑州富士康同工同酬是什么意思？同工同酬就是和富士康正式工工作一样，工资标准一样工资标准如下：底薪2350元，加班另算，综合工资,True,https://www.fskzpw.com/cms/show-2540.html
2540,2025-11-15,2025,student,学生工,50周岁）郑州港区富士康A事业群具体薪资政策如下：一、短期工(寒假工，学生工)（年龄18-50周岁）1️、薪资待遇：短期工工资：同工同酬 + 额外,True,https://www.fskzpw.com/cms/show-2540.html
2540,2025-11-15,2025,student,寒假工,史上最贵寒假工，郑州富士康短期寒假工继续高价补贴7800元，一个月收入近7000元，,True,https://www.fskzpw.com/cms/show-2540.html
2540,2025-11-15,2025,shortterm,短期工,元的留守补贴，各种福利待遇一应俱全，在郑州富士康过大年，赚大钱两不误。短期工最高价：同工同酬+7800元。（年龄18-50周岁）寒假工最高价：同工,True,https://www.fskzpw.com/cms/show-2540.html
2247,2026-01-04,2026,dispatch,派遣,州富士康招聘线上AI面试流程、入职进厂流程（最新）2、郑州富士康新、老派遣工定义：① 老员工(派遣工)定义：2023/1/1至今入职过A事业群(,True,https://www.fskzpw.com/cms/show-2247.html
2247,2026-01-04,2026,dispatch,同工同酬,遣工)定义：不符合上述定义的群体均视为新员工（派遣工）。3、郑州富士康同工同酬是什么意思？同工同酬就是和富士康正式工工作一样，工资标准一样工资标准如,True,https://www.fskzpw.com/cms/show-2247.html
2247,2026-01-04,2026,direct_hire_language,直招,的县市区地方所谓的招募招聘接待中心都是些小中介，并不是富士康签约指定的直招渠道人力资源公司，信誉良莠不齐，都不能保证正常的补贴和返费，请工友仔细,True,https://www.fskzpw.com/cms/show-2247.html
2247,2026-01-04,2026,direct_hire_language,正式工,员工（派遣工）。3、郑州富士康同工同酬是什么意思？同工同酬就是和富士康正式工工作一样，工资标准一样工资标准如下：底薪2350元，加班另算，综合工资,True,https://www.fskzpw.com/cms/show-2247.html
2247,2026-01-04,2026,student,学生工,手腕处没有划痕，没有残疾。目前有返费工、高价纯小时工、短期工(寒假工、学生工)招聘，现在可预约面试。11、郑州富士康防诈骗提醒郑州富士康各厂区的招,True,https://www.fskzpw.com/cms/show-2247.html
2247,2026-01-04,2026,student,寒假工,要确认，手腕处没有划痕，没有残疾。目前有返费工、高价纯小时工、短期工(寒假工、学生工)招聘，现在可预约面试。11、郑州富士康防诈骗提醒郑州富士康各,True,https://www.fskzpw.com/cms/show-2247.html
2247,2026-01-04,2026,shortterm,短期工,身烟疤需要确认，手腕处没有划痕，没有残疾。目前有返费工、高价纯小时工、短期工(寒假工、学生工)招聘，现在可预约面试。11、郑州富士康防诈骗提醒郑州,True,https://www.fskzpw.com/cms/show-2247.html
2405,2026-01-27,2026,dispatch,派遣,内的面试2郑州航空港区富士康具体薪资政策如下：一次性稳岗奖金模式岗位老派遣工新派遣工制造部门关键工站6500元+500一次性稳岗奖金6000元+,True,https://www.fskzpw.com/cms/show-2405.html
2405,2026-01-27,2026,dispatch,同工同酬,短期工学生工寒假工，（返费工）一次性稳岗奖金高达6800元，（小时工）同工同酬+分期稳岗奖金26元/H+1200元（实时更新） 大家好，这里是郑州富,True,https://www.fskzpw.com/cms/show-2405.html
2405,2026-01-27,2026,direct_hire_language,直招,，仅享有同工同酬（详细发放条件以入职签约文件为准）。小时工价中包含一元直招补贴。满期津贴发放条件：需满足招募政策对应最后一笔分期稳岗奖金发放条件,True,https://www.fskzpw.com/cms/show-2405.html
2405,2026-01-27,2026,direct_hire_language,正式工,员工（派遣工）。3、郑州富士康同工同酬是什么意思？同工同酬就是和富士康正式工工作一样，工资标准一样工资标准如下：底薪2350元，加班另算，综合工资,True,https://www.fskzpw.com/cms/show-2405.html
2405,2026-01-27,2026,student,学生工,今日工价发布！2026年短期工学生工寒假工，（返费工）一次性稳岗奖金高达6800元，（小时工）同工同酬+分,True,https://www.fskzpw.com/cms/show-2405.html
2405,2026-01-27,2026,student,寒假工,今日工价发布！2026年短期工学生工寒假工，（返费工）一次性稳岗奖金高达6800元，（小时工）同工同酬+分期稳岗,True,https://www.fskzpw.com/cms/show-2405.html
2405,2026-01-27,2026,shortterm,短期工,今日工价发布！2026年短期工学生工寒假工，（返费工）一次性稳岗奖金高达6800元，（小时工）同工同,True,https://www.fskzpw.com/cms/show-2405.html
1858,2026-01-31,2026,dispatch,派遣,工)⑴一次性稳岗奖金稳岗奖金享有期间，稳岗奖金发放办法如下：部门岗位老派遣工新派遣工制造部门关键工站7500元+300奖金7000元+300奖金,True,https://www.fskzpw.com/cms/show-1858.html
1858,2026-01-31,2026,dispatch,同工同酬,天《员工入职奖励金/补贴确认书》为准（新老员工定义见文末）⑵发放标准①同工同酬发放说明：返费工平时工资为同工同酬（文末有同工同酬说明），即底薪235,True,https://www.fskzpw.com/cms/show-1858.html
1858,2026-01-31,2026,direct_hire_language,直招,工资薪资待遇 大家好，欢迎访问【郑州富士康招聘网】—郑州富士康招聘招工直招渠道报名平台。郑州富士康A事业群最新政策汇总：返费工最高7800元小时,True,https://www.fskzpw.com/cms/show-1858.html
1858,2026-01-31,2026,direct_hire_language,正式工,员工（派遣工）。3、郑州富士康同工同酬是什么意思？同工同酬就是和富士康正式工工作一样，工资标准一样工资标准如下：底薪2350元，加班另算，综合工资,True,https://www.fskzpw.com/cms/show-1858.html
2646,2026-01-31,2026,dispatch,派遣,：1️⃣薪资待遇：a.额外返费（即一次性稳岗奖金）发放标准：部门类型新派遣工老派遣工制造关键工站7000元 + 1300元直招补贴7500元 +,True,https://www.fskzpw.com/cms/show-2646.html
2646,2026-01-31,2026,dispatch,同工同酬,记录1郑州富士康A事业群招聘模式说明：1、短期工、寒假工、学生工模式：同工同酬+400奖金。（点击进入查看具体招聘方案）2、一次性稳岗奖金模式：75,True,https://www.fskzpw.com/cms/show-2646.html
2646,2026-01-31,2026,direct_hire_language,直招,放标准：部门类型新派遣工老派遣工制造关键工站7000元 + 1300元直招补贴7500元 + 1300元直招补贴制造一般工站6500元 + 13,True,https://www.fskzpw.com/cms/show-2646.html
2646,2026-01-31,2026,direct_hire_language,正式工,员工（派遣工）。3、郑州富士康同工同酬是什么意思？同工同酬就是和富士康正式工工作一样，工资标准一样工资标准如下：底薪2350元，加班另算，综合工资,True,https://www.fskzpw.com/cms/show-2646.html
2646,2026-01-31,2026,student,学生工,聘网官网郑州富士康最新招聘来袭！年前最后一波高薪岗位，短期工、寒假工、学生工火热招募！短期工、寒假工、学生工年前最后一波招聘，入职请抓紧。所有模式,True,https://www.fskzpw.com/cms/show-2646.html
2646,2026-01-31,2026,student,寒假工,富士康招聘网官网郑州富士康最新招聘来袭！年前最后一波高薪岗位，短期工、寒假工、学生工火热招募！短期工、寒假工、学生工年前最后一波招聘，入职请抓紧。,True,https://www.fskzpw.com/cms/show-2646.html
2646,2026-01-31,2026,shortterm,短期工,年前工资暴涨！郑州富士康短期工、返费工8800小时工28/H+1300最后一波 大家好，这里是郑州富,True,https://www.fskzpw.com/cms/show-2646.html
2648,2026-02-05,2026,dispatch,派遣,同工同酬+分期稳岗奖金综合收入折合总价如下：【制造部门－关键工站】 新派遣工:27元/H+1000春节留守奖金+300直招补贴 老派遣工:28元,True,https://www.fskzpw.com/cms/show-2648.html
2648,2026-02-05,2026,dispatch,同工同酬,记录1郑州富士康A事业群招聘模式说明：1、短期工、寒假工、学生工模式：同工同酬+1300奖金。（点击进入查看具体招聘方案）2、一次性稳岗奖金模式：7,True,https://www.fskzpw.com/cms/show-2648.html
2648,2026-02-05,2026,direct_hire_language,直招,造部门－关键工站】 新派遣工:27元/H+1000春节留守奖金+300直招补贴 老派遣工:28元/H+1000春节留守奖金+300直招补贴【制造,True,https://www.fskzpw.com/cms/show-2648.html
2648,2026-02-05,2026,direct_hire_language,正式工,员工（派遣工）。3、郑州富士康同工同酬是什么意思？同工同酬就是和富士康正式工工作一样，工资标准一样工资标准如下：底薪2350元，加班另算，综合工资,True,https://www.fskzpw.com/cms/show-2648.html
2648,2026-02-05,2026,student,学生工,聘网官网郑州富士康最新招聘来袭！年前最后一波高薪岗位，短期工、寒假工、学生工火热招募！短期工、寒假工、学生工年前最后一波招聘，入职请抓紧。最后三天,True,https://www.fskzpw.com/cms/show-2648.html
2648,2026-02-05,2026,student,寒假工,富士康招聘网官网郑州富士康最新招聘来袭！年前最后一波高薪岗位，短期工、寒假工、学生工火热招募！短期工、寒假工、学生工年前最后一波招聘，入职请抓紧。,True,https://www.fskzpw.com/cms/show-2648.html
2648,2026-02-05,2026,shortterm,短期工,里是郑州富士康招聘网官网郑州富士康最新招聘来袭！年前最后一波高薪岗位，短期工、寒假工、学生工火热招募！短期工、寒假工、学生工年前最后一波招聘，入职,True,https://www.fskzpw.com/cms/show-2648.html
2640,2026-02-05,2026,dispatch,派遣,同工同酬+分期稳岗奖金综合收入折合总价如下：【制造部门－关键工站】 新派遣工:27元/H+1000春节留守奖金+300直招补贴 老派遣工:28元,True,https://www.fskzpw.com/cms/show-2640.html
2640,2026-02-05,2026,dispatch,同工同酬,报名，机不可失，失不再来。短期工模式工期不超过3个月，在职期间工资由『同工同酬+补贴』构成： 1、薪资待遇：一、 同工同酬+分期稳岗奖金（短期）分期,True,https://www.fskzpw.com/cms/show-2640.html
2640,2026-02-05,2026,direct_hire_language,直招,造部门－关键工站】 新派遣工:27元/H+1000春节留守奖金+300直招补贴 老派遣工:28元/H+1000春节留守奖金+300直招补贴【制造,True,https://www.fskzpw.com/cms/show-2640.html
2640,2026-02-05,2026,direct_hire_language,正式工,员工（派遣工）。3、郑州富士康同工同酬是什么意思？同工同酬就是和富士康正式工工作一样，工资标准一样工资标准如下：底薪2350元，加班另算，综合工资,True,https://www.fskzpw.com/cms/show-2640.html
2640,2026-02-05,2026,student,学生工,2026年郑州富士康招聘招募短期工、寒假工、学生工具体政策发布（实时更新） 2026年郑州富士康招聘招募短期工、寒假工、,True,https://www.fskzpw.com/cms/show-2640.html
2640,2026-02-05,2026,student,寒假工,2026年郑州富士康招聘招募短期工、寒假工、学生工具体政策发布（实时更新） 2026年郑州富士康招聘招募短期工、,True,https://www.fskzpw.com/cms/show-2640.html
2640,2026-02-05,2026,shortterm,短期工,2026年郑州富士康招聘招募短期工、寒假工、学生工具体政策发布（实时更新） 2026年郑州富士康招聘招募,True,https://www.fskzpw.com/cms/show-2640.html
2649,2026-02-05,2026,dispatch,派遣,供透明的薪资分级：【制造部门 - 关键工站】： 这是收入最高的岗位。老派遣工（2023年至今入职过且满30天者）时薪直达 28元；新派遣工时薪,True,https://www.fskzpw.com/cms/show-2649.html
2649,2026-02-05,2026,dispatch,同工同酬,遣工)定义：不符合上述定义的群体均视为新员工（派遣工）。3、郑州富士康同工同酬是什么意思？同工同酬就是和富士康正式工工作一样，工资标准一样工资标准如,True,https://www.fskzpw.com/cms/show-2649.html
2649,2026-02-05,2026,direct_hire_language,直招,，在同行业中极具竞争力。稳岗双重补贴：1000元留守奖金 + 300元直招补贴。只要2月28日在职即可锁定，发放条件极其宽松，哪怕3月份你选择离,True,https://www.fskzpw.com/cms/show-2649.html
2649,2026-02-05,2026,direct_hire_language,正式工,员工（派遣工）。3、郑州富士康同工同酬是什么意思？同工同酬就是和富士康正式工工作一样，工资标准一样工资标准如下：底薪2350元，加班另算，综合工资,True,https://www.fskzpw.com/cms/show-2649.html
2650,2026-02-09,2026,dispatch,派遣,性稳岗奖金稳岗奖金享有期间，综合收入及稳岗奖金发放办法如下：部门岗位老派遣工新派遣工制造部门关键工站7500元1200奖金1000春节留守奖金7,True,https://www.fskzpw.com/cms/show-2650.html
2650,2026-02-09,2026,dispatch,同工同酬,/H+1200补贴+1000春节留守奖金工资构成说明:小时工工资 = 同工同酬薪资 + 分期稳岗奖金（小时差价补贴）二、各岗位薪资政策标准：模式一：,True,https://www.fskzpw.com/cms/show-2650.html
2650,2026-02-09,2026,direct_hire_language,直招,",500元1200奖金1000春节留守奖金非制造部门6500元1200直招补贴1000春节留守奖金6,000元1200直招补贴1000春节留守奖",True,https://www.fskzpw.com/cms/show-2650.html
2650,2026-02-09,2026,direct_hire_language,正式工,员工（派遣工）。3、郑州富士康同工同酬是什么意思？同工同酬就是和富士康正式工工作一样，工资标准一样工资标准如下：底薪2350元，加班另算，综合工资,True,https://www.fskzpw.com/cms/show-2650.html
2651,2026-02-18,2026,dispatch,派遣,性稳岗奖金稳岗奖金享有期间，综合收入及稳岗奖金发放办法如下：部门岗位老派遣工新派遣工制造部门关键工站7500元500奖金7000元500奖金一般,True,https://www.fskzpw.com/cms/show-2651.html
2651,2026-02-18,2026,dispatch,同工同酬,小时工最高27元/H+1000元满期津贴工资构成说明:小时工工资 = 同工同酬薪资 + 分期稳岗奖金（小时差价补贴）二、各岗位薪资政策标准：模式一：,True,https://www.fskzpw.com/cms/show-2651.html
2651,2026-02-18,2026,direct_hire_language,直招,，加客服确认 大家好，欢迎访问【郑州富士康招聘网】—郑州富士康招聘招工直招渠道报名平台。郑州富士康A事业群最新政策汇总：返费工最高8000元小时,True,https://www.fskzpw.com/cms/show-2651.html
2651,2026-02-18,2026,direct_hire_language,正式工,员工（派遣工）。3、郑州富士康同工同酬是什么意思？同工同酬就是和富士康正式工工作一样，工资标准一样工资标准如下：底薪2350元，加班另算，综合工资,True,https://www.fskzpw.com/cms/show-2651.html
2652,2026-02-22,2026,dispatch,派遣,工)⑴一次性稳岗奖金稳岗奖金享有期间，稳岗奖金发放办法如下：部门岗位老派遣工新派遣工制造部门关键工站7500元+300奖金7000元+300奖金,True,https://www.fskzpw.com/cms/show-2652.html
2652,2026-02-22,2026,dispatch,同工同酬,天《员工入职奖励金/补贴确认书》为准（新老员工定义见文末）⑵发放标准①同工同酬发放说明：返费工平时工资为同工同酬（文末有同工同酬说明），即底薪235,True,https://www.fskzpw.com/cms/show-2652.html
2652,2026-02-22,2026,direct_hire_language,直招,工，继续大量高价招募 欢迎来到【郑州富士康招聘网】—郑州富士康招聘招工直招渠道报名平台。郑州富士康A事业群最新政策汇总：返费工最高7800元小时,True,https://www.fskzpw.com/cms/show-2652.html
2652,2026-02-22,2026,direct_hire_language,正式工,员工（派遣工）。3、郑州富士康同工同酬是什么意思？同工同酬就是和富士康正式工工作一样，工资标准一样工资标准如下：底薪2350元，加班另算，综合工资,True,https://www.fskzpw.com/cms/show-2652.html
1900,2026-02-22,2026,dispatch,派遣,工)⑴一次性稳岗奖金稳岗奖金享有期间，稳岗奖金发放办法如下：部门岗位老派遣工新派遣工制造部门关键工站7500元+300奖金7000元+300奖金,True,https://www.fskzpw.com/cms/show-1900.html
1900,2026-02-22,2026,dispatch,同工同酬,天《员工入职奖励金/补贴确认书》为准（新老员工定义见文末）⑵发放标准①同工同酬发放说明：返费工平时工资为同工同酬（文末有同工同酬说明），即底薪235,True,https://www.fskzpw.com/cms/show-1900.html
1900,2026-02-22,2026,direct_hire_language,直招,（实时更新） 大家好，欢迎访问【郑州富士康招聘网】—郑州富士康招聘招工直招渠道报名平台。郑州富士康A事业群最新政策汇总：返费工最高7800元小时,True,https://www.fskzpw.com/cms/show-1900.html
1900,2026-02-22,2026,direct_hire_language,正式工,员工（派遣工）。3、郑州富士康同工同酬是什么意思？同工同酬就是和富士康正式工工作一样，工资标准一样工资标准如下：底薪2350元，加班另算，综合工资,True,https://www.fskzpw.com/cms/show-1900.html
1548,2026-02-22,2026,dispatch,派遣,州富士康招聘线上AI面试流程、入职进厂流程（最新）2、郑州富士康新、老派遣工定义：① 老员工(派遣工)定义：2023/1/1至今入职过A事业群(,True,https://www.fskzpw.com/cms/show-1548.html
1548,2026-02-22,2026,dispatch,同工同酬,遣工)定义：不符合上述定义的群体均视为新员工（派遣工）。3、郑州富士康同工同酬是什么意思？同工同酬就是和富士康正式工工作一样，工资标准一样工资标准如,True,https://www.fskzpw.com/cms/show-1548.html
1548,2026-02-22,2026,direct_hire_language,直招,的县市区地方所谓的招募招聘接待中心都是些小中介，并不是富士康签约指定的直招渠道人力资源公司，信誉良莠不齐，都不能保证正常的补贴和返费，请工友仔细,True,https://www.fskzpw.com/cms/show-1548.html
1548,2026-02-22,2026,direct_hire_language,正式工,员工（派遣工）。3、郑州富士康同工同酬是什么意思？同工同酬就是和富士康正式工工作一样，工资标准一样工资标准如下：底薪2350元，加班另算，综合工资,True,https://www.fskzpw.com/cms/show-1548.html
1369,2026-02-23,2026,dispatch,派遣,工)⑴一次性稳岗奖金稳岗奖金享有期间，稳岗奖金发放办法如下：部门岗位老派遣工新派遣工制造部门关 键工站6000元+100奖金5500元+100奖,True,https://www.fskzpw.com/cms/show-1369.html
1369,2026-02-23,2026,dispatch,同工同酬,补贴确认书》为准（新老员工的界定标准详见文末说明）。一、发放标准1. 同工同酬发放说明：返费工的日常薪资按照同工同酬标准计发（同工同酬具体规定详见文,True,https://www.fskzpw.com/cms/show-1369.html
1369,2026-02-23,2026,direct_hire_language,直招,士康港区A事业群最新政策汇总：返费工最高6100元小时工最高27元小时直招补贴入职温馨提示：① 计划入职的求职者，请提前3天完成预约报名手续，未,True,https://www.fskzpw.com/cms/show-1369.html
1369,2026-02-23,2026,direct_hire_language,正式工,员工（派遣工）。3、郑州富士康同工同酬是什么意思？同工同酬就是和富士康正式工工作一样，工资标准一样工资标准如下：底薪2350元，加班另算，综合工资,True,https://www.fskzpw.com/cms/show-1369.html
2653,2026-02-28,2026,dispatch,派遣,工)⑴一次性稳岗奖金稳岗奖金享有期间，稳岗奖金发放办法如下：部门岗位老派遣工新派遣工制造部门关键工站6000元+100奖金5500元+100奖金,True,https://www.fskzpw.com/cms/show-2653.html
2653,2026-02-28,2026,dispatch,同工同酬,天《员工入职奖励金/补贴确认书》为准（新老员工定义见文末）⑵发放标准①同工同酬发放说明：返费工平时工资为同工同酬（文末有同工同酬说明），即底薪235,True,https://www.fskzpw.com/cms/show-2653.html
2653,2026-02-28,2026,direct_hire_language,直招,的在调整，珍惜机会吧 欢迎来到【郑州富士康招聘网】—郑州富士康招聘招工直招渠道报名平台。郑州富士康招募名额越来越紧张，返费工小时工的价格不断的在,True,https://www.fskzpw.com/cms/show-2653.html
2653,2026-02-28,2026,direct_hire_language,正式工,员工（派遣工）。3、郑州富士康同工同酬是什么意思？同工同酬就是和富士康正式工工作一样，工资标准一样工资标准如下：底薪2350元，加班另算，综合工资,True,https://www.fskzpw.com/cms/show-2653.html
2654,2026-03-02,2026,dispatch,派遣,工)⑴一次性稳岗奖金稳岗奖金享有期间，稳岗奖金发放办法如下：部门岗位老派遣工新派遣工制造部门关键工站6000元+100奖金5500元+100奖金,True,https://www.fskzpw.com/cms/show-2654.html
2654,2026-03-02,2026,dispatch,同工同酬,天《员工入职奖励金/补贴确认书》为准（新老员工定义见文末）⑵发放标准①同工同酬发放说明：返费工平时工资为同工同酬（文末有同工同酬说明），即底薪235,True,https://www.fskzpw.com/cms/show-2654.html
2654,2026-03-02,2026,direct_hire_language,直招,，提前报名可快速入职 欢迎来到【郑州富士康招聘网】—郑州富士康招聘招工直招渠道报名平台。郑州富士康招募名额越来越紧张，返费工小时工的价格不断的在,True,https://www.fskzpw.com/cms/show-2654.html
2654,2026-03-02,2026,direct_hire_language,正式工,员工（派遣工）。3、郑州富士康同工同酬是什么意思？同工同酬就是和富士康正式工工作一样，工资标准一样工资标准如下：底薪2350元，加班另算，综合工资,True,https://www.fskzpw.com/cms/show-2654.html
2655,2026-03-09,2026,dispatch,派遣,工)⑴一次性稳岗奖金稳岗奖金享有期间，稳岗奖金发放办法如下：部门岗位老派遣工新派遣工制造部门关键工站5500元+100奖金5000元+100奖金,True,https://www.fskzpw.com/cms/show-2655.html
2655,2026-03-09,2026,dispatch,同工同酬,天《员工入职奖励金/补贴确认书》为准（新老员工定义见文末）⑵发放标准①同工同酬发放说明：返费工平时工资为同工同酬（文末有同工同酬说明），即底薪235,True,https://www.fskzpw.com/cms/show-2655.html
2655,2026-03-09,2026,direct_hire_language,直招,和原来一样，没有变化 欢迎来到【郑州富士康招聘网】—郑州富士康招聘招工直招渠道报名平台。郑州富士康招募名额越来越紧张，返费工小时工的价格不断的在,True,https://www.fskzpw.com/cms/show-2655.html
2655,2026-03-09,2026,direct_hire_language,正式工,员工（派遣工）。3、郑州富士康同工同酬是什么意思？同工同酬就是和富士康正式工工作一样，工资标准一样工资标准如下：底薪2350元，加班另算，综合工资,True,https://www.fskzpw.com/cms/show-2655.html
2656,2026-03-12,2026,dispatch,派遣,工)⑴一次性稳岗奖金稳岗奖金享有期间，稳岗奖金发放办法如下：部门岗位老派遣工新派遣工制造部门关键工站5000元+100奖金4500元+100奖金,True,https://www.fskzpw.com/cms/show-2656.html
2656,2026-03-12,2026,dispatch,同工同酬,补贴确认书》为准（新老员工的界定标准详见文末说明）。一、发放标准1. 同工同酬发放说明：返费工的日常薪资按照同工同酬标准计发（同工同酬具体规定详见文,True,https://www.fskzpw.com/cms/show-2656.html
2656,2026-03-12,2026,direct_hire_language,直招,息，新老员工价格不同，吃住、报名流利便捷，详情全解析 【郑州富士康官方直招专属通道】全程无中介介入、不收取任何费用，港区A事业群2026年度最新,True,https://www.fskzpw.com/cms/show-2656.html
2656,2026-03-12,2026,direct_hire_language,官方直招,工信息，新老员工价格不同，吃住、报名流利便捷，详情全解析 【郑州富士康官方直招专属通道】全程无中介介入、不收取任何费用，港区A事业群2026年度最新,True,https://www.fskzpw.com/cms/show-2656.html
2656,2026-03-12,2026,direct_hire_language,正式工,员工（派遣工）。3、郑州富士康同工同酬是什么意思？同工同酬就是和富士康正式工工作一样，工资标准一样工资标准如下：底薪2350元，加班另算，综合工资,True,https://www.fskzpw.com/cms/show-2656.html
2656,2026-03-12,2026,direct_hire_language,无中介,同，吃住、报名流利便捷，详情全解析 【郑州富士康官方直招专属通道】全程无中介介入、不收取任何费用，港区A事业群2026年度最新招聘正式开启，热度持,True,https://www.fskzpw.com/cms/show-2656.html
2657,2026-03-16,2026,dispatch,派遣,工)⑴一次性稳岗奖金稳岗奖金享有期间，稳岗奖金发放办法如下：部门岗位老派遣工新派遣工制造部门关键工站4000元+100奖金3500元+100奖金,True,https://www.fskzpw.com/cms/show-2657.html
2657,2026-03-16,2026,dispatch,同工同酬,补贴确认书》为准（新老员工的界定标准详见文末说明）。一、发放标准1. 同工同酬发放说明：返费工的日常薪资按照同工同酬标准计发（同工同酬具体规定详见文,True,https://www.fskzpw.com/cms/show-2657.html
2657,2026-03-16,2026,direct_hire_language,直招,总价如下：部门岗位老派遣工新派遣工制造部门关键工站23元/H+0.5元直招补贴22元/H+0.5元直招补贴一般工站22元/H+0.5元直招补贴2,True,https://www.fskzpw.com/cms/show-2657.html
2657,2026-03-16,2026,direct_hire_language,正式工,员工（派遣工）。3、郑州富士康同工同酬是什么意思？同工同酬就是和富士康正式工工作一样，工资标准一样工资标准如下：底薪2350元，加班另算，综合工资,True,https://www.fskzpw.com/cms/show-2657.html
2661,2026-03-29,2026,dispatch,派遣,工)⑴一次性稳岗奖金稳岗奖金享有期间，稳岗奖金发放办法如下：部门岗位老派遣工新派遣工制造部门关键工站4000元+100奖金3500元+100奖金,True,https://www.fskzpw.com/cms/show-2661.html
2661,2026-03-29,2026,dispatch,同工同酬,补贴确认书》为准（新老员工的界定标准详见文末说明）。一、发放标准1. 同工同酬发放说明：返费工的日常薪资按照同工同酬标准计发（同工同酬具体规定详见文,True,https://www.fskzpw.com/cms/show-2661.html
2661,2026-03-29,2026,direct_hire_language,直招,总价如下：部门岗位老派遣工新派遣工制造部门关键工站23元/H+0.5元直招补贴22元/H+0.5元直招补贴一般工站22元/H+0.5元直招补贴2,True,https://www.fskzpw.com/cms/show-2661.html
2661,2026-03-29,2026,direct_hire_language,正式工,员工（派遣工）。3、郑州富士康同工同酬是什么意思？同工同酬就是和富士康正式工工作一样，工资标准一样工资标准如下：底薪2350元，加班另算，综合工资,True,https://www.fskzpw.com/cms/show-2661.html
2665,2026-04-03,2026,dispatch,派遣,工)⑴一次性稳岗奖金稳岗奖金享有期间，稳岗奖金发放办法如下：部门岗位老派遣工新派遣工制造部门关键工站4000元+100奖金3500元+100奖金,True,https://www.fskzpw.com/cms/show-2665.html
2665,2026-04-03,2026,dispatch,同工同酬,补贴确认书》为准（新老员工的界定标准详见文末说明）。一、发放标准1. 同工同酬发放说明：返费工的日常薪资按照同工同酬标准计发（同工同酬具体规定详见文,True,https://www.fskzpw.com/cms/show-2665.html
2665,2026-04-03,2026,direct_hire_language,直招,总价如下：部门岗位老派遣工新派遣工制造部门关键工站23元/H+0.5元直招补贴22元/H+0.5元直招补贴一般工站22元/H+0.5元直招补贴2,True,https://www.fskzpw.com/cms/show-2665.html
2665,2026-04-03,2026,direct_hire_language,正式工,员工（派遣工）。3、郑州富士康同工同酬是什么意思？同工同酬就是和富士康正式工工作一样，工资标准一样工资标准如下：底薪2350元，加班另算，综合工资,True,https://www.fskzpw.com/cms/show-2665.html
2666,2026-05-06,2026,dispatch,派遣,工)⑴一次性稳岗奖金稳岗奖金享有期间，稳岗奖金发放办法如下：部门岗位老派遣工新派遣工制造部门关键工站5000元+100奖金4500元+100奖金,True,https://www.fskzpw.com/cms/show-2666.html
2666,2026-05-06,2026,dispatch,同工同酬,补贴确认书》为准（新老员工的界定标准详见文末说明）。一、发放标准1. 同工同酬发放说明：返费工的日常薪资按照同工同酬标准计发（同工同酬具体规定详见文,True,https://www.fskzpw.com/cms/show-2666.html
2666,2026-05-06,2026,direct_hire_language,直招,总价如下：部门岗位老派遣工新派遣工制造部门关键工站23元/H+0.5元直招补贴22元/H+0.5元直招补贴一般工站22元/H+0.5元直招补贴2,True,https://www.fskzpw.com/cms/show-2666.html
2666,2026-05-06,2026,direct_hire_language,正式工,员工（派遣工）。3、郑州富士康同工同酬是什么意思？同工同酬就是和富士康正式工工作一样，工资标准一样工资标准如下：底薪2350元，加班另算，综合工资,True,https://www.fskzpw.com/cms/show-2666.html
2667,2026-05-17,2026,dispatch,派遣,工)⑴一次性稳岗奖金稳岗奖金享有期间，稳岗奖金发放办法如下：部门岗位老派遣工新派遣工制造部门关 键工站6000元+100奖金5500元+100奖,True,https://www.fskzpw.com/cms/show-2667.html
2667,2026-05-17,2026,dispatch,同工同酬,补贴确认书》为准（新老员工的界定标准详见文末说明）。一、发放标准1. 同工同酬发放说明：返费工的日常薪资按照同工同酬标准计发（同工同酬具体规定详见文,True,https://www.fskzpw.com/cms/show-2667.html
2667,2026-05-17,2026,direct_hire_language,直招,的县市区地方所谓的招募招聘接待中心都是些小中介，并不是富士康签约指定的直招渠道人力资源公司，信誉良莠不齐，都不能保证正常的补贴和返费，请工友仔细,True,https://www.fskzpw.com/cms/show-2667.html
2667,2026-05-17,2026,direct_hire_language,正式工,员工（派遣工）。3、郑州富士康同工同酬是什么意思？同工同酬就是和富士康正式工工作一样，工资标准一样工资标准如下：底薪2350元，加班另算，综合工资,True,https://www.fskzpw.com/cms/show-2667.html
2668,2026-05-18,2026,dispatch,派遣,工)⑴一次性稳岗奖金稳岗奖金享有期间，稳岗奖金发放办法如下：部门岗位老派遣工新派遣工制造部门关 键工站6000元+300奖金5500元+300奖,True,https://www.fskzpw.com/cms/show-2668.html
2668,2026-05-18,2026,dispatch,同工同酬,补贴确认书》为准（新老员工的界定标准详见文末说明）。一、发放标准1. 同工同酬发放说明：返费工的日常薪资按照同工同酬标准计发（同工同酬具体规定详见文,True,https://www.fskzpw.com/cms/show-2668.html
2668,2026-05-18,2026,direct_hire_language,直招,工，在名单公示后的3个工作日内，即可领取该笔2元/小时的额外补贴。2元直招补贴随差价发放，路费补贴打卡32天出名单发放。三、满期津贴发放标准①,True,https://www.fskzpw.com/cms/show-2668.html
2668,2026-05-18,2026,direct_hire_language,正式工,员工（派遣工）。3、郑州富士康同工同酬是什么意思？同工同酬就是和富士康正式工工作一样，工资标准一样工资标准如下：底薪2350元，加班另算，综合工资,True,https://www.fskzpw.com/cms/show-2668.html
2669,2026-05-26,2026,dispatch,派遣,工)⑴一次性稳岗奖金稳岗奖金享有期间，稳岗奖金发放办法如下：部门岗位老派遣工新派遣工制造部门关 键工站5000元+100奖金4500元+100奖,True,https://www.fskzpw.com/cms/show-2669.html
2669,2026-05-26,2026,dispatch,同工同酬,补贴确认书》为准（新老员工的界定标准详见文末说明）。一、发放标准1. 同工同酬发放说明：返费工的日常薪资按照同工同酬标准计发（同工同酬具体规定详见文,True,https://www.fskzpw.com/cms/show-2669.html
2669,2026-05-26,2026,direct_hire_language,直招,A事业群最新政策汇总：返费工最高5100元小时工最高26元/H +1元直招补贴入职温馨提示：① 计划入职的求职者，请提前3天完成预约报名手续，未,True,https://www.fskzpw.com/cms/show-2669.html
2669,2026-05-26,2026,direct_hire_language,正式工,员工（派遣工）。3、郑州富士康同工同酬是什么意思？同工同酬就是和富士康正式工工作一样，工资标准一样工资标准如下：底薪2350元，加班另算，综合工资,True,https://www.fskzpw.com/cms/show-2669.html
2670,2026-06-25,2026,dispatch,派遣,工)⑴一次性稳岗奖金稳岗奖金享有期间，稳岗奖金发放办法如下：部门岗位老派遣工新派遣工制造部门关 键工站6000元+100奖金5500元+100奖,True,https://www.fskzpw.com/cms/show-2670.html
2670,2026-06-25,2026,dispatch,同工同酬,补贴确认书》为准（新老员工的界定标准详见文末说明）。一、发放标准1. 同工同酬发放说明：返费工的日常薪资按照同工同酬标准计发（同工同酬具体规定详见文,True,https://www.fskzpw.com/cms/show-2670.html
2670,2026-06-25,2026,direct_hire_language,直招,的县市区地方所谓的招募招聘接待中心都是些小中介，并不是富士康签约指定的直招渠道人力资源公司，信誉良莠不齐，都不能保证正常的补贴和返费，请工友仔细,True,https://www.fskzpw.com/cms/show-2670.html
2670,2026-06-25,2026,direct_hire_language,正式工,员工（派遣工）。3、郑州富士康同工同酬是什么意思？同工同酬就是和富士康正式工工作一样，工资标准一样工资标准如下：底薪2350元，加班另算，综合工资,True,https://www.fskzpw.com/cms/show-2670.html
2671,2026-07-08,2026,dispatch,派遣,工)⑴一次性稳岗奖金稳岗奖金享有期间，稳岗奖金发放办法如下：部门岗位老派遣工新派遣工制造部门关 键工站6000元+100奖金5500元+100奖,True,https://www.fskzpw.com/cms/show-2671.html
2671,2026-07-08,2026,dispatch,同工同酬,补贴确认书》为准（新老员工的界定标准详见文末说明）。一、发放标准1. 同工同酬发放说明：返费工的日常薪资按照同工同酬标准计发（同工同酬具体规定详见文,True,https://www.fskzpw.com/cms/show-2671.html
2671,2026-07-08,2026,direct_hire_language,直招,士康港区A事业群最新政策汇总：返费工最高6100元小时工最高27元小时直招补贴入职温馨提示：① 计划入职的求职者，请提前3天完成预约报名手续，未,True,https://www.fskzpw.com/cms/show-2671.html
2671,2026-07-08,2026,direct_hire_language,正式工,员工（派遣工）。3、郑州富士康同工同酬是什么意思？同工同酬就是和富士康正式工工作一样，工资标准一样工资标准如下：底薪2350元，加班另算，综合工资,True,https://www.fskzpw.com/cms/show-2671.html
2672,2026-07-12,2026,dispatch,派遣,工)⑴一次性稳岗奖金稳岗奖金享有期间，稳岗奖金发放办法如下：部门岗位老派遣工新派遣工制造部门关 键工站6000元+100奖金200路费补贴550,True,https://www.fskzpw.com/cms/show-2672.html
2672,2026-07-12,2026,dispatch,同工同酬,补贴确认书》为准（新老员工的界定标准详见文末说明）。一、发放标准1. 同工同酬发放说明：返费工的日常薪资按照同工同酬标准计发（同工同酬具体规定详见文,True,https://www.fskzpw.com/cms/show-2672.html
2672,2026-07-12,2026,direct_hire_language,直招,士康港区A事业群最新政策汇总：返费工最高6300元小时工最高27元小时直招补贴入职温馨提示：① 计划入职的求职者，请提前3天完成预约报名手续，未,True,https://www.fskzpw.com/cms/show-2672.html
2672,2026-07-12,2026,direct_hire_language,正式工,员工（派遣工）。3、郑州富士康同工同酬是什么意思？同工同酬就是和富士康正式工工作一样，工资标准一样工资标准如下：底薪2350元，加班另算，综合工资,True,https://www.fskzpw.com/cms/show-2672.html
2673,2026-07-20,2026,dispatch,派遣,工)⑴一次性稳岗奖金稳岗奖金享有期间，稳岗奖金发放办法如下：部门岗位老派遣工新派遣工制造部门关 键工站7000元+500奖金补贴6500元+50,True,https://www.fskzpw.com/cms/show-2673.html
2673,2026-07-20,2026,dispatch,同工同酬,补贴确认书》为准（新老员工的界定标准详见文末说明）。一、发放标准1. 同工同酬发放说明：返费工的日常薪资按照同工同酬标准计发（同工同酬具体规定详见文,True,https://www.fskzpw.com/cms/show-2673.html
2673,2026-07-20,2026,direct_hire_language,直招,士康港区A事业群最新政策汇总：返费工最高7100元小时工最高27元小时直招补贴，路费200元入职温馨提示：① 计划入职的求职者，请提前3天完成预,True,https://www.fskzpw.com/cms/show-2673.html
2673,2026-07-20,2026,direct_hire_language,正式工,员工（派遣工）。3、郑州富士康同工同酬是什么意思？同工同酬就是和富士康正式工工作一样，工资标准一样工资标准如下：底薪2350元，加班另算，综合工资,True,https://www.fskzpw.com/cms/show-2673.html
2674,2026-07-28,2026,dispatch,派遣,工)⑴一次性稳岗奖金稳岗奖金享有期间，稳岗奖金发放办法如下：部门岗位老派遣工新派遣工制造部门关 键工站7000元+500奖金补贴6500元+50,True,https://www.fskzpw.com/cms/show-2674.html
2674,2026-07-28,2026,dispatch,同工同酬,补贴确认书》为准（新老员工的界定标准详见文末说明）。一、发放标准1. 同工同酬发放说明：返费工的日常薪资按照同工同酬标准计发（同工同酬具体规定详见文,True,https://www.fskzpw.com/cms/show-2674.html
2674,2026-07-28,2026,direct_hire_language,直招,士康港区A事业群最新政策汇总：返费工最高7500元小时工最高28元小时直招补贴，路费200元入职温馨提示：① 计划入职的求职者，请提前3天完成预,True,https://www.fskzpw.com/cms/show-2674.html
2674,2026-07-28,2026,direct_hire_language,正式工,员工（派遣工）。3、郑州富士康同工同酬是什么意思？同工同酬就是和富士康正式工工作一样，工资标准一样工资标准如下：底薪2350元，加班另算，综合工资,True,https://www.fskzpw.com/cms/show-2674.html
2675,2026-07-31,2026,dispatch,派遣,工)⑴一次性稳岗奖金稳岗奖金享有期间，稳岗奖金发放办法如下：部门岗位老派遣工新派遣工制造部门关 键工站7000元+950奖金补贴6500元+95,True,https://www.fskzpw.com/cms/show-2675.html
2675,2026-07-31,2026,dispatch,同工同酬,补贴确认书》为准（新老员工的界定标准详见文末说明）。一、发放标准1. 同工同酬发放说明：返费工的日常薪资按照同工同酬标准计发（同工同酬具体规定详见文,True,https://www.fskzpw.com/cms/show-2675.html
2675,2026-07-31,2026,direct_hire_language,直招,士康港区A事业群最新政策汇总：返费工最高7950元小时工最高28元小时直招补贴，补贴650元入职温馨提示：① 计划入职的求职者，请提前3天完成预,True,https://www.fskzpw.com/cms/show-2675.html
2675,2026-07-31,2026,direct_hire_language,正式工,员工（派遣工）。3、郑州富士康同工同酬是什么意思？同工同酬就是和富士康正式工工作一样，工资标准一样工资标准如下：底薪2350元，加班另算，综合工资,True,https://www.fskzpw.com/cms/show-2675.html
2676,2026-08-02,2026,dispatch,派遣,工)⑴一次性稳岗奖金稳岗奖金享有期间，稳岗奖金发放办法如下：部门岗位老派遣工新派遣工制造部门关 键工站7500元+500奖金补贴7000元+50,True,https://www.fskzpw.com/cms/show-2676.html
2676,2026-08-02,2026,dispatch,同工同酬,补贴确认书》为准（新老员工的界定标准详见文末说明）。一、发放标准1. 同工同酬发放说明：返费工的日常薪资按照同工同酬标准计发（同工同酬具体规定详见文,True,https://www.fskzpw.com/cms/show-2676.html
2676,2026-08-02,2026,direct_hire_language,直招,士康港区A事业群最新政策汇总：返费工最高8000元小时工最高28元小时直招补贴入职温馨提示：① 计划入职的求职者，请提前3天完成预约报名手续，未,True,https://www.fskzpw.com/cms/show-2676.html
2676,2026-08-02,2026,direct_hire_language,正式工,员工（派遣工）。3、郑州富士康同工同酬是什么意思？同工同酬就是和富士康正式工工作一样，工资标准一样工资标准如下：底薪2350元，加班另算，综合工资,True,https://www.fskzpw.com/cms/show-2676.html
2677,2026-08-10,2026,dispatch,派遣,工)⑴一次性稳岗奖金稳岗奖金享有期间，稳岗奖金发放办法如下：部门岗位老派遣工新派遣工制造部门关 键工站7500元+300奖金补贴7000元+30,True,https://www.fskzpw.com/cms/show-2677.html
2677,2026-08-10,2026,dispatch,同工同酬,补贴确认书》为准（新老员工的界定标准详见文末说明）。一、发放标准1. 同工同酬发放说明：返费工的日常薪资按照同工同酬标准计发（同工同酬具体规定详见文,True,https://www.fskzpw.com/cms/show-2677.html
2677,2026-08-10,2026,direct_hire_language,直招,士康港区A事业群最新政策汇总：返费工最高7500元小时工最高27元小时直招补贴目前招募名额日趋紧张，返费工、小时工两大模式的薪资政策正实时动态调,True,https://www.fskzpw.com/cms/show-2677.html
2677,2026-08-10,2026,direct_hire_language,正式工,员工（派遣工）。3、郑州富士康同工同酬是什么意思？同工同酬就是和富士康正式工工作一样，工资标准一样工资标准如下：底薪2350元，加班另算，综合工资,True,https://www.fskzpw.com/cms/show-2677.html
2678,2026-08-15,2026,dispatch,派遣,发放政策1、岗位奖励标准本次返费工包含固定稳岗奖金+额外补贴，区分新老派遣工、部门及岗位，具体标准如下：1）制造部门关键工站：老派遣工7500元,True,https://www.fskzpw.com/cms/show-2678.html
2678,2026-08-15,2026,dispatch,同工同酬,入职当日签署的奖励确认书为准。2、薪资发放规则1）基础薪资：每月7号按同工同酬标准发放薪资，包含2350元底薪、加班费、夜班补贴等全部福利，薪资准时,True,https://www.fskzpw.com/cms/show-2678.html
2678,2026-08-15,2026,direct_hire_language,直招,综合工价标准（含补贴）1）制造部门关键工站：老派遣工26元/小时+2元直招补贴；新派遣工25元/小时+2元直招补贴2）制造部门一般工站（鸿富锦、,True,https://www.fskzpw.com/cms/show-2678.html
2678,2026-08-15,2026,direct_hire_language,正式工,员工（派遣工）。3、郑州富士康同工同酬是什么意思？同工同酬就是和富士康正式工工作一样，工资标准一样工资标准如下：底薪2350元，加班另算，综合工资,True,https://www.fskzpw.com/cms/show-2678.html
2679,2026-08-16,2026,dispatch,派遣,发放政策1. 岗位返费标准返费工实行稳岗奖金+额外补贴双福利模式，新老派遣工、不同岗位薪资标准不同，具体如下：（1）制造部门关键工站：老派遣工7,True,https://www.fskzpw.com/cms/show-2679.html
2679,2026-08-16,2026,dispatch,同工同酬,奖励金/补贴确认书》为准。2. 薪资发放规则（1）基础薪资：日常薪资按同工同酬标准发放，包含2350元底薪、加班费、夜班补贴等福利，每月7号准时发放,True,https://www.fskzpw.com/cms/show-2679.html
2679,2026-08-16,2026,direct_hire_language,直招,8-9月高价时薪标准（1）制造部门关键工站：老派遣工26元/小时+2元直招补贴，新派遣工25元/小时+2元直招补贴（2）制造部门一般工站：老派遣,True,https://www.fskzpw.com/cms/show-2679.html
2679,2026-08-16,2026,direct_hire_language,正式工,员工（派遣工）。3、郑州富士康同工同酬是什么意思？同工同酬就是和富士康正式工工作一样，工资标准一样工资标准如下：底薪2350元，加班另算，综合工资,True,https://www.fskzpw.com/cms/show-2679.html
2680,2026-08-19,2026,dispatch,派遣,工)⑴一次性稳岗奖金稳岗奖金享有期间，稳岗奖金发放办法如下：部门岗位老派遣工新派遣工制造部门关 键工站7500元+100奖金补贴7000元+10,True,https://www.fskzpw.com/cms/show-2680.html
2680,2026-08-19,2026,dispatch,同工同酬,补贴确认书》为准（新老员工的界定标准详见文末说明）。一、发放标准1. 同工同酬发放说明：返费工的日常薪资按照同工同酬标准计发（同工同酬具体规定详见文,True,https://www.fskzpw.com/cms/show-2680.html
2680,2026-08-19,2026,direct_hire_language,直招,：大幅提高补贴部门岗位老派遣工新派遣工制造部门关键工站26元/H+2元直招补贴25元/H+2元直招补贴一般工站鸿富锦富驰25元/H+2元直招补贴,True,https://www.fskzpw.com/cms/show-2680.html
2680,2026-08-19,2026,direct_hire_language,正式工,员工（派遣工）。3、郑州富士康同工同酬是什么意思？同工同酬就是和富士康正式工工作一样，工资标准一样工资标准如下：底薪2350元，加班另算，综合工资,True,https://www.fskzpw.com/cms/show-2680.html
853,2026-09-04,2026,dispatch,派遣,号准时发放基础薪资，无克扣、无延迟。岗位返费明细：制造部门关键工站，老派遣工可享7500元返费+100元补贴，新派遣工7000元返费+100元补,True,https://www.fskzpw.com/cms/show-853.html
853,2026-09-04,2026,dispatch,同工同酬,职黄金期。一、返费工模式（适合稳定在岗3个月以上求职者）返费工以“基础同工同酬薪资+高额稳岗返费+额外补贴”为薪资结构，日常薪资按月发放，稳岗期满发,True,https://www.fskzpw.com/cms/show-853.html
853,2026-09-04,2026,direct_hire_language,直招,职者。8-9月高价补贴明细：制造部门关键工站老派遣工26元/小时+2元直招补贴，新派遣工25元/小时+2元直招补贴；制造部门一般工站老员工25元,True,https://www.fskzpw.com/cms/show-853.html
853,2026-09-04,2026,direct_hire_language,正式工,员工（派遣工）。3、郑州富士康同工同酬是什么意思？同工同酬就是和富士康正式工工作一样，工资标准一样工资标准如下：底薪2350元，加班另算，综合工资,True,https://www.fskzpw.com/cms/show-853.html
853,2026-09-04,2026,direct_hire_language,无中介,模式，适配不同在岗时长的求职者，整体薪资高于月度平均水平，全程无扣费、无中介费、无隐形收费，真实靠谱。目前核心薪资标准如下：返费工最高7600元，,True,https://www.fskzpw.com/cms/show-853.html
2681,2026-09-21,2026,dispatch,派遣,工同酬+分期稳岗奖金综合收入折合总价如下：1 鸿富锦制造部门关键工站老派遣工:26元/H新派遣工:25元/H2 鸿富锦制造部门一般工站，富驰制造,True,https://www.fskzpw.com/cms/show-2681.html
2681,2026-09-21,2026,dispatch,同工同酬,择，按需规划上班时长方案1 返费工，目前返费工暂停招募方案2 小时工，同工同酬+分期稳岗奖金适合：计划长期稳定上班，想拿高时薪的工友薪资构成：同工同,True,https://www.fskzpw.com/cms/show-2681.html
2681,2026-09-21,2026,direct_hire_language,直招,的县市区地方所谓的招募招聘接待中心都是些小中介，并不是富士康签约指定的直招渠道人力资源公司，信誉良莠不齐，都不能保证正常的补贴和返费，请工友仔细,True,https://www.fskzpw.com/cms/show-2681.html
2681,2026-09-21,2026,direct_hire_language,正式工,员工（派遣工）。3、郑州富士康同工同酬是什么意思？同工同酬就是和富士康正式工工作一样，工资标准一样工资标准如下：底薪2350元，加班另算，综合工资,True,https://www.fskzpw.com/cms/show-2681.html
2682,2026-09-23,2026,dispatch,派遣,到拿到首次返费约104–120天（三个半月）岗位奖金区分：部门岗位 老派遣工 新派遣工制造关键工站 7000+300 6500+300制造一般工,True,https://www.fskzpw.com/cms/show-2682.html
2682,2026-09-23,2026,dispatch,同工同酬,个半月左右的工友日常工资：底薪2350元+加班费+夜班补贴，每月7号发同工同酬基本工资返费规则：1 满打卡30天，一次性发300元补贴2 满足在职打,True,https://www.fskzpw.com/cms/show-2682.html
2682,2026-09-23,2026,direct_hire_language,直招,商保扣费、不收服务费1.2 小时工｜最高27元/小时（26元基础+1元直招补贴）适合：计划干5个月左右，8-9月想拿高价的工友分期稳岗奖金政策截,True,https://www.fskzpw.com/cms/show-2682.html
2682,2026-09-23,2026,direct_hire_language,正式工,员工（派遣工）。3、郑州富士康同工同酬是什么意思？同工同酬就是和富士康正式工工作一样，工资标准一样工资标准如下：底薪2350元，加班另算，综合工资,True,https://www.fskzpw.com/cms/show-2682.html
2683,2026-09-24,2026,dispatch,派遣,工)⑴一次性稳岗奖金稳岗奖金享有期间，稳岗奖金发放办法如下：部门岗位老派遣工新派遣工制造部门关 键工站7000元+800奖金补贴6500元+80,True,https://www.fskzpw.com/cms/show-2683.html
2683,2026-09-24,2026,dispatch,同工同酬,补贴确认书》为准（新老员工的界定标准详见文末说明）。一、发放标准1. 同工同酬发放说明：返费工的日常薪资按照同工同酬标准计发（同工同酬具体规定详见文,True,https://www.fskzpw.com/cms/show-2683.html
2683,2026-09-24,2026,direct_hire_language,直招,士康港区A事业群最新政策汇总：返费工最高7800元小时工最高27元小时直招补贴+500限时补贴目前招募名额日趋紧张，返费工、小时工两大模式的薪资,True,https://www.fskzpw.com/cms/show-2683.html
2683,2026-09-24,2026,direct_hire_language,正式工,员工（派遣工）。3、郑州富士康同工同酬是什么意思？同工同酬就是和富士康正式工工作一样，工资标准一样工资标准如下：底薪2350元，加班另算，综合工资,True,https://www.fskzpw.com/cms/show-2683.html
